order_item_id,order_id,product_id,quantity,unit_price,line_total
1,1,113,2,590.85,1181.7
2,1,42,3,291.17,873.51
3,1,65,4,238.72,954.88
4,1,50,2,125.27,250.54
5,1,54,3,177.51,532.53
6,2,88,2,378.0,756.0
7,2,45,2,508.59,1017.18
8,2,118,3,742.97,2228.91
9,3,87,3,536.55,1609.65
10,3,96,4,732.78,2931.12
11,3,115,1,107.04,107.04
12,3,108,2,580.83,1161.66
15,5,66,3,810.21,2430.63
16,5,101,1,123.59,123.59
17,6,26,4,319.34,1277.36
18,6,80,3,803.34,2410.02
19,6,112,2,366.07,732.14
20,7,23,1,740.38,740.38
21,7,95,4,581.67,2326.68
24,9,9,4,94.61,378.44
25,9,101,2,123.59,247.18
26,9,65,3,238.72,716.16
27,9,21,3,167.95,503.85
28,9,54,4,177.51,710.04
29,10,116,2,633.37,1266.74
30,10,83,3,413.04,1239.12
31,11,117,3,232.58,697.74
32,12,66,2,810.21,1620.42
33,12,11,1,216.7,216.7
34,12,13,2,162.11,324.22
35,13,83,2,413.04,826.08
36,13,105,3,16.05,48.15
37,13,10,1,520.23,520.23
38,13,96,3,732.78,2198.34
39,14,56,1,614.64,614.64
40,14,41,1,117.93,117.93
41,14,3,1,404.17,404.17
42,14,50,1,125.27,125.27
43,15,49,1,307.38,307.38
44,15,51,2,546.45,1092.9
45,15,106,4,469.58,1878.32
46,15,85,3,209.42,628.26
47,16,19,4,600.64,2402.56
48,16,16,1,864.69,864.69
49,16,6,3,704.8,2114.4
50,16,1,2,50.31,100.62
51,16,74,2,427.63,855.26
52,17,109,4,677.52,2710.08
58,19,92,4,634.57,2538.28
59,19,95,3,581.67,1745.01
61,20,71,3,119.5,358.5
62,20,14,2,5.6,11.2
63,21,81,2,565.87,1131.74
64,21,4,3,373.72,1121.16
65,21,105,4,16.05,64.2
66,21,75,2,53.38,106.76
67,21,52,2,684.74,1369.48
68,22,51,3,546.45,1639.35
69,23,23,2,740.38,1480.76
70,23,73,4,337.65,1350.6
71,24,6,2,704.8,1409.6
72,24,86,3,333.09,999.27
74,26,84,3,896.53,2689.59
75,26,115,2,107.04,214.08
76,26,107,3,314.44,943.32
77,26,10,3,520.23,1560.69
78,26,67,4,650.54,2602.16
79,27,83,2,413.04,826.08
80,27,36,1,421.22,421.22
81,27,28,4,71.4,285.6
83,27,24,2,192.66,385.32
84,28,21,2,167.95,335.9
85,28,18,3,160.9,482.7
86,28,81,4,565.87,2263.48
87,28,66,1,810.21,810.21
88,28,6,3,704.8,2114.4
89,29,77,2,285.5,571.0
90,29,19,3,600.64,1801.92
91,29,102,3,820.54,2461.62
92,29,75,1,53.38,53.38
93,30,88,1,378.0,378.0
94,30,54,1,177.51,177.51
95,30,106,1,469.58,469.58
97,30,78,1,443.16,443.16
98,31,90,4,379.84,1519.36
99,32,13,2,162.11,324.22
100,32,55,1,826.63,826.63
101,32,18,4,160.9,643.6
102,32,33,1,91.79,91.79
103,32,62,1,806.45,806.45
104,33,53,2,283.45,566.9
105,33,47,3,365.65,1096.95
106,33,14,4,5.6,22.4
107,34,62,3,806.45,2419.35
108,34,23,4,740.38,2961.52
109,34,48,1,623.0,623.0
110,34,72,4,590.71,2362.84
111,34,33,2,91.79,183.58
112,35,21,4,167.95,671.8
113,36,9,3,94.61,283.83
114,37,37,2,602.98,1205.96
116,37,77,2,285.5,571.0
117,37,8,2,728.74,1457.48
118,37,100,1,622.45,622.45
122,39,78,4,443.16,1772.64
123,39,25,1,350.4,350.4
124,40,103,3,552.16,1656.48
125,41,62,4,806.45,3225.8
126,41,99,1,734.38,734.38
128,41,97,2,665.98,1331.96
129,41,44,2,105.69,211.38
131,42,37,1,602.98,602.98
132,42,12,2,853.06,1706.12
133,43,64,2,272.13,544.26
134,43,95,2,581.67,1163.34
135,44,16,1,864.69,864.69
136,45,109,4,677.52,2710.08
137,46,36,2,421.22,842.44
138,46,51,4,546.45,2185.8
139,46,29,1,536.65,536.65
140,46,97,4,665.98,2663.92
141,46,74,2,427.63,855.26
144,48,64,2,272.13,544.26
145,48,55,3,826.63,2479.89
148,50,64,3,272.13,816.39
149,50,18,3,160.9,482.7
150,50,115,1,107.04,107.04
151,50,109,2,677.52,1355.04
152,51,47,3,365.65,1096.95
153,51,72,4,590.71,2362.84
154,51,120,2,8.87,17.74
155,52,87,4,536.55,2146.2
156,52,66,4,810.21,3240.84
158,53,109,2,677.52,1355.04
159,53,117,3,232.58,697.74
160,53,10,3,520.23,1560.69
161,53,11,4,216.7,866.8
162,54,53,1,283.45,283.45
163,54,22,2,130.87,261.74
164,54,24,1,192.66,192.66
165,54,110,4,365.92,1463.68
166,55,68,3,352.5,1057.5
167,55,98,1,299.14,299.14
168,55,11,4,216.7,866.8
169,55,14,2,5.6,11.2
170,56,85,3,209.42,628.26
171,57,71,2,119.5,239.0
172,57,57,4,313.09,1252.36
173,57,18,4,160.9,643.6
174,58,57,3,313.09,939.27
177,60,71,3,119.5,358.5
178,61,107,1,314.44,314.44
179,61,49,2,307.38,614.76
180,61,29,3,536.65,1609.95
181,61,34,3,280.97,842.91
182,62,58,2,29.56,59.12
183,62,35,2,170.46,340.92
184,62,90,1,379.84,379.84
185,62,80,1,803.34,803.34
187,63,101,3,123.59,370.77
188,63,103,1,552.16,552.16
189,63,64,2,272.13,544.26
190,64,105,1,16.05,16.05
191,64,49,2,307.38,614.76
192,64,107,4,314.44,1257.76
193,65,50,3,125.27,375.81
194,65,88,1,378.0,378.0
195,65,40,1,854.57,854.57
196,65,120,3,8.87,26.61
197,66,42,3,291.17,873.51
198,66,2,4,347.53,1390.12
199,66,22,1,130.87,130.87
200,66,102,4,820.54,3282.16
201,67,44,1,105.69,105.69
202,67,120,2,8.87,17.74
203,67,98,1,299.14,299.14
204,67,81,2,565.87,1131.74
205,67,8,3,728.74,2186.22
206,68,33,1,91.79,91.79
207,68,116,4,633.37,2533.48
208,69,94,2,138.47,276.94
209,69,60,2,429.31,858.62
210,69,36,3,421.22,1263.66
212,71,25,2,350.4,700.8
213,71,68,3,352.5,1057.5
214,71,88,3,378.0,1134.0
215,71,64,1,272.13,272.13
216,72,5,4,183.5,734.0
217,73,2,2,347.53,695.06
218,74,72,4,590.71,2362.84
219,74,96,1,732.78,732.78
220,74,114,3,302.11,906.33
221,75,13,2,162.11,324.22
223,75,30,4,145.6,582.4
224,75,69,3,655.25,1965.75
225,75,50,4,125.27,501.08
226,76,77,3,285.5,856.5
227,76,57,3,313.09,939.27
228,76,120,4,8.87,35.48
229,76,46,4,241.39,965.56
230,76,116,3,633.37,1900.11
231,77,47,1,365.65,365.65
232,77,58,3,29.56,88.68
233,77,51,2,546.45,1092.9
237,79,52,1,684.74,684.74
238,79,73,4,337.65,1350.6
239,79,118,1,742.97,742.97
240,79,28,3,71.4,214.2
241,79,94,4,138.47,553.88
246,81,58,1,29.56,29.56
247,81,97,3,665.98,1997.94
248,81,77,2,285.5,571.0
249,81,74,1,427.63,427.63
250,82,100,2,622.45,1244.9
251,82,90,2,379.84,759.68
252,82,17,2,275.07,550.14
253,82,98,2,299.14,598.28
254,83,86,4,333.09,1332.36
255,84,22,4,130.87,523.48
256,84,45,4,508.59,2034.36
259,85,19,3,600.64,1801.92
260,85,112,1,366.07,366.07
261,85,107,2,314.44,628.88
262,85,105,3,16.05,48.15
263,86,75,1,53.38,53.38
264,86,116,1,633.37,633.37
265,86,85,3,209.42,628.26
266,86,68,1,352.5,352.5
267,87,30,1,145.6,145.6
268,87,49,4,307.38,1229.52
269,87,66,1,810.21,810.21
270,87,91,4,707.35,2829.4
271,88,51,3,546.45,1639.35
272,88,96,3,732.78,2198.34
273,88,21,2,167.95,335.9
274,88,3,3,404.17,1212.51
275,89,72,3,590.71,1772.13
276,90,112,2,366.07,732.14
277,90,81,4,565.87,2263.48
278,90,88,3,378.0,1134.0
279,90,30,2,145.6,291.2
280,90,54,2,177.51,355.02
281,91,117,2,232.58,465.16
282,91,18,1,160.9,160.9
283,91,56,2,614.64,1229.28
284,91,99,3,734.38,2203.14
285,91,19,4,600.64,2402.56
286,92,24,3,192.66,577.98
287,92,4,2,373.72,747.44
288,93,65,4,238.72,954.88
289,93,109,3,677.52,2032.56
290,94,98,4,299.14,1196.56
291,94,2,2,347.53,695.06
292,94,119,1,696.06,696.06
293,94,35,4,170.46,681.84
294,95,78,4,443.16,1772.64
295,96,67,1,650.54,650.54
296,97,72,4,590.71,2362.84
297,98,100,4,622.45,2489.8
298,98,106,3,469.58,1408.74
299,98,37,1,602.98,602.98
300,99,100,2,622.45,1244.9
301,99,75,3,53.38,160.14
302,100,89,2,627.19,1254.38
303,100,84,1,896.53,896.53
304,100,117,4,232.58,930.32
305,101,21,2,167.95,335.9
306,101,49,2,307.38,614.76
307,101,71,2,119.5,239.0
308,101,6,1,704.8,704.8
309,101,99,3,734.38,2203.14
311,102,80,4,803.34,3213.36
312,103,59,1,584.4,584.4
313,103,53,3,283.45,850.35
314,103,57,2,313.09,626.18
315,103,11,2,216.7,433.4
316,104,43,1,771.67,771.67
317,104,118,2,742.97,1485.94
318,104,12,3,853.06,2559.18
319,105,120,3,8.87,26.61
320,105,5,4,183.5,734.0
321,105,12,4,853.06,3412.24
322,106,68,2,352.5,705.0
323,106,53,1,283.45,283.45
324,106,27,1,408.89,408.89
325,107,68,3,352.5,1057.5
326,107,74,4,427.63,1710.52
327,107,80,4,803.34,3213.36
328,108,16,1,864.69,864.69
330,109,43,3,771.67,2315.01
331,109,45,1,508.59,508.59
332,109,72,3,590.71,1772.13
334,111,62,4,806.45,3225.8
336,112,72,2,590.71,1181.42
337,112,69,3,655.25,1965.75
338,112,3,3,404.17,1212.51
339,113,108,2,580.83,1161.66
340,113,22,3,130.87,392.61
341,113,74,3,427.63,1282.89
342,113,78,3,443.16,1329.48
343,113,50,4,125.27,501.08
344,114,48,1,623.0,623.0
346,115,25,1,350.4,350.4
347,115,44,2,105.69,211.38
348,115,119,1,696.06,696.06
350,116,67,3,650.54,1951.62
351,117,69,4,655.25,2621.0
352,117,41,3,117.93,353.79
353,117,99,3,734.38,2203.14
354,118,41,3,117.93,353.79
355,118,35,2,170.46,340.92
356,118,19,3,600.64,1801.92
357,118,91,1,707.35,707.35
358,118,103,4,552.16,2208.64
359,119,115,4,107.04,428.16
360,119,76,3,133.18,399.54
361,119,81,2,565.87,1131.74
362,119,108,1,580.83,580.83
363,119,89,4,627.19,2508.76
364,120,61,3,549.46,1648.38
365,120,30,4,145.6,582.4
366,120,29,3,536.65,1609.95
367,120,19,3,600.64,1801.92
368,121,37,3,602.98,1808.94
369,121,99,2,734.38,1468.76
370,122,69,4,655.25,2621.0
371,122,60,2,429.31,858.62
372,122,52,4,684.74,2738.96
373,123,70,2,761.64,1523.28
374,123,89,1,627.19,627.19
375,123,31,4,271.16,1084.64
376,124,9,4,94.61,378.44
377,124,77,1,285.5,285.5
378,124,14,2,5.6,11.2
379,124,88,1,378.0,378.0
380,125,26,3,319.34,958.02
381,125,27,3,408.89,1226.67
382,125,88,4,378.0,1512.0
383,125,113,3,590.85,1772.55
385,127,81,4,565.87,2263.48
386,127,41,2,117.93,235.86
387,127,92,4,634.57,2538.28
388,127,49,4,307.38,1229.52
389,128,18,1,160.9,160.9
390,128,2,2,347.53,695.06
391,129,111,4,771.64,3086.56
392,129,59,4,584.4,2337.6
393,129,115,4,107.04,428.16
394,129,101,2,123.59,247.18
400,131,88,3,378.0,1134.0
401,132,74,3,427.63,1282.89
402,132,94,3,138.47,415.41
403,132,43,1,771.67,771.67
404,132,54,3,177.51,532.53
405,133,104,1,828.75,828.75
406,133,95,1,581.67,581.67
407,133,80,1,803.34,803.34
408,134,78,2,443.16,886.32
410,135,24,2,192.66,385.32
411,136,31,2,271.16,542.32
412,136,85,3,209.42,628.26
413,136,57,3,313.09,939.27
419,138,33,4,91.79,367.16
420,139,41,1,117.93,117.93
422,140,25,1,350.4,350.4
423,140,5,2,183.5,367.0
424,140,4,1,373.72,373.72
430,142,34,3,280.97,842.91
431,143,14,4,5.6,22.4
432,143,19,1,600.64,600.64
433,143,70,3,761.64,2284.92
434,143,99,1,734.38,734.38
435,144,120,1,8.87,8.87
436,145,91,4,707.35,2829.4
437,145,99,1,734.38,734.38
439,145,62,4,806.45,3225.8
440,145,56,3,614.64,1843.92
441,146,11,3,216.7,650.1
442,146,108,2,580.83,1161.66
443,146,59,4,584.4,2337.6
444,147,114,4,302.11,1208.44
445,148,50,3,125.27,375.81
446,148,9,4,94.61,378.44
447,148,102,1,820.54,820.54
448,148,70,1,761.64,761.64
449,149,59,2,584.4,1168.8
450,149,87,1,536.55,536.55
451,149,112,4,366.07,1464.28
452,149,69,4,655.25,2621.0
454,150,59,2,584.4,1168.8
455,151,29,3,536.65,1609.95
456,151,9,4,94.61,378.44
457,151,103,2,552.16,1104.32
458,151,26,2,319.34,638.68
459,151,55,2,826.63,1653.26
462,153,114,4,302.11,1208.44
463,153,37,2,602.98,1205.96
464,153,54,3,177.51,532.53
465,153,89,4,627.19,2508.76
466,153,104,2,828.75,1657.5
467,154,45,2,508.59,1017.18
468,154,54,1,177.51,177.51
469,154,1,2,50.31,100.62
470,155,88,4,378.0,1512.0
471,155,109,2,677.52,1355.04
473,156,104,1,828.75,828.75
474,156,114,2,302.11,604.22
475,157,76,2,133.18,266.36
476,157,75,3,53.38,160.14
477,157,42,1,291.17,291.17
478,157,54,1,177.51,177.51
480,158,7,4,247.03,988.12
481,158,114,4,302.11,1208.44
482,158,56,3,614.64,1843.92
483,158,19,2,600.64,1201.28
484,159,59,3,584.4,1753.2
485,159,54,3,177.51,532.53
486,159,22,2,130.87,261.74
487,159,98,2,299.14,598.28
488,160,2,2,347.53,695.06
489,160,94,4,138.47,553.88
490,160,55,2,826.63,1653.26
496,162,91,1,707.35,707.35
497,162,59,4,584.4,2337.6
498,163,91,1,707.35,707.35
499,163,82,3,348.27,1044.81
500,163,1,3,50.31,150.93
501,163,111,3,771.64,2314.92
502,164,95,3,581.67,1745.01
503,164,120,1,8.87,8.87
504,164,8,4,728.74,2914.96
505,165,43,1,771.67,771.67
506,165,31,2,271.16,542.32
507,166,36,3,421.22,1263.66
508,166,7,1,247.03,247.03
509,166,9,3,94.61,283.83
510,166,48,3,623.0,1869.0
511,167,11,4,216.7,866.8
512,168,64,2,272.13,544.26
514,169,38,2,757.5,1515.0
515,170,84,3,896.53,2689.59
516,170,83,4,413.04,1652.16
517,170,101,2,123.59,247.18
518,171,99,2,734.38,1468.76
519,171,109,4,677.52,2710.08
520,171,7,2,247.03,494.06
521,172,21,1,167.95,167.95
522,172,31,3,271.16,813.48
523,173,45,4,508.59,2034.36
524,173,19,2,600.64,1201.28
525,173,48,1,623.0,623.0
526,174,1,3,50.31,150.93
527,174,95,3,581.67,1745.01
528,175,44,4,105.69,422.76
529,175,89,2,627.19,1254.38
530,175,15,1,58.29,58.29
531,175,94,4,138.47,553.88
534,177,51,1,546.45,546.45
535,177,25,3,350.4,1051.2
537,177,41,3,117.93,353.79
538,177,78,3,443.16,1329.48
539,178,103,4,552.16,2208.64
540,178,57,4,313.09,1252.36
541,178,37,1,602.98,602.98
542,178,21,3,167.95,503.85
543,179,12,3,853.06,2559.18
544,179,1,4,50.31,201.24
545,179,53,2,283.45,566.9
546,179,82,4,348.27,1393.08
547,180,95,1,581.67,581.67
548,180,60,3,429.31,1287.93
549,180,29,4,536.65,2146.6
550,180,4,3,373.72,1121.16
551,180,102,4,820.54,3282.16
552,181,77,3,285.5,856.5
553,182,48,1,623.0,623.0
554,183,46,1,241.39,241.39
555,183,21,4,167.95,671.8
556,184,66,2,810.21,1620.42
557,185,35,3,170.46,511.38
558,185,88,3,378.0,1134.0
559,185,90,1,379.84,379.84
560,186,14,2,5.6,11.2
561,186,28,2,71.4,142.8
562,187,54,4,177.51,710.04
563,188,18,3,160.9,482.7
564,188,105,3,16.05,48.15
565,188,57,1,313.09,313.09
566,189,55,1,826.63,826.63
567,190,76,3,133.18,399.54
568,190,8,3,728.74,2186.22
569,190,61,1,549.46,549.46
570,190,16,2,864.69,1729.38
571,190,117,2,232.58,465.16
572,191,45,2,508.59,1017.18
573,191,46,1,241.39,241.39
574,191,21,1,167.95,167.95
575,191,110,2,365.92,731.84
576,191,65,2,238.72,477.44
581,193,64,3,272.13,816.39
582,193,98,1,299.14,299.14
583,194,29,4,536.65,2146.6
584,194,71,1,119.5,119.5
585,194,53,4,283.45,1133.8
586,194,38,3,757.5,2272.5
587,195,16,2,864.69,1729.38
588,196,9,2,94.61,189.22
589,196,47,4,365.65,1462.6
590,197,76,4,133.18,532.72
591,197,35,4,170.46,681.84
592,197,97,3,665.98,1997.94
593,197,102,4,820.54,3282.16
594,197,103,3,552.16,1656.48
595,198,64,1,272.13,272.13
596,199,98,1,299.14,299.14
597,200,65,1,238.72,238.72
598,200,34,1,280.97,280.97
599,200,70,1,761.64,761.64
600,200,44,3,105.69,317.07
601,201,114,4,302.11,1208.44
602,201,91,3,707.35,2122.05
603,201,22,4,130.87,523.48
604,202,8,4,728.74,2914.96
605,202,51,3,546.45,1639.35
606,202,34,3,280.97,842.91
607,202,64,1,272.13,272.13
608,202,76,2,133.18,266.36
609,203,13,4,162.11,648.44
610,203,55,2,826.63,1653.26
611,203,45,3,508.59,1525.77
612,203,46,1,241.39,241.39
617,205,65,3,238.72,716.16
618,205,104,3,828.75,2486.25
619,205,98,4,299.14,1196.56
620,205,86,1,333.09,333.09
621,206,103,1,552.16,552.16
622,206,29,1,536.65,536.65
623,206,80,3,803.34,2410.02
624,206,96,4,732.78,2931.12
625,207,41,4,117.93,471.72
626,207,26,2,319.34,638.68
627,207,54,2,177.51,355.02
628,207,52,2,684.74,1369.48
629,207,33,4,91.79,367.16
630,208,67,2,650.54,1301.08
631,209,82,2,348.27,696.54
632,210,31,1,271.16,271.16
633,210,15,3,58.29,174.87
635,210,25,2,350.4,700.8
637,212,115,1,107.04,107.04
638,212,47,2,365.65,731.3
639,212,86,1,333.09,333.09
640,212,85,3,209.42,628.26
641,213,95,4,581.67,2326.68
642,213,50,1,125.27,125.27
643,213,104,3,828.75,2486.25
644,213,96,3,732.78,2198.34
645,213,31,1,271.16,271.16
646,214,36,2,421.22,842.44
647,214,113,3,590.85,1772.55
648,215,89,2,627.19,1254.38
649,216,111,1,771.64,771.64
650,216,31,4,271.16,1084.64
651,216,110,3,365.92,1097.76
652,216,57,2,313.09,626.18
653,216,50,2,125.27,250.54
654,217,106,4,469.58,1878.32
655,218,106,2,469.58,939.16
656,219,59,1,584.4,584.4
657,219,89,2,627.19,1254.38
659,220,109,4,677.52,2710.08
660,220,77,3,285.5,856.5
661,221,103,1,552.16,552.16
662,221,37,2,602.98,1205.96
663,221,26,4,319.34,1277.36
664,222,81,2,565.87,1131.74
665,222,30,2,145.6,291.2
666,222,117,4,232.58,930.32
667,222,12,2,853.06,1706.12
668,222,60,3,429.31,1287.93
669,223,106,2,469.58,939.16
670,223,87,2,536.55,1073.1
671,223,64,3,272.13,816.39
672,223,16,4,864.69,3458.76
673,224,54,4,177.51,710.04
674,224,24,1,192.66,192.66
675,225,11,3,216.7,650.1
676,225,2,4,347.53,1390.12
677,225,61,4,549.46,2197.84
678,225,18,3,160.9,482.7
680,226,86,3,333.09,999.27
681,226,103,3,552.16,1656.48
682,227,113,1,590.85,590.85
683,227,60,4,429.31,1717.24
684,227,17,1,275.07,275.07
685,228,116,3,633.37,1900.11
686,228,113,4,590.85,2363.4
687,228,34,3,280.97,842.91
688,229,7,2,247.03,494.06
689,229,25,3,350.4,1051.2
691,229,30,4,145.6,582.4
694,231,75,2,53.38,106.76
695,231,1,1,50.31,50.31
696,232,51,3,546.45,1639.35
697,233,59,1,584.4,584.4
698,233,81,1,565.87,565.87
699,233,35,4,170.46,681.84
700,233,77,2,285.5,571.0
701,234,71,4,119.5,478.0
702,235,50,4,125.27,501.08
703,235,100,2,622.45,1244.9
704,236,86,3,333.09,999.27
705,236,13,4,162.11,648.44
706,236,107,4,314.44,1257.76
707,237,24,1,192.66,192.66
708,237,56,4,614.64,2458.56
709,237,81,2,565.87,1131.74
710,237,55,1,826.63,826.63
711,237,12,4,853.06,3412.24
712,238,108,4,580.83,2323.32
714,238,67,1,650.54,650.54
715,239,3,2,404.17,808.34
716,239,15,4,58.29,233.16
717,239,95,4,581.67,2326.68
718,239,85,3,209.42,628.26
719,239,60,4,429.31,1717.24
720,240,28,1,71.4,71.4
721,240,24,3,192.66,577.98
725,242,39,1,431.24,431.24
726,242,12,2,853.06,1706.12
727,242,17,2,275.07,550.14
728,243,25,2,350.4,700.8
729,243,12,1,853.06,853.06
730,243,39,2,431.24,862.48
731,243,99,4,734.38,2937.52
732,243,60,4,429.31,1717.24
733,244,7,4,247.03,988.12
734,244,43,4,771.67,3086.68
735,244,2,3,347.53,1042.59
736,244,14,4,5.6,22.4
737,245,55,3,826.63,2479.89
738,246,83,1,413.04,413.04
739,246,45,2,508.59,1017.18
740,246,58,4,29.56,118.24
741,246,90,2,379.84,759.68
742,246,56,3,614.64,1843.92
743,247,54,3,177.51,532.53
744,247,107,2,314.44,628.88
745,247,87,3,536.55,1609.65
746,247,84,1,896.53,896.53
747,248,64,1,272.13,272.13
748,248,39,3,431.24,1293.72
749,248,31,3,271.16,813.48
750,248,27,2,408.89,817.78
751,249,16,2,864.69,1729.38
752,249,72,3,590.71,1772.13
758,251,98,1,299.14,299.14
759,251,65,3,238.72,716.16
760,251,64,2,272.13,544.26
761,251,94,2,138.47,276.94
762,252,37,1,602.98,602.98
763,252,65,4,238.72,954.88
764,252,22,2,130.87,261.74
765,253,115,3,107.04,321.12
766,253,59,4,584.4,2337.6
767,253,110,1,365.92,365.92
768,253,67,1,650.54,650.54
769,254,85,2,209.42,418.84
771,255,39,2,431.24,862.48
773,255,96,4,732.78,2931.12
774,255,41,4,117.93,471.72
775,256,67,3,650.54,1951.62
776,256,70,3,761.64,2284.92
777,257,34,4,280.97,1123.88
778,257,31,1,271.16,271.16
779,257,107,3,314.44,943.32
780,257,100,3,622.45,1867.35
781,257,39,1,431.24,431.24
782,258,73,2,337.65,675.3
783,258,92,3,634.57,1903.71
784,258,115,2,107.04,214.08
785,258,81,2,565.87,1131.74
786,258,86,2,333.09,666.18
787,259,12,1,853.06,853.06
788,260,76,4,133.18,532.72
789,260,72,4,590.71,2362.84
790,260,67,4,650.54,2602.16
791,260,100,4,622.45,2489.8
792,261,17,1,275.07,275.07
793,261,91,4,707.35,2829.4
794,261,66,2,810.21,1620.42
795,261,111,3,771.64,2314.92
796,262,6,1,704.8,704.8
797,262,67,3,650.54,1951.62
800,263,24,1,192.66,192.66
801,263,105,4,16.05,64.2
802,264,17,4,275.07,1100.28
803,264,98,4,299.14,1196.56
804,264,18,3,160.9,482.7
805,264,65,4,238.72,954.88
806,264,82,4,348.27,1393.08
807,265,91,3,707.35,2122.05
808,265,4,1,373.72,373.72
809,266,65,2,238.72,477.44
810,266,115,3,107.04,321.12
811,266,3,2,404.17,808.34
812,266,16,4,864.69,3458.76
813,267,44,4,105.69,422.76
814,268,70,2,761.64,1523.28
815,269,8,3,728.74,2186.22
817,270,7,2,247.03,494.06
818,271,35,1,170.46,170.46
819,272,35,1,170.46,170.46
820,273,109,2,677.52,1355.04
821,274,117,1,232.58,232.58
822,274,72,3,590.71,1772.13
824,274,6,3,704.8,2114.4
825,275,37,1,602.98,602.98
826,275,6,4,704.8,2819.2
827,275,21,2,167.95,335.9
828,275,95,3,581.67,1745.01
829,275,69,2,655.25,1310.5
830,276,35,3,170.46,511.38
832,276,85,1,209.42,209.42
833,276,42,1,291.17,291.17
834,277,69,1,655.25,655.25
844,280,17,3,275.07,825.21
845,281,89,3,627.19,1881.57
846,282,110,3,365.92,1097.76
847,283,114,2,302.11,604.22
848,284,11,1,216.7,216.7
849,284,113,2,590.85,1181.7
850,284,74,4,427.63,1710.52
852,286,31,3,271.16,813.48
853,286,44,2,105.69,211.38
854,286,107,4,314.44,1257.76
855,286,7,4,247.03,988.12
856,287,101,2,123.59,247.18
857,288,87,1,536.55,536.55
858,289,111,1,771.64,771.64
859,289,77,4,285.5,1142.0
861,291,17,4,275.07,1100.28
862,291,82,4,348.27,1393.08
863,291,66,2,810.21,1620.42
864,291,33,1,91.79,91.79
865,291,46,4,241.39,965.56
866,292,19,3,600.64,1801.92
867,292,61,3,549.46,1648.38
868,293,110,2,365.92,731.84
869,293,7,2,247.03,494.06
870,293,55,3,826.63,2479.89
871,293,45,4,508.59,2034.36
872,293,26,4,319.34,1277.36
875,295,104,2,828.75,1657.5
876,295,95,1,581.67,581.67
877,295,49,1,307.38,307.38
878,296,6,2,704.8,1409.6
879,296,4,2,373.72,747.44
880,296,26,2,319.34,638.68
881,297,3,2,404.17,808.34
882,298,48,3,623.0,1869.0
883,298,104,4,828.75,3315.0
884,299,89,4,627.19,2508.76
885,299,48,2,623.0,1246.0
886,299,41,2,117.93,235.86
887,299,77,3,285.5,856.5
888,300,114,4,302.11,1208.44
890,300,27,3,408.89,1226.67
891,300,94,4,138.47,553.88
892,300,11,3,216.7,650.1
893,301,84,2,896.53,1793.06
894,301,5,2,183.5,367.0
895,301,27,3,408.89,1226.67
896,301,29,4,536.65,2146.6
897,301,115,3,107.04,321.12
898,302,75,4,53.38,213.52
899,302,6,3,704.8,2114.4
900,303,4,3,373.72,1121.16
901,303,23,3,740.38,2221.14
902,303,57,3,313.09,939.27
903,303,30,1,145.6,145.6
904,304,43,3,771.67,2315.01
905,304,26,3,319.34,958.02
910,306,105,4,16.05,64.2
911,306,60,4,429.31,1717.24
912,306,44,1,105.69,105.69
913,307,44,4,105.69,422.76
914,307,29,4,536.65,2146.6
915,307,54,3,177.51,532.53
916,308,73,4,337.65,1350.6
917,308,81,2,565.87,1131.74
918,308,103,1,552.16,552.16
919,309,12,2,853.06,1706.12
920,309,22,4,130.87,523.48
921,309,14,2,5.6,11.2
922,310,59,1,584.4,584.4
923,311,69,4,655.25,2621.0
924,311,54,4,177.51,710.04
925,312,21,2,167.95,335.9
926,312,78,4,443.16,1772.64
927,312,74,1,427.63,427.63
928,312,40,4,854.57,3418.28
929,313,59,1,584.4,584.4
930,313,60,4,429.31,1717.24
931,313,74,3,427.63,1282.89
932,313,6,2,704.8,1409.6
933,314,90,1,379.84,379.84
934,314,73,1,337.65,337.65
935,315,117,4,232.58,930.32
936,315,64,1,272.13,272.13
937,316,22,1,130.87,130.87
938,316,33,1,91.79,91.79
939,316,27,4,408.89,1635.56
940,316,65,4,238.72,954.88
941,317,86,4,333.09,1332.36
942,317,96,1,732.78,732.78
943,317,60,2,429.31,858.62
944,318,78,1,443.16,443.16
945,319,87,3,536.55,1609.65
946,320,90,1,379.84,379.84
947,320,7,3,247.03,741.09
948,320,108,1,580.83,580.83
949,320,82,4,348.27,1393.08
950,321,2,3,347.53,1042.59
952,322,22,3,130.87,392.61
953,323,16,3,864.69,2594.07
954,323,30,1,145.6,145.6
956,323,14,4,5.6,22.4
957,324,39,1,431.24,431.24
958,324,99,2,734.38,1468.76
959,324,77,1,285.5,285.5
960,324,64,4,272.13,1088.52
961,325,109,1,677.52,677.52
962,325,86,4,333.09,1332.36
963,325,62,2,806.45,1612.9
964,326,40,2,854.57,1709.14
965,327,26,2,319.34,638.68
967,327,49,4,307.38,1229.52
968,328,102,1,820.54,820.54
969,328,54,3,177.51,532.53
970,328,83,2,413.04,826.08
971,328,105,2,16.05,32.1
972,328,37,2,602.98,1205.96
973,329,9,2,94.61,189.22
974,329,25,2,350.4,700.8
975,329,7,2,247.03,494.06
976,329,82,1,348.27,348.27
977,330,39,4,431.24,1724.96
978,330,37,2,602.98,1205.96
979,331,55,4,826.63,3306.52
980,331,65,4,238.72,954.88
982,331,95,1,581.67,581.67
983,332,60,4,429.31,1717.24
984,332,40,4,854.57,3418.28
985,332,59,2,584.4,1168.8
986,332,37,2,602.98,1205.96
991,334,66,3,810.21,2430.63
992,334,91,4,707.35,2829.4
994,335,78,2,443.16,886.32
996,335,88,4,378.0,1512.0
997,336,22,3,130.87,392.61
998,336,107,4,314.44,1257.76
999,336,55,4,826.63,3306.52
1000,336,33,1,91.79,91.79
1001,337,120,4,8.87,35.48
1002,337,96,1,732.78,732.78
1008,339,57,1,313.09,313.09
1009,339,81,2,565.87,1131.74
1010,339,117,1,232.58,232.58
1011,339,80,3,803.34,2410.02
1012,340,8,3,728.74,2186.22
1013,341,49,3,307.38,922.14
1014,342,41,3,117.93,353.79
1015,342,105,4,16.05,64.2
1016,342,31,3,271.16,813.48
1017,343,4,1,373.72,373.72
1018,343,78,3,443.16,1329.48
1019,344,66,1,810.21,810.21
1020,344,53,3,283.45,850.35
1021,344,85,3,209.42,628.26
1022,344,25,3,350.4,1051.2
1023,345,55,1,826.63,826.63
1024,345,120,3,8.87,26.61
1025,345,61,2,549.46,1098.92
1026,346,39,4,431.24,1724.96
1027,347,22,1,130.87,130.87
1028,347,97,1,665.98,665.98
1029,348,86,1,333.09,333.09
1030,348,61,4,549.46,2197.84
1031,348,115,3,107.04,321.12
1032,349,84,4,896.53,3586.12
1033,349,83,2,413.04,826.08
1034,349,101,3,123.59,370.77
1035,349,72,1,590.71,590.71
1036,350,49,1,307.38,307.38
1037,350,74,2,427.63,855.26
1038,350,95,4,581.67,2326.68
1039,351,14,1,5.6,5.6
1040,351,51,4,546.45,2185.8
1046,353,109,2,677.52,1355.04
1047,353,94,1,138.47,138.47
1048,354,3,4,404.17,1616.68
1049,354,71,4,119.5,478.0
1050,355,90,4,379.84,1519.36
1051,355,110,3,365.92,1097.76
1052,356,84,4,896.53,3586.12
1053,356,21,3,167.95,503.85
1054,356,74,2,427.63,855.26
1055,356,18,2,160.9,321.8
1056,357,49,2,307.38,614.76
1057,357,55,1,826.63,826.63
1058,358,76,4,133.18,532.72
1059,358,56,1,614.64,614.64
1061,359,100,4,622.45,2489.8
1062,360,16,4,864.69,3458.76
1063,361,36,2,421.22,842.44
1064,361,89,4,627.19,2508.76
1065,361,96,2,732.78,1465.56
1066,361,13,1,162.11,162.11
1067,362,72,4,590.71,2362.84
1068,362,105,1,16.05,16.05
1069,362,69,2,655.25,1310.5
1070,362,101,1,123.59,123.59
1072,364,65,3,238.72,716.16
1073,365,116,4,633.37,2533.48
1074,365,101,4,123.59,494.36
1075,365,38,3,757.5,2272.5
1076,365,85,2,209.42,418.84
1077,365,69,1,655.25,655.25
1078,366,76,3,133.18,399.54
1079,366,46,4,241.39,965.56
1080,367,87,2,536.55,1073.1
1081,367,55,1,826.63,826.63
1082,367,89,3,627.19,1881.57
1083,368,78,3,443.16,1329.48
1084,368,21,4,167.95,671.8
1085,368,54,2,177.51,355.02
1086,368,106,1,469.58,469.58
1088,369,2,2,347.53,695.06
1089,369,13,1,162.11,162.11
1090,369,49,1,307.38,307.38
1091,370,111,1,771.64,771.64
1092,370,37,2,602.98,1205.96
1093,370,71,4,119.5,478.0
1094,370,35,4,170.46,681.84
1095,370,78,2,443.16,886.32
1096,371,95,3,581.67,1745.01
1097,371,35,2,170.46,340.92
1098,371,7,4,247.03,988.12
1099,371,118,2,742.97,1485.94
1101,372,40,1,854.57,854.57
1102,372,82,4,348.27,1393.08
1103,373,22,1,130.87,130.87
1104,374,87,2,536.55,1073.1
1105,374,66,1,810.21,810.21
1106,374,120,2,8.87,17.74
1107,374,94,1,138.47,138.47
1108,375,88,2,378.0,756.0
1109,375,78,3,443.16,1329.48
1110,375,6,3,704.8,2114.4
1111,375,58,4,29.56,118.24
1112,375,22,2,130.87,261.74
1113,376,38,3,757.5,2272.5
1120,378,16,2,864.69,1729.38
1121,379,14,4,5.6,22.4
1122,379,57,3,313.09,939.27
1123,379,85,1,209.42,209.42
1124,380,54,1,177.51,177.51
1125,380,96,2,732.78,1465.56
1126,380,43,3,771.67,2315.01
1127,380,116,4,633.37,2533.48
1128,381,65,4,238.72,954.88
1130,381,119,3,696.06,2088.18
1131,381,95,2,581.67,1163.34
1132,382,11,2,216.7,433.4
1133,382,98,2,299.14,598.28
1134,382,55,1,826.63,826.63
1136,383,25,2,350.4,700.8
1137,383,110,2,365.92,731.84
1138,384,111,1,771.64,771.64
1139,385,66,4,810.21,3240.84
1141,386,41,3,117.93,353.79
1142,386,115,4,107.04,428.16
1143,386,7,1,247.03,247.03
1144,387,88,2,378.0,756.0
1145,388,27,1,408.89,408.89
1146,388,75,2,53.38,106.76
1147,388,50,1,125.27,125.27
1148,389,10,3,520.23,1560.69
1149,390,25,3,350.4,1051.2
1150,390,54,3,177.51,532.53
1151,391,68,1,352.5,352.5
1152,391,120,3,8.87,26.61
1153,391,65,2,238.72,477.44
1154,391,102,1,820.54,820.54
1155,392,10,4,520.23,2080.92
1156,392,22,4,130.87,523.48
1157,392,57,3,313.09,939.27
1158,392,97,1,665.98,665.98
1159,392,66,2,810.21,1620.42
1160,393,34,3,280.97,842.91
1161,393,39,2,431.24,862.48
1162,393,110,2,365.92,731.84
1163,393,29,2,536.65,1073.3
1164,393,38,3,757.5,2272.5
1165,394,69,1,655.25,655.25
1166,394,15,3,58.29,174.87
1167,395,38,1,757.5,757.5
1168,395,42,2,291.17,582.34
1169,395,8,3,728.74,2186.22
1170,395,81,1,565.87,565.87
1171,395,105,1,16.05,16.05
1172,396,27,3,408.89,1226.67
1173,396,105,4,16.05,64.2
1174,396,57,2,313.09,626.18
1175,396,29,4,536.65,2146.6
1176,396,42,4,291.17,1164.68
1177,397,83,1,413.04,413.04
1178,397,37,2,602.98,1205.96
1179,398,117,2,232.58,465.16
1180,398,83,1,413.04,413.04
1181,398,52,4,684.74,2738.96
1182,398,13,1,162.11,162.11
1183,399,19,1,600.64,600.64
1184,399,81,1,565.87,565.87
1185,399,77,1,285.5,285.5
1186,400,115,3,107.04,321.12
1187,400,57,2,313.09,626.18
1188,400,105,3,16.05,48.15
1189,400,21,1,167.95,167.95
1190,400,40,1,854.57,854.57
1191,401,30,4,145.6,582.4
1193,403,119,1,696.06,696.06
1194,403,118,2,742.97,1485.94
1195,403,11,3,216.7,650.1
1196,404,35,4,170.46,681.84
1197,405,100,2,622.45,1244.9
1198,405,84,4,896.53,3586.12
1199,406,94,3,138.47,415.41
1200,406,36,2,421.22,842.44
1201,406,19,3,600.64,1801.92
1202,406,12,4,853.06,3412.24
1205,408,100,1,622.45,622.45
1206,408,89,1,627.19,627.19
1207,408,104,1,828.75,828.75
1208,408,96,4,732.78,2931.12
1209,408,29,1,536.65,536.65
1210,409,120,2,8.87,17.74
1211,409,117,2,232.58,465.16
1212,409,54,2,177.51,355.02
1214,409,27,1,408.89,408.89
1215,410,19,3,600.64,1801.92
1216,411,96,3,732.78,2198.34
1217,411,68,3,352.5,1057.5
1218,412,78,2,443.16,886.32
1219,413,92,3,634.57,1903.71
1220,413,107,4,314.44,1257.76
1221,413,34,3,280.97,842.91
1222,413,118,4,742.97,2971.88
1223,413,74,2,427.63,855.26
1234,416,46,3,241.39,724.17
1235,417,43,4,771.67,3086.68
1236,418,76,3,133.18,399.54
1237,418,112,4,366.07,1464.28
1238,418,110,1,365.92,365.92
1239,418,5,2,183.5,367.0
1240,419,67,3,650.54,1951.62
1241,419,94,2,138.47,276.94
1242,419,78,3,443.16,1329.48
1243,419,84,4,896.53,3586.12
1244,419,120,4,8.87,35.48
1245,420,104,1,828.75,828.75
1246,421,120,2,8.87,17.74
1247,421,38,3,757.5,2272.5
1248,422,98,2,299.14,598.28
1249,422,113,4,590.85,2363.4
1250,422,57,3,313.09,939.27
1251,423,41,4,117.93,471.72
1252,423,48,1,623.0,623.0
1253,423,11,1,216.7,216.7
1254,423,88,2,378.0,756.0
1255,423,53,1,283.45,283.45
1258,425,118,4,742.97,2971.88
1263,427,61,1,549.46,549.46
1264,427,28,4,71.4,285.6
1265,427,7,2,247.03,494.06
1266,427,112,1,366.07,366.07
1267,428,24,1,192.66,192.66
1268,428,107,4,314.44,1257.76
1269,428,7,3,247.03,741.09
1270,429,90,3,379.84,1139.52
1271,429,56,4,614.64,2458.56
1273,430,42,2,291.17,582.34
1274,430,86,3,333.09,999.27
1275,430,106,4,469.58,1878.32
1276,430,94,1,138.47,138.47
1277,431,13,4,162.11,648.44
1278,431,5,2,183.5,367.0
1279,431,28,2,71.4,142.8
1280,431,96,2,732.78,1465.56
1281,431,25,1,350.4,350.4
1282,432,84,3,896.53,2689.59
1283,432,59,4,584.4,2337.6
1284,432,53,3,283.45,850.35
1285,432,46,2,241.39,482.78
1286,433,82,1,348.27,348.27
1287,433,37,1,602.98,602.98
1288,433,90,1,379.84,379.84
1289,433,80,4,803.34,3213.36
1290,434,86,3,333.09,999.27
1291,435,16,4,864.69,3458.76
1293,435,102,2,820.54,1641.08
1294,435,117,3,232.58,697.74
1299,437,52,3,684.74,2054.22
1300,437,116,4,633.37,2533.48
1301,438,108,3,580.83,1742.49
1302,438,98,2,299.14,598.28
1303,438,81,2,565.87,1131.74
1304,438,118,1,742.97,742.97
1305,439,74,4,427.63,1710.52
1306,440,31,2,271.16,542.32
1307,440,84,2,896.53,1793.06
1308,441,81,1,565.87,565.87
1309,441,3,1,404.17,404.17
1310,442,117,4,232.58,930.32
1311,442,108,1,580.83,580.83
1312,442,27,4,408.89,1635.56
1313,443,104,1,828.75,828.75
1314,443,21,1,167.95,167.95
1315,443,24,3,192.66,577.98
1316,443,39,4,431.24,1724.96
1317,444,25,1,350.4,350.4
1320,446,60,4,429.31,1717.24
1321,446,96,4,732.78,2931.12
1322,446,104,3,828.75,2486.25
1323,447,40,4,854.57,3418.28
1324,447,22,4,130.87,523.48
1325,447,102,3,820.54,2461.62
1326,447,27,1,408.89,408.89
1328,448,33,3,91.79,275.37
1329,448,76,1,133.18,133.18
1330,448,53,3,283.45,850.35
1331,448,38,2,757.5,1515.0
1332,448,78,1,443.16,443.16
1333,449,92,3,634.57,1903.71
1334,450,28,1,71.4,71.4
1335,450,68,4,352.5,1410.0
1336,450,14,4,5.6,22.4
1337,450,72,3,590.71,1772.13
1338,450,36,1,421.22,421.22
1339,451,77,4,285.5,1142.0
1340,451,42,1,291.17,291.17
1341,452,5,1,183.5,183.5
1342,452,115,1,107.04,107.04
1343,452,69,1,655.25,655.25
1344,452,118,4,742.97,2971.88
1345,453,64,4,272.13,1088.52
1347,453,7,1,247.03,247.03
1348,454,14,4,5.6,22.4
1349,454,42,1,291.17,291.17
1350,455,114,1,302.11,302.11
1351,455,101,3,123.59,370.77
1352,455,6,3,704.8,2114.4
1353,456,59,2,584.4,1168.8
1354,456,16,4,864.69,3458.76
1355,456,17,1,275.07,275.07
1356,456,41,2,117.93,235.86
1357,456,111,4,771.64,3086.56
1358,457,92,2,634.57,1269.14
1359,457,11,2,216.7,433.4
1360,457,46,1,241.39,241.39
1361,458,14,3,5.6,16.8
1362,458,44,3,105.69,317.07
1363,458,27,2,408.89,817.78
1364,458,105,1,16.05,16.05
1370,460,34,1,280.97,280.97
1371,460,16,2,864.69,1729.38
1372,460,119,4,696.06,2784.24
1373,461,25,3,350.4,1051.2
1374,461,38,4,757.5,3030.0
1375,461,52,1,684.74,684.74
1376,461,23,2,740.38,1480.76
1382,463,62,2,806.45,1612.9
1383,463,95,1,581.67,581.67
1384,463,40,3,854.57,2563.71
1385,463,110,2,365.92,731.84
1386,463,117,4,232.58,930.32
1387,464,77,3,285.5,856.5
1393,466,115,4,107.04,428.16
1394,466,67,1,650.54,650.54
1395,466,100,4,622.45,2489.8
1396,467,47,2,365.65,731.3
1397,467,27,4,408.89,1635.56
1398,467,96,3,732.78,2198.34
1399,467,12,4,853.06,3412.24
1400,468,51,3,546.45,1639.35
1401,468,76,1,133.18,133.18
1402,468,54,3,177.51,532.53
1403,469,37,4,602.98,2411.92
1404,469,15,2,58.29,116.58
1405,469,2,2,347.53,695.06
1406,470,2,2,347.53,695.06
1407,470,59,1,584.4,584.4
1409,471,101,2,123.59,247.18
1410,471,110,3,365.92,1097.76
1411,471,65,2,238.72,477.44
1412,472,104,4,828.75,3315.0
1413,472,87,1,536.55,536.55
1414,473,103,2,552.16,1104.32
1415,473,75,4,53.38,213.52
1416,473,18,3,160.9,482.7
1417,474,13,3,162.11,486.33
1418,474,18,3,160.9,482.7
1419,474,68,4,352.5,1410.0
1420,474,57,4,313.09,1252.36
1421,475,101,3,123.59,370.77
1423,475,75,2,53.38,106.76
1424,476,35,1,170.46,170.46
1425,477,95,1,581.67,581.67
1426,478,39,3,431.24,1293.72
1427,478,81,1,565.87,565.87
1428,479,67,1,650.54,650.54
1430,481,16,2,864.69,1729.38
1431,481,56,2,614.64,1229.28
1432,481,19,2,600.64,1201.28
1433,481,82,3,348.27,1044.81
1434,481,3,1,404.17,404.17
1435,482,60,4,429.31,1717.24
1436,483,39,4,431.24,1724.96
1437,483,5,3,183.5,550.5
1438,483,83,4,413.04,1652.16
1439,483,84,4,896.53,3586.12
1440,483,115,2,107.04,214.08
1441,484,66,2,810.21,1620.42
1442,484,9,3,94.61,283.83
1443,484,23,2,740.38,1480.76
1444,484,84,3,896.53,2689.59
1445,485,74,3,427.63,1282.89
1446,485,91,3,707.35,2122.05
1447,486,30,1,145.6,145.6
1448,486,13,4,162.11,648.44
1449,487,97,1,665.98,665.98
1450,487,54,1,177.51,177.51
1451,487,119,1,696.06,696.06
1452,487,9,3,94.61,283.83
1453,488,18,2,160.9,321.8
1454,488,82,4,348.27,1393.08
1455,488,74,3,427.63,1282.89
1456,488,72,2,590.71,1181.42
1457,489,27,1,408.89,408.89
1465,492,37,2,602.98,1205.96
1466,492,10,3,520.23,1560.69
1467,493,84,3,896.53,2689.59
1468,493,4,2,373.72,747.44
1469,493,5,1,183.5,183.5
1470,494,31,4,271.16,1084.64
1471,495,77,1,285.5,285.5
1472,495,95,4,581.67,2326.68
1474,495,119,1,696.06,696.06
1475,496,3,1,404.17,404.17
1476,496,120,2,8.87,17.74
1477,497,90,2,379.84,759.68
1478,497,17,1,275.07,275.07
1479,497,56,3,614.64,1843.92
1480,497,55,3,826.63,2479.89
1481,498,73,2,337.65,675.3
1482,498,6,1,704.8,704.8
1483,498,103,4,552.16,2208.64
1484,498,2,1,347.53,347.53
1485,498,112,2,366.07,732.14
1486,499,33,2,91.79,183.58
1487,500,100,2,622.45,1244.9
1488,500,71,3,119.5,358.5
1489,500,38,1,757.5,757.5
1490,501,108,2,580.83,1161.66
1491,501,67,2,650.54,1301.08
1492,502,84,1,896.53,896.53
1493,502,98,1,299.14,299.14
1494,502,59,4,584.4,2337.6
1495,502,15,1,58.29,58.29
1496,503,6,2,704.8,1409.6
1497,503,29,1,536.65,536.65
1498,503,27,1,408.89,408.89
1499,503,49,3,307.38,922.14
1500,504,28,4,71.4,285.6
1501,504,97,1,665.98,665.98
1502,504,4,4,373.72,1494.88
1503,504,44,3,105.69,317.07
1507,506,36,1,421.22,421.22
1508,506,47,3,365.65,1096.95
1509,506,35,2,170.46,340.92
1510,506,85,1,209.42,209.42
1511,506,33,4,91.79,367.16
1512,507,36,3,421.22,1263.66
1513,508,81,2,565.87,1131.74
1514,508,23,1,740.38,740.38
1515,509,71,2,119.5,239.0
1516,510,70,2,761.64,1523.28
1517,510,92,1,634.57,634.57
1518,510,6,1,704.8,704.8
1519,511,83,4,413.04,1652.16
1520,512,61,1,549.46,549.46
1521,512,38,1,757.5,757.5
1522,512,80,2,803.34,1606.68
1523,513,101,4,123.59,494.36
1524,513,75,1,53.38,53.38
1525,513,92,2,634.57,1269.14
1526,513,45,1,508.59,508.59
1527,513,28,2,71.4,142.8
1528,514,103,4,552.16,2208.64
1529,514,7,2,247.03,494.06
1530,514,78,3,443.16,1329.48
1531,514,61,3,549.46,1648.38
1532,514,85,3,209.42,628.26
1533,515,47,1,365.65,365.65
1534,515,11,4,216.7,866.8
1535,515,46,4,241.39,965.56
1536,515,72,2,590.71,1181.42
1537,516,86,3,333.09,999.27
1538,516,18,1,160.9,160.9
1539,516,78,4,443.16,1772.64
1540,516,34,2,280.97,561.94
1541,516,102,2,820.54,1641.08
1542,517,92,2,634.57,1269.14
1543,517,120,4,8.87,35.48
1544,517,61,2,549.46,1098.92
1545,517,96,2,732.78,1465.56
1546,517,13,4,162.11,648.44
1547,518,76,1,133.18,133.18
1548,518,78,1,443.16,443.16
1550,519,90,1,379.84,379.84
1551,519,18,1,160.9,160.9
1552,519,94,3,138.47,415.41
1553,519,24,4,192.66,770.64
1554,520,64,4,272.13,1088.52
1555,520,44,4,105.69,422.76
1556,520,7,2,247.03,494.06
1557,521,41,1,117.93,117.93
1558,521,13,4,162.11,648.44
1559,521,45,2,508.59,1017.18
1560,521,37,3,602.98,1808.94
1561,521,22,1,130.87,130.87
1562,522,4,1,373.72,373.72
1564,523,38,1,757.5,757.5
1565,523,118,4,742.97,2971.88
1566,523,15,1,58.29,58.29
1567,523,92,3,634.57,1903.71
1568,524,42,2,291.17,582.34
1569,525,115,4,107.04,428.16
1570,525,119,3,696.06,2088.18
1571,525,5,1,183.5,183.5
1574,527,1,1,50.31,50.31
1575,527,56,2,614.64,1229.28
1576,528,82,4,348.27,1393.08
1577,528,45,2,508.59,1017.18
1578,529,77,3,285.5,856.5
1579,529,46,1,241.39,241.39
1580,529,70,3,761.64,2284.92
1581,529,62,4,806.45,3225.8
1582,530,45,4,508.59,2034.36
1583,531,38,3,757.5,2272.5
1584,532,87,4,536.55,2146.2
1585,532,41,4,117.93,471.72
1586,532,53,1,283.45,283.45
1587,533,113,1,590.85,590.85
1588,533,22,3,130.87,392.61
1589,533,69,1,655.25,655.25
1590,533,27,1,408.89,408.89
1591,533,100,1,622.45,622.45
1592,534,69,4,655.25,2621.0
1593,534,26,2,319.34,638.68
1594,534,21,2,167.95,335.9
1596,536,5,1,183.5,183.5
1597,536,35,4,170.46,681.84
1599,537,91,4,707.35,2829.4
1600,537,98,3,299.14,897.42
1601,537,94,4,138.47,553.88
1602,537,54,1,177.51,177.51
1603,538,38,4,757.5,3030.0
1604,538,55,4,826.63,3306.52
1605,538,12,2,853.06,1706.12
1606,538,29,4,536.65,2146.6
1607,539,51,2,546.45,1092.9
1608,540,13,2,162.11,324.22
1609,541,67,2,650.54,1301.08
1611,541,108,3,580.83,1742.49
1612,541,73,1,337.65,337.65
1613,542,102,2,820.54,1641.08
1615,542,70,1,761.64,761.64
1616,542,64,4,272.13,1088.52
1617,542,41,4,117.93,471.72
1618,543,5,4,183.5,734.0
1619,544,52,4,684.74,2738.96
1620,544,2,3,347.53,1042.59
1621,544,38,3,757.5,2272.5
1622,544,16,2,864.69,1729.38
1623,545,27,2,408.89,817.78
1625,545,43,2,771.67,1543.34
1626,545,119,1,696.06,696.06
1627,546,43,4,771.67,3086.68
1628,546,13,1,162.11,162.11
1629,546,8,2,728.74,1457.48
1630,546,80,1,803.34,803.34
1631,547,99,2,734.38,1468.76
1632,547,52,2,684.74,1369.48
1633,547,120,2,8.87,17.74
1634,547,33,3,91.79,275.37
1635,547,72,2,590.71,1181.42
1636,548,78,4,443.16,1772.64
1637,548,36,1,421.22,421.22
1638,548,104,2,828.75,1657.5
1639,548,95,2,581.67,1163.34
1640,548,112,4,366.07,1464.28
1641,549,86,1,333.09,333.09
1642,549,61,4,549.46,2197.84
1643,549,42,4,291.17,1164.68
1644,549,39,3,431.24,1293.72
1645,550,82,3,348.27,1044.81
1646,550,107,4,314.44,1257.76
1647,551,84,3,896.53,2689.59
1648,551,45,3,508.59,1525.77
1649,551,23,2,740.38,1480.76
1650,551,4,2,373.72,747.44
1651,552,1,3,50.31,150.93
1652,552,76,3,133.18,399.54
1653,553,51,3,546.45,1639.35
1654,553,6,1,704.8,704.8
1655,553,90,1,379.84,379.84
1656,553,91,4,707.35,2829.4
1657,554,104,2,828.75,1657.5
1658,554,14,2,5.6,11.2
1659,554,5,2,183.5,367.0
1660,554,48,1,623.0,623.0
1661,554,4,1,373.72,373.72
1662,555,108,3,580.83,1742.49
1663,555,87,2,536.55,1073.1
1664,555,109,3,677.52,2032.56
1665,556,25,2,350.4,700.8
1666,557,53,1,283.45,283.45
1667,557,23,3,740.38,2221.14
1668,557,82,4,348.27,1393.08
1669,557,96,1,732.78,732.78
1670,557,108,4,580.83,2323.32
1671,558,99,2,734.38,1468.76
1672,559,40,2,854.57,1709.14
1673,559,108,2,580.83,1161.66
1674,560,29,2,536.65,1073.3
1675,560,107,3,314.44,943.32
1676,560,25,4,350.4,1401.6
1677,560,35,4,170.46,681.84
1678,561,5,4,183.5,734.0
1679,561,107,2,314.44,628.88
1680,562,71,1,119.5,119.5
1681,562,107,2,314.44,628.88
1682,562,96,4,732.78,2931.12
1683,562,102,1,820.54,820.54
1684,562,35,2,170.46,340.92
1685,563,42,1,291.17,291.17
1686,564,24,3,192.66,577.98
1687,565,74,4,427.63,1710.52
1688,565,89,3,627.19,1881.57
1689,565,56,3,614.64,1843.92
1690,565,94,4,138.47,553.88
1691,565,52,2,684.74,1369.48
1692,566,52,2,684.74,1369.48
1693,566,76,2,133.18,266.36
1694,566,4,2,373.72,747.44
1695,566,21,3,167.95,503.85
1696,566,66,1,810.21,810.21
1697,567,59,2,584.4,1168.8
1698,567,1,2,50.31,100.62
1700,568,72,3,590.71,1772.13
1701,569,91,1,707.35,707.35
1703,569,98,3,299.14,897.42
1704,569,118,4,742.97,2971.88
1705,570,29,2,536.65,1073.3
1706,571,118,2,742.97,1485.94
1707,571,10,1,520.23,520.23
1708,571,83,4,413.04,1652.16
1709,571,30,4,145.6,582.4
1710,572,34,4,280.97,1123.88
1711,573,84,4,896.53,3586.12
1712,574,2,4,347.53,1390.12
1714,574,84,1,896.53,896.53
1715,574,86,4,333.09,1332.36
1716,575,101,2,123.59,247.18
1717,576,34,4,280.97,1123.88
1718,576,26,4,319.34,1277.36
1719,576,66,1,810.21,810.21
1720,576,105,4,16.05,64.2
1722,577,54,3,177.51,532.53
1723,577,3,1,404.17,404.17
1724,577,58,3,29.56,88.68
1725,578,94,4,138.47,553.88
1726,578,19,3,600.64,1801.92
1727,579,73,3,337.65,1012.95
1728,579,59,1,584.4,584.4
1729,579,6,1,704.8,704.8
1730,579,10,3,520.23,1560.69
1731,579,42,1,291.17,291.17
1732,580,102,2,820.54,1641.08
1733,581,61,3,549.46,1648.38
1734,581,28,2,71.4,142.8
1735,581,98,1,299.14,299.14
1736,581,120,2,8.87,17.74
1738,582,13,3,162.11,486.33
1739,582,29,3,536.65,1609.95
1740,582,3,4,404.17,1616.68
1741,583,44,4,105.69,422.76
1742,583,41,4,117.93,471.72
1743,583,45,2,508.59,1017.18
1744,584,11,3,216.7,650.1
1745,584,27,3,408.89,1226.67
1746,584,96,4,732.78,2931.12
1747,585,97,3,665.98,1997.94
1748,586,109,2,677.52,1355.04
1749,586,16,3,864.69,2594.07
1750,586,13,2,162.11,324.22
1751,586,51,4,546.45,2185.8
1752,586,28,3,71.4,214.2
1753,587,86,3,333.09,999.27
1754,588,21,4,167.95,671.8
1755,588,119,3,696.06,2088.18
1756,588,112,2,366.07,732.14
1757,588,23,1,740.38,740.38
1758,589,29,1,536.65,536.65
1759,589,18,4,160.9,643.6
1761,589,80,2,803.34,1606.68
1762,589,65,4,238.72,954.88
1763,590,59,2,584.4,1168.8
1764,590,48,2,623.0,1246.0
1765,591,88,4,378.0,1512.0
1766,591,78,2,443.16,886.32
1769,593,16,1,864.69,864.69
1770,593,92,1,634.57,634.57
1771,593,100,4,622.45,2489.8
1772,593,78,1,443.16,443.16
1773,593,83,4,413.04,1652.16
1775,595,59,4,584.4,2337.6
1776,596,90,1,379.84,379.84
1777,596,34,2,280.97,561.94
1778,596,73,1,337.65,337.65
1779,596,36,3,421.22,1263.66
1780,597,87,2,536.55,1073.1
1781,597,38,3,757.5,2272.5
1783,597,96,2,732.78,1465.56
1784,598,52,3,684.74,2054.22
1785,598,62,3,806.45,2419.35
1786,598,80,4,803.34,3213.36
1787,598,116,4,633.37,2533.48
1788,598,22,4,130.87,523.48
1790,599,36,4,421.22,1684.88
1791,600,86,1,333.09,333.09
1792,600,5,1,183.5,183.5
1793,600,52,1,684.74,684.74
1796,602,116,2,633.37,1266.74
1797,603,13,1,162.11,162.11
1798,603,69,1,655.25,655.25
1799,603,113,1,590.85,590.85
1800,603,101,4,123.59,494.36
1801,604,111,4,771.64,3086.56
1802,604,116,2,633.37,1266.74
1803,604,15,4,58.29,233.16
1805,605,34,2,280.97,561.94
1806,605,112,3,366.07,1098.21
1807,605,69,1,655.25,655.25
1808,606,64,4,272.13,1088.52
1809,606,21,1,167.95,167.95
1810,606,23,4,740.38,2961.52
1811,606,9,2,94.61,189.22
1812,607,61,2,549.46,1098.92
1813,607,14,2,5.6,11.2
1814,607,88,2,378.0,756.0
1815,607,39,2,431.24,862.48
1816,607,119,2,696.06,1392.12
1817,608,61,3,549.46,1648.38
1818,608,120,3,8.87,26.61
1819,608,110,3,365.92,1097.76
1820,609,98,4,299.14,1196.56
1821,610,105,2,16.05,32.1
1826,612,89,2,627.19,1254.38
1827,612,117,4,232.58,930.32
1828,612,91,1,707.35,707.35
1830,613,106,3,469.58,1408.74
1832,613,112,3,366.07,1098.21
1833,613,76,3,133.18,399.54
1834,614,110,4,365.92,1463.68
1835,614,47,2,365.65,731.3
1836,614,116,4,633.37,2533.48
1837,615,18,1,160.9,160.9
1838,616,117,3,232.58,697.74
1840,617,37,1,602.98,602.98
1841,617,74,1,427.63,427.63
1842,617,43,4,771.67,3086.68
1843,617,82,2,348.27,696.54
1844,618,84,1,896.53,896.53
1845,618,43,3,771.67,2315.01
1846,619,1,4,50.31,201.24
1847,619,80,2,803.34,1606.68
1848,619,107,2,314.44,628.88
1849,620,99,3,734.38,2203.14
1850,620,106,2,469.58,939.16
1851,621,100,2,622.45,1244.9
1852,622,39,4,431.24,1724.96
1853,622,21,2,167.95,335.9
1854,623,16,4,864.69,3458.76
1855,623,107,2,314.44,628.88
1856,623,49,4,307.38,1229.52
1857,623,4,2,373.72,747.44
1859,624,67,3,650.54,1951.62
1860,624,16,3,864.69,2594.07
1861,624,21,2,167.95,335.9
1862,624,97,3,665.98,1997.94
1863,625,52,3,684.74,2054.22
1864,625,110,1,365.92,365.92
1865,625,13,3,162.11,486.33
1866,625,46,1,241.39,241.39
1867,626,6,2,704.8,1409.6
1868,626,19,1,600.64,600.64
1869,626,109,2,677.52,1355.04
1870,627,48,2,623.0,1246.0
1871,627,80,2,803.34,1606.68
1872,627,54,2,177.51,355.02
1873,628,4,2,373.72,747.44
1874,628,64,3,272.13,816.39
1879,630,110,2,365.92,731.84
1880,630,115,1,107.04,107.04
1881,630,69,4,655.25,2621.0
1882,630,57,3,313.09,939.27
1883,631,26,2,319.34,638.68
1884,631,17,1,275.07,275.07
1885,631,29,4,536.65,2146.6
1886,631,66,1,810.21,810.21
1887,631,104,3,828.75,2486.25
1888,632,114,3,302.11,906.33
1889,632,35,2,170.46,340.92
1890,632,98,1,299.14,299.14
1891,632,116,4,633.37,2533.48
1892,632,17,2,275.07,550.14
1893,633,42,4,291.17,1164.68
1894,633,2,2,347.53,695.06
1895,633,74,4,427.63,1710.52
1896,633,62,2,806.45,1612.9
1897,634,119,3,696.06,2088.18
1898,634,44,4,105.69,422.76
1899,634,115,4,107.04,428.16
1900,634,24,3,192.66,577.98
1901,634,33,3,91.79,275.37
1902,635,59,1,584.4,584.4
1903,635,107,3,314.44,943.32
1904,636,24,2,192.66,385.32
1905,636,51,2,546.45,1092.9
1906,636,105,2,16.05,32.1
1907,636,114,3,302.11,906.33
1908,636,66,2,810.21,1620.42
1909,637,22,2,130.87,261.74
1910,637,48,2,623.0,1246.0
1911,637,21,2,167.95,335.9
1912,637,13,4,162.11,648.44
1913,637,88,3,378.0,1134.0
1914,638,115,2,107.04,214.08
1916,638,60,3,429.31,1287.93
1917,638,42,1,291.17,291.17
1920,640,115,1,107.04,107.04
1921,640,52,2,684.74,1369.48
1922,641,68,4,352.5,1410.0
1923,641,14,4,5.6,22.4
1924,641,99,1,734.38,734.38
1925,642,113,4,590.85,2363.4
1926,642,35,3,170.46,511.38
1927,642,6,4,704.8,2819.2
1928,643,12,3,853.06,2559.18
1929,644,108,3,580.83,1742.49
1931,644,94,3,138.47,415.41
1932,645,56,4,614.64,2458.56
1933,645,86,4,333.09,1332.36
1934,645,35,4,170.46,681.84
1935,645,14,1,5.6,5.6
1936,645,100,1,622.45,622.45
1937,646,54,1,177.51,177.51
1938,646,105,4,16.05,64.2
1939,646,51,1,546.45,546.45
1940,646,92,4,634.57,2538.28
1941,646,96,1,732.78,732.78
1942,647,94,4,138.47,553.88
1943,648,58,3,29.56,88.68
1944,648,101,3,123.59,370.77
1945,648,7,2,247.03,494.06
1946,649,109,1,677.52,677.52
1947,649,64,2,272.13,544.26
1948,650,82,2,348.27,696.54
1949,650,24,4,192.66,770.64
1950,650,97,4,665.98,2663.92
1951,650,49,2,307.38,614.76
1952,651,38,4,757.5,3030.0
1953,651,97,1,665.98,665.98
1954,651,72,1,590.71,590.71
1955,651,69,4,655.25,2621.0
1956,651,23,2,740.38,1480.76
1958,652,73,4,337.65,1350.6
1959,652,11,2,216.7,433.4
1962,654,73,4,337.65,1350.6
1963,654,25,4,350.4,1401.6
1964,654,53,3,283.45,850.35
1965,654,24,3,192.66,577.98
1966,654,109,3,677.52,2032.56
1967,655,111,2,771.64,1543.28
1968,655,106,2,469.58,939.16
1969,655,90,4,379.84,1519.36
1975,657,9,3,94.61,283.83
1977,657,36,2,421.22,842.44
1978,658,30,4,145.6,582.4
1979,658,73,3,337.65,1012.95
1980,658,103,1,552.16,552.16
1981,659,94,2,138.47,276.94
1982,659,25,2,350.4,700.8
1983,660,52,4,684.74,2738.96
1984,661,46,4,241.39,965.56
1985,661,23,4,740.38,2961.52
1986,661,91,3,707.35,2122.05
1987,662,33,1,91.79,91.79
1988,662,3,1,404.17,404.17
1990,662,78,3,443.16,1329.48
1991,662,8,3,728.74,2186.22
1992,663,13,2,162.11,324.22
1993,663,112,2,366.07,732.14
1994,663,88,2,378.0,756.0
1995,664,104,3,828.75,2486.25
1996,665,64,2,272.13,544.26
1997,666,101,1,123.59,123.59
1998,666,58,3,29.56,88.68
1999,666,15,4,58.29,233.16
2000,666,86,4,333.09,1332.36
2001,667,13,3,162.11,486.33
2002,667,109,4,677.52,2710.08
2003,667,67,2,650.54,1301.08
2004,667,12,2,853.06,1706.12
2005,667,85,2,209.42,418.84
2006,668,14,4,5.6,22.4
2007,668,42,3,291.17,873.51
2008,668,72,1,590.71,590.71
2009,668,62,1,806.45,806.45
2015,670,92,2,634.57,1269.14
2017,672,48,4,623.0,2492.0
2018,672,118,2,742.97,1485.94
2019,673,27,3,408.89,1226.67
2020,673,113,1,590.85,590.85
2021,673,84,4,896.53,3586.12
2022,674,6,2,704.8,1409.6
2023,674,90,2,379.84,759.68
2024,674,99,1,734.38,734.38
2025,674,58,4,29.56,118.24
2026,675,37,3,602.98,1808.94
2027,675,69,1,655.25,655.25
2028,675,110,2,365.92,731.84
2029,675,73,4,337.65,1350.6
2031,677,95,1,581.67,581.67
2032,677,19,2,600.64,1201.28
2033,677,57,3,313.09,939.27
2034,677,77,1,285.5,285.5
2035,678,116,1,633.37,633.37
2036,678,83,2,413.04,826.08
2037,679,4,2,373.72,747.44
2038,679,112,3,366.07,1098.21
2039,679,57,2,313.09,626.18
2040,679,9,3,94.61,283.83
2042,680,120,1,8.87,8.87
2043,681,110,2,365.92,731.84
2044,682,120,3,8.87,26.61
2045,682,74,4,427.63,1710.52
2046,682,83,2,413.04,826.08
2047,682,50,3,125.27,375.81
2048,683,19,2,600.64,1201.28
2049,683,37,4,602.98,2411.92
2050,684,59,4,584.4,2337.6
2051,685,52,4,684.74,2738.96
2052,685,54,4,177.51,710.04
2053,686,27,2,408.89,817.78
2055,686,28,4,71.4,285.6
2056,686,92,3,634.57,1903.71
2057,686,25,2,350.4,700.8
2058,687,53,2,283.45,566.9
2059,687,7,4,247.03,988.12
2060,687,26,4,319.34,1277.36
2061,687,28,2,71.4,142.8
2062,687,44,2,105.69,211.38
2064,688,53,2,283.45,566.9
2065,689,101,1,123.59,123.59
2066,690,26,2,319.34,638.68
2067,690,96,1,732.78,732.78
2074,692,61,1,549.46,549.46
2075,692,49,3,307.38,922.14
2076,692,62,2,806.45,1612.9
2077,692,22,1,130.87,130.87
2078,693,9,3,94.61,283.83
2079,693,23,2,740.38,1480.76
2080,693,18,2,160.9,321.8
2081,694,3,4,404.17,1616.68
2082,694,80,3,803.34,2410.02
2083,694,115,2,107.04,214.08
2084,694,76,1,133.18,133.18
2085,695,44,4,105.69,422.76
2086,695,6,3,704.8,2114.4
2087,695,35,2,170.46,340.92
2088,695,96,1,732.78,732.78
2089,696,89,3,627.19,1881.57
2090,697,91,3,707.35,2122.05
2091,697,44,4,105.69,422.76
2092,697,17,1,275.07,275.07
2093,697,45,1,508.59,508.59
2094,698,104,1,828.75,828.75
2095,698,98,2,299.14,598.28
2097,700,81,1,565.87,565.87
2098,700,112,1,366.07,366.07
2099,700,43,2,771.67,1543.34
2100,700,101,1,123.59,123.59
2101,701,7,1,247.03,247.03
2102,701,92,2,634.57,1269.14
2103,702,94,1,138.47,138.47
2104,702,87,1,536.55,536.55
2105,702,76,2,133.18,266.36
2106,703,25,2,350.4,700.8
2107,704,77,3,285.5,856.5
2108,704,53,3,283.45,850.35
2109,704,65,2,238.72,477.44
2110,705,9,4,94.61,378.44
2111,706,2,3,347.53,1042.59
2112,706,96,3,732.78,2198.34
2113,706,87,1,536.55,536.55
2114,706,12,3,853.06,2559.18
2115,707,70,2,761.64,1523.28
2116,707,96,1,732.78,732.78
2117,707,25,4,350.4,1401.6
2119,708,19,2,600.64,1201.28
2120,708,95,4,581.67,2326.68
2121,708,97,2,665.98,1331.96
2122,709,13,4,162.11,648.44
2123,709,3,3,404.17,1212.51
2124,710,36,4,421.22,1684.88
2125,710,30,2,145.6,291.2
2126,710,25,1,350.4,350.4
2128,710,78,4,443.16,1772.64
2129,711,40,2,854.57,1709.14
2135,713,90,2,379.84,759.68
2136,713,25,2,350.4,700.8
2137,713,116,2,633.37,1266.74
2138,714,50,2,125.27,250.54
2139,715,9,2,94.61,189.22
2140,715,58,3,29.56,88.68
2141,715,50,3,125.27,375.81
2142,716,62,3,806.45,2419.35
2143,716,72,3,590.71,1772.13
2144,716,19,2,600.64,1201.28
2145,716,101,2,123.59,247.18
2146,716,35,1,170.46,170.46
2147,717,102,4,820.54,3282.16
2148,717,49,1,307.38,307.38
2149,718,11,2,216.7,433.4
2150,718,48,4,623.0,2492.0
2151,718,60,4,429.31,1717.24
2152,718,100,1,622.45,622.45
2153,719,3,3,404.17,1212.51
2154,719,16,3,864.69,2594.07
2155,719,7,4,247.03,988.12
2156,720,83,3,413.04,1239.12
2157,721,64,1,272.13,272.13
2158,721,9,1,94.61,94.61
2159,722,11,1,216.7,216.7
2160,722,53,1,283.45,283.45
2161,722,44,4,105.69,422.76
2162,723,30,1,145.6,145.6
2163,723,31,2,271.16,542.32
2164,723,8,1,728.74,728.74
2165,724,3,4,404.17,1616.68
2166,724,66,4,810.21,3240.84
2167,724,98,1,299.14,299.14
2168,724,38,1,757.5,757.5
2169,725,66,2,810.21,1620.42
2170,725,116,2,633.37,1266.74
2171,725,107,3,314.44,943.32
2172,726,43,3,771.67,2315.01
2173,726,26,3,319.34,958.02
2174,726,42,4,291.17,1164.68
2175,727,103,2,552.16,1104.32
2176,727,14,3,5.6,16.8
2177,727,96,2,732.78,1465.56
2178,727,120,3,8.87,26.61
2180,728,66,3,810.21,2430.63
2181,728,4,4,373.72,1494.88
2182,729,37,1,602.98,602.98
2183,729,102,1,820.54,820.54
2184,729,86,1,333.09,333.09
2185,729,110,3,365.92,1097.76
2187,730,95,3,581.67,1745.01
2188,730,113,1,590.85,590.85
2189,730,48,1,623.0,623.0
2190,730,10,3,520.23,1560.69
2191,731,113,4,590.85,2363.4
2192,732,35,1,170.46,170.46
2193,732,3,2,404.17,808.34
2194,732,90,4,379.84,1519.36
2195,732,73,1,337.65,337.65
2196,732,62,4,806.45,3225.8
2197,733,99,3,734.38,2203.14
2198,734,31,4,271.16,1084.64
2199,734,89,1,627.19,627.19
2200,735,37,3,602.98,1808.94
2202,736,71,4,119.5,478.0
2203,736,70,4,761.64,3046.56
2204,737,87,4,536.55,2146.2
2205,737,70,3,761.64,2284.92
2206,737,53,3,283.45,850.35
2207,737,47,4,365.65,1462.6
2208,738,77,2,285.5,571.0
2209,738,44,2,105.69,211.38
2210,739,65,1,238.72,238.72
2214,741,107,2,314.44,628.88
2215,741,89,1,627.19,627.19
2216,742,70,1,761.64,761.64
2217,742,82,2,348.27,696.54
2218,743,9,3,94.61,283.83
2219,744,39,3,431.24,1293.72
2220,744,44,4,105.69,422.76
2221,744,50,1,125.27,125.27
2222,744,48,1,623.0,623.0
2223,744,27,3,408.89,1226.67
2224,745,89,3,627.19,1881.57
2225,745,76,4,133.18,532.72
2226,745,80,4,803.34,3213.36
2227,745,113,4,590.85,2363.4
2228,746,59,4,584.4,2337.6
2229,747,28,1,71.4,71.4
2231,747,53,4,283.45,1133.8
2232,747,13,2,162.11,324.22
2234,748,23,4,740.38,2961.52
2235,748,116,2,633.37,1266.74
2236,748,58,1,29.56,29.56
2237,748,38,4,757.5,3030.0
2238,749,29,4,536.65,2146.6
2239,749,44,4,105.69,422.76
2240,750,73,4,337.65,1350.6
2241,750,4,3,373.72,1121.16
2242,750,57,1,313.09,313.09
2243,750,64,1,272.13,272.13
2244,750,47,4,365.65,1462.6
2245,751,117,2,232.58,465.16
2246,751,119,2,696.06,1392.12
2247,752,34,2,280.97,561.94
2248,752,62,1,806.45,806.45
2249,752,9,2,94.61,189.22
2250,752,102,3,820.54,2461.62
2252,753,2,3,347.53,1042.59
2253,753,39,4,431.24,1724.96
2254,753,113,2,590.85,1181.7
2255,753,104,4,828.75,3315.0
2256,753,18,1,160.9,160.9
2257,754,19,1,600.64,600.64
2258,754,111,2,771.64,1543.28
2259,754,98,4,299.14,1196.56
2260,754,9,3,94.61,283.83
2261,754,62,3,806.45,2419.35
2262,755,51,2,546.45,1092.9
2263,755,58,2,29.56,59.12
2264,755,78,4,443.16,1772.64
2265,756,56,1,614.64,614.64
2266,757,51,3,546.45,1639.35
2267,757,36,3,421.22,1263.66
2268,757,60,4,429.31,1717.24
2269,758,44,1,105.69,105.69
2270,758,69,3,655.25,1965.75
2271,758,67,3,650.54,1951.62
2273,759,25,4,350.4,1401.6
2274,759,106,4,469.58,1878.32
2275,759,43,2,771.67,1543.34
2276,760,71,2,119.5,239.0
2277,760,42,3,291.17,873.51
2278,760,27,2,408.89,817.78
2279,760,103,3,552.16,1656.48
2280,760,60,4,429.31,1717.24
2281,761,19,1,600.64,600.64
2282,761,33,4,91.79,367.16
2284,762,106,2,469.58,939.16
2285,762,36,4,421.22,1684.88
2286,762,66,4,810.21,3240.84
2287,762,73,4,337.65,1350.6
2288,762,54,3,177.51,532.53
2289,763,71,3,119.5,358.5
2290,764,8,3,728.74,2186.22
2291,764,2,2,347.53,695.06
2292,764,15,3,58.29,174.87
2293,764,44,3,105.69,317.07
2294,764,80,2,803.34,1606.68
2295,765,27,2,408.89,817.78
2296,765,70,3,761.64,2284.92
2298,765,3,4,404.17,1616.68
2299,766,31,3,271.16,813.48
2300,767,53,4,283.45,1133.8
2301,768,113,4,590.85,2363.4
2302,768,87,3,536.55,1609.65
2303,769,19,4,600.64,2402.56
2304,769,91,4,707.35,2829.4
2305,769,10,3,520.23,1560.69
2306,770,4,2,373.72,747.44
2307,770,88,1,378.0,378.0
2308,770,120,1,8.87,8.87
2309,770,73,3,337.65,1012.95
2310,771,45,3,508.59,1525.77
2311,771,30,3,145.6,436.8
2312,771,35,2,170.46,340.92
2313,772,47,1,365.65,365.65
2314,772,7,2,247.03,494.06
2315,772,98,1,299.14,299.14
2316,772,30,3,145.6,436.8
2317,773,53,2,283.45,566.9
2318,773,40,2,854.57,1709.14
2319,774,115,2,107.04,214.08
2320,774,22,1,130.87,130.87
2321,774,31,1,271.16,271.16
2322,774,3,2,404.17,808.34
2324,775,101,3,123.59,370.77
2326,776,109,2,677.52,1355.04
2327,776,17,1,275.07,275.07
2328,776,31,2,271.16,542.32
2329,777,103,4,552.16,2208.64
2331,777,87,3,536.55,1609.65
2332,777,97,4,665.98,2663.92
2333,777,51,4,546.45,2185.8
2334,778,108,4,580.83,2323.32
2335,778,39,3,431.24,1293.72
2336,778,15,3,58.29,174.87
2337,779,111,2,771.64,1543.28
2338,779,76,3,133.18,399.54
2339,779,102,2,820.54,1641.08
2340,779,98,2,299.14,598.28
2341,780,60,4,429.31,1717.24
2342,780,17,2,275.07,550.14
2343,781,117,4,232.58,930.32
2344,781,50,3,125.27,375.81
2345,781,114,4,302.11,1208.44
2346,781,84,4,896.53,3586.12
2349,783,80,3,803.34,2410.02
2350,783,42,1,291.17,291.17
2351,783,37,4,602.98,2411.92
2352,784,43,3,771.67,2315.01
2353,784,85,2,209.42,418.84
2354,784,92,4,634.57,2538.28
2355,784,57,2,313.09,626.18
2356,785,103,4,552.16,2208.64
2357,785,106,3,469.58,1408.74
2360,786,15,3,58.29,174.87
2361,786,11,3,216.7,650.1
2362,786,86,3,333.09,999.27
2363,786,59,3,584.4,1753.2
2364,787,29,1,536.65,536.65
2365,787,105,3,16.05,48.15
2366,788,14,2,5.6,11.2
2367,788,106,2,469.58,939.16
2368,788,19,2,600.64,1201.28
2369,789,73,2,337.65,675.3
2370,789,43,4,771.67,3086.68
2371,789,39,1,431.24,431.24
2372,789,11,1,216.7,216.7
2376,791,44,3,105.69,317.07
2377,791,21,1,167.95,167.95
2378,792,120,2,8.87,17.74
2379,793,87,3,536.55,1609.65
2380,793,88,1,378.0,378.0
2381,793,118,3,742.97,2228.91
2382,794,102,4,820.54,3282.16
2383,794,22,4,130.87,523.48
2384,795,9,3,94.61,283.83
2385,795,60,1,429.31,429.31
2386,796,89,4,627.19,2508.76
2387,796,61,3,549.46,1648.38
2388,797,86,2,333.09,666.18
2389,797,42,2,291.17,582.34
2390,797,27,1,408.89,408.89
2391,798,99,3,734.38,2203.14
2392,798,43,4,771.67,3086.68
2393,798,89,1,627.19,627.19
2394,799,84,4,896.53,3586.12
2395,799,5,1,183.5,183.5
2396,799,47,3,365.65,1096.95
2397,799,21,4,167.95,671.8
2399,800,41,3,117.93,353.79
2400,800,118,4,742.97,2971.88
2401,800,97,3,665.98,1997.94
2403,801,24,3,192.66,577.98
2409,803,118,2,742.97,1485.94
2410,803,114,2,302.11,604.22
2411,803,78,3,443.16,1329.48
2412,803,74,1,427.63,427.63
2413,804,6,4,704.8,2819.2
2414,804,29,1,536.65,536.65
2415,805,3,3,404.17,1212.51
2416,805,65,1,238.72,238.72
2417,805,112,2,366.07,732.14
2418,805,94,3,138.47,415.41
2419,806,84,1,896.53,896.53
2420,806,26,2,319.34,638.68
2421,806,2,1,347.53,347.53
2422,806,88,3,378.0,1134.0
2423,806,55,3,826.63,2479.89
2424,807,98,3,299.14,897.42
2425,808,110,1,365.92,365.92
2426,809,44,4,105.69,422.76
2427,809,16,4,864.69,3458.76
2428,809,65,3,238.72,716.16
2429,809,99,3,734.38,2203.14
2430,810,117,1,232.58,232.58
2431,811,62,3,806.45,2419.35
2432,811,119,4,696.06,2784.24
2433,812,25,4,350.4,1401.6
2434,812,80,1,803.34,803.34
2435,813,83,1,413.04,413.04
2437,813,26,1,319.34,319.34
2438,814,111,2,771.64,1543.28
2439,814,60,1,429.31,429.31
2440,814,11,4,216.7,866.8
2442,815,40,1,854.57,854.57
2443,815,69,2,655.25,1310.5
2445,817,24,2,192.66,385.32
2446,817,92,1,634.57,634.57
2447,817,12,1,853.06,853.06
2449,819,112,3,366.07,1098.21
2450,819,89,4,627.19,2508.76
2451,819,70,1,761.64,761.64
2452,819,39,4,431.24,1724.96
2453,819,117,3,232.58,697.74
2454,820,115,4,107.04,428.16
2455,821,115,2,107.04,214.08
2456,821,102,1,820.54,820.54
2458,821,11,2,216.7,433.4
2459,821,43,2,771.67,1543.34
2460,822,64,2,272.13,544.26
2461,822,71,2,119.5,239.0
2462,823,53,2,283.45,566.9
2463,823,117,1,232.58,232.58
2464,823,75,3,53.38,160.14
2466,823,35,4,170.46,681.84
2467,824,16,1,864.69,864.69
2468,824,86,2,333.09,666.18
2470,824,17,2,275.07,550.14
2471,824,92,1,634.57,634.57
2472,825,44,2,105.69,211.38
2473,826,49,3,307.38,922.14
2474,826,85,2,209.42,418.84
2475,826,67,2,650.54,1301.08
2476,826,88,3,378.0,1134.0
2477,827,7,4,247.03,988.12
2478,827,33,1,91.79,91.79
2479,827,1,3,50.31,150.93
2480,827,56,1,614.64,614.64
2481,828,9,2,94.61,189.22
2482,828,76,3,133.18,399.54
2483,828,59,4,584.4,2337.6
2484,828,45,4,508.59,2034.36
2485,828,39,2,431.24,862.48
2486,829,83,3,413.04,1239.12
2487,829,120,1,8.87,8.87
2488,829,19,3,600.64,1801.92
2489,829,15,1,58.29,58.29
2490,829,35,1,170.46,170.46
2491,830,110,2,365.92,731.84
2493,830,74,1,427.63,427.63
2494,830,103,4,552.16,2208.64
2495,830,119,1,696.06,696.06
2496,831,76,4,133.18,532.72
2497,831,26,3,319.34,958.02
2498,831,81,4,565.87,2263.48
2499,832,69,4,655.25,2621.0
2500,832,43,1,771.67,771.67
2503,834,118,4,742.97,2971.88
2505,835,16,2,864.69,1729.38
2506,836,119,4,696.06,2784.24
2508,837,74,3,427.63,1282.89
2509,838,3,2,404.17,808.34
2510,838,86,1,333.09,333.09
2511,838,36,2,421.22,842.44
2512,838,25,2,350.4,700.8
2513,838,23,4,740.38,2961.52
2514,839,47,3,365.65,1096.95
2515,839,81,4,565.87,2263.48
2516,840,5,4,183.5,734.0
2517,840,69,2,655.25,1310.5
2518,840,23,2,740.38,1480.76
2519,841,114,3,302.11,906.33
2520,841,87,2,536.55,1073.1
2521,841,68,2,352.5,705.0
2522,841,116,4,633.37,2533.48
2523,841,120,4,8.87,35.48
2524,842,60,1,429.31,429.31
2525,842,119,2,696.06,1392.12
2526,842,12,2,853.06,1706.12
2527,842,112,1,366.07,366.07
2528,842,75,4,53.38,213.52
2529,843,103,2,552.16,1104.32
2530,843,17,1,275.07,275.07
2531,844,71,2,119.5,239.0
2532,844,18,4,160.9,643.6
2533,844,106,2,469.58,939.16
2534,845,55,1,826.63,826.63
2535,846,98,1,299.14,299.14
2536,847,42,2,291.17,582.34
2537,848,57,3,313.09,939.27
2538,849,49,3,307.38,922.14
2539,849,87,3,536.55,1609.65
2540,849,15,2,58.29,116.58
2543,851,4,2,373.72,747.44
2544,851,6,3,704.8,2114.4
2545,851,77,3,285.5,856.5
2546,852,66,3,810.21,2430.63
2547,852,30,3,145.6,436.8
2548,852,42,2,291.17,582.34
2549,853,31,4,271.16,1084.64
2550,853,53,1,283.45,283.45
2551,854,103,1,552.16,552.16
2552,854,7,3,247.03,741.09
2553,854,119,1,696.06,696.06
2554,855,71,4,119.5,478.0
2555,855,61,2,549.46,1098.92
2558,856,87,3,536.55,1609.65
2559,857,56,3,614.64,1843.92
2560,857,28,1,71.4,71.4
2561,857,14,3,5.6,16.8
2562,857,40,4,854.57,3418.28
2563,857,100,3,622.45,1867.35
2564,858,44,2,105.69,211.38
2565,858,70,1,761.64,761.64
2566,858,88,4,378.0,1512.0
2572,860,118,2,742.97,1485.94
2573,860,28,3,71.4,214.2
2574,861,104,1,828.75,828.75
2575,861,19,4,600.64,2402.56
2576,862,31,1,271.16,271.16
2577,862,76,2,133.18,266.36
2578,863,110,1,365.92,365.92
2579,863,5,4,183.5,734.0
2581,863,10,4,520.23,2080.92
2582,864,104,1,828.75,828.75
2583,865,119,3,696.06,2088.18
2584,865,2,4,347.53,1390.12
2586,865,89,4,627.19,2508.76
2587,865,49,2,307.38,614.76
2588,866,10,3,520.23,1560.69
2589,866,104,3,828.75,2486.25
2590,866,16,4,864.69,3458.76
2591,866,112,3,366.07,1098.21
2592,866,68,2,352.5,705.0
2593,867,19,3,600.64,1801.92
2594,867,10,1,520.23,520.23
2595,867,31,1,271.16,271.16
2596,867,58,3,29.56,88.68
2597,867,36,4,421.22,1684.88
2598,868,120,1,8.87,8.87
2599,868,51,1,546.45,546.45
2600,868,55,2,826.63,1653.26
2601,868,56,1,614.64,614.64
2606,870,24,4,192.66,770.64
2607,870,56,2,614.64,1229.28
2608,870,74,3,427.63,1282.89
2609,870,14,1,5.6,5.6
2611,871,95,1,581.67,581.67
2612,871,115,3,107.04,321.12
2613,871,68,1,352.5,352.5
2614,871,18,3,160.9,482.7
2615,871,53,1,283.45,283.45
2616,872,120,4,8.87,35.48
2617,872,3,2,404.17,808.34
2622,874,80,2,803.34,1606.68
2623,874,102,2,820.54,1641.08
2624,874,110,2,365.92,731.84
2625,874,25,4,350.4,1401.6
2626,874,23,1,740.38,740.38
2627,875,98,4,299.14,1196.56
2628,875,54,2,177.51,355.02
2629,875,115,2,107.04,214.08
2630,875,4,2,373.72,747.44
2631,876,18,1,160.9,160.9
2632,876,85,3,209.42,628.26
2633,876,115,3,107.04,321.12
2634,876,72,1,590.71,590.71
2635,876,97,4,665.98,2663.92
2636,877,87,1,536.55,536.55
2637,877,19,4,600.64,2402.56
2638,877,56,3,614.64,1843.92
2639,877,85,1,209.42,209.42
2641,878,74,1,427.63,427.63
2642,878,44,2,105.69,211.38
2643,878,119,4,696.06,2784.24
2644,879,110,1,365.92,365.92
2650,881,8,3,728.74,2186.22
2652,881,83,3,413.04,1239.12
2653,881,36,4,421.22,1684.88
2654,881,11,2,216.7,433.4
2655,882,29,3,536.65,1609.95
2656,882,82,4,348.27,1393.08
2657,882,36,3,421.22,1263.66
2658,883,86,3,333.09,999.27
2659,883,17,1,275.07,275.07
2660,883,77,4,285.5,1142.0
2661,883,18,4,160.9,643.6
2662,884,99,3,734.38,2203.14
2663,885,26,2,319.34,638.68
2664,885,59,2,584.4,1168.8
2665,886,14,1,5.6,5.6
2666,886,60,2,429.31,858.62
2667,886,70,2,761.64,1523.28
2668,886,119,1,696.06,696.06
2674,888,66,1,810.21,810.21
2675,888,6,3,704.8,2114.4
2676,888,105,2,16.05,32.1
2677,889,116,4,633.37,2533.48
2678,889,60,2,429.31,858.62
2679,890,69,2,655.25,1310.5
2680,890,106,4,469.58,1878.32
2681,890,24,3,192.66,577.98
2682,890,14,4,5.6,22.4
2683,890,81,4,565.87,2263.48
2684,891,109,2,677.52,1355.04
2685,892,64,4,272.13,1088.52
2686,893,31,2,271.16,542.32
2687,893,116,1,633.37,633.37
2688,893,52,1,684.74,684.74
2689,893,67,2,650.54,1301.08
2691,894,51,4,546.45,2185.8
2692,895,10,2,520.23,1040.46
2693,895,74,4,427.63,1710.52
2694,896,31,3,271.16,813.48
2695,896,56,1,614.64,614.64
2696,896,80,2,803.34,1606.68
2697,897,85,4,209.42,837.68
2698,897,108,3,580.83,1742.49
2699,898,66,1,810.21,810.21
2700,898,71,4,119.5,478.0
2701,898,81,4,565.87,2263.48
2702,898,9,1,94.61,94.61
2703,898,83,4,413.04,1652.16
2704,899,99,4,734.38,2937.52
2705,899,85,1,209.42,209.42
2706,899,24,1,192.66,192.66
2707,899,4,4,373.72,1494.88
2708,899,120,4,8.87,35.48
2709,900,108,2,580.83,1161.66
2710,900,107,2,314.44,628.88
2711,901,83,2,413.04,826.08
2712,901,24,3,192.66,577.98
2713,901,88,3,378.0,1134.0
2714,901,81,4,565.87,2263.48
2715,902,22,3,130.87,392.61
2716,903,120,4,8.87,35.48
2717,903,68,4,352.5,1410.0
2718,904,88,3,378.0,1134.0
2719,904,69,2,655.25,1310.5
2720,905,88,3,378.0,1134.0
2721,906,22,2,130.87,261.74
2722,906,74,2,427.63,855.26
2723,906,52,3,684.74,2054.22
2724,906,76,1,133.18,133.18
2725,907,50,3,125.27,375.81
2726,907,109,3,677.52,2032.56
2727,907,72,3,590.71,1772.13
2733,909,106,1,469.58,469.58
2734,909,42,2,291.17,582.34
2735,909,26,2,319.34,638.68
2740,911,90,4,379.84,1519.36
2741,912,17,3,275.07,825.21
2742,912,31,2,271.16,542.32
2743,912,109,4,677.52,2710.08
2744,913,57,2,313.09,626.18
2745,913,36,3,421.22,1263.66
2746,913,39,3,431.24,1293.72
2747,913,111,3,771.64,2314.92
2748,913,22,4,130.87,523.48
2749,914,117,4,232.58,930.32
2750,914,16,1,864.69,864.69
2751,914,11,1,216.7,216.7
2752,914,104,1,828.75,828.75
2753,914,89,3,627.19,1881.57
2754,915,103,3,552.16,1656.48
2755,916,82,2,348.27,696.54
2756,916,55,3,826.63,2479.89
2757,917,19,2,600.64,1201.28
2758,917,64,4,272.13,1088.52
2759,917,109,3,677.52,2032.56
2760,917,89,2,627.19,1254.38
2761,918,37,2,602.98,1205.96
2762,918,27,2,408.89,817.78
2763,918,9,1,94.61,94.61
2764,919,81,3,565.87,1697.61
2765,920,34,4,280.97,1123.88
2767,920,21,1,167.95,167.95
2768,920,27,2,408.89,817.78
2769,921,72,4,590.71,2362.84
2770,921,81,2,565.87,1131.74
2771,921,35,1,170.46,170.46
2772,922,94,4,138.47,553.88
2773,922,14,2,5.6,11.2
2774,923,26,2,319.34,638.68
2775,923,57,2,313.09,626.18
2776,924,117,2,232.58,465.16
2778,924,28,1,71.4,71.4
2779,924,95,2,581.67,1163.34
2780,924,53,2,283.45,566.9
2781,925,110,3,365.92,1097.76
2782,925,115,1,107.04,107.04
2783,925,70,4,761.64,3046.56
2784,925,27,4,408.89,1635.56
2785,925,41,4,117.93,471.72
2789,926,15,2,58.29,116.58
2791,927,91,2,707.35,1414.7
2792,928,71,2,119.5,239.0
2793,929,67,4,650.54,2602.16
2794,929,65,2,238.72,477.44
2795,929,111,3,771.64,2314.92
2796,929,73,3,337.65,1012.95
2797,930,26,1,319.34,319.34
2798,931,42,2,291.17,582.34
2799,931,15,1,58.29,58.29
2800,931,59,2,584.4,1168.8
2801,931,9,2,94.61,189.22
2802,931,45,3,508.59,1525.77
2803,932,25,1,350.4,350.4
2804,932,8,4,728.74,2914.96
2806,932,106,1,469.58,469.58
2807,932,26,1,319.34,319.34
2808,933,53,2,283.45,566.9
2809,933,60,1,429.31,429.31
2810,933,97,4,665.98,2663.92
2811,933,85,2,209.42,418.84
2812,934,98,2,299.14,598.28
2813,934,57,2,313.09,626.18
2814,934,120,3,8.87,26.61
2816,934,26,3,319.34,958.02
2819,936,77,2,285.5,571.0
2820,937,104,1,828.75,828.75
2821,938,106,2,469.58,939.16
2822,938,3,1,404.17,404.17
2823,938,100,2,622.45,1244.9
2824,938,13,3,162.11,486.33
2825,939,34,1,280.97,280.97
2826,940,16,4,864.69,3458.76
2827,940,47,4,365.65,1462.6
2829,940,21,1,167.95,167.95
2830,941,30,1,145.6,145.6
2831,941,17,3,275.07,825.21
2832,941,111,2,771.64,1543.28
2833,941,37,1,602.98,602.98
2834,942,47,4,365.65,1462.6
2835,942,117,3,232.58,697.74
2836,942,116,3,633.37,1900.11
2837,942,52,3,684.74,2054.22
2838,942,64,4,272.13,1088.52
2839,943,60,1,429.31,429.31
2840,943,56,1,614.64,614.64
2841,943,1,1,50.31,50.31
2842,944,36,2,421.22,842.44
2843,944,98,1,299.14,299.14
2844,944,12,1,853.06,853.06
2846,945,11,4,216.7,866.8
2847,945,26,2,319.34,638.68
2848,945,66,2,810.21,1620.42
2849,945,6,1,704.8,704.8
2850,946,103,2,552.16,1104.32
2851,946,52,2,684.74,1369.48
2852,947,58,4,29.56,118.24
2853,947,55,4,826.63,3306.52
2854,947,91,1,707.35,707.35
2855,948,119,4,696.06,2784.24
2856,948,33,2,91.79,183.58
2857,948,108,1,580.83,580.83
2858,948,56,2,614.64,1229.28
2863,950,9,3,94.61,283.83
2864,950,106,3,469.58,1408.74
2865,950,92,1,634.57,634.57
2866,950,73,2,337.65,675.3
2867,950,97,1,665.98,665.98
2868,951,68,1,352.5,352.5
2869,951,64,4,272.13,1088.52
2870,951,82,4,348.27,1393.08
2871,951,29,3,536.65,1609.95
2872,951,83,4,413.04,1652.16
2873,952,35,3,170.46,511.38
2875,952,30,3,145.6,436.8
2876,952,107,1,314.44,314.44
2877,952,23,4,740.38,2961.52
2878,953,4,4,373.72,1494.88
2879,953,28,4,71.4,285.6
2880,954,85,1,209.42,209.42
2881,954,86,3,333.09,999.27
2882,955,74,4,427.63,1710.52
2883,955,66,1,810.21,810.21
2884,955,77,4,285.5,1142.0
2885,955,65,3,238.72,716.16
2886,955,114,1,302.11,302.11
2887,956,21,1,167.95,167.95
2888,956,98,3,299.14,897.42
2889,957,70,2,761.64,1523.28
2890,958,107,2,314.44,628.88
2891,959,120,2,8.87,17.74
2892,960,72,4,590.71,2362.84
2893,960,116,4,633.37,2533.48
2894,960,65,4,238.72,954.88
2896,961,55,2,826.63,1653.26
2897,961,15,3,58.29,174.87
2898,961,46,2,241.39,482.78
2899,961,6,4,704.8,2819.2
2900,961,64,4,272.13,1088.52
2901,962,119,4,696.06,2784.24
2902,962,54,2,177.51,355.02
2903,962,90,4,379.84,1519.36
2904,962,82,4,348.27,1393.08
2905,962,37,2,602.98,1205.96
2906,963,75,4,53.38,213.52
2909,964,51,4,546.45,2185.8
2910,964,62,1,806.45,806.45
2912,965,82,2,348.27,696.54
2913,965,105,1,16.05,16.05
2914,965,21,4,167.95,671.8
2915,965,106,1,469.58,469.58
2916,965,112,2,366.07,732.14
2917,966,117,2,232.58,465.16
2918,967,13,2,162.11,324.22
2919,967,55,3,826.63,2479.89
2920,967,41,4,117.93,471.72
2921,967,84,1,896.53,896.53
2922,967,5,4,183.5,734.0
2923,968,74,1,427.63,427.63
2924,968,97,4,665.98,2663.92
2925,968,70,2,761.64,1523.28
2926,968,81,1,565.87,565.87
2927,968,6,4,704.8,2819.2
2932,970,103,1,552.16,552.16
2933,970,85,2,209.42,418.84
2934,970,7,2,247.03,494.06
2935,971,45,1,508.59,508.59
2936,972,104,2,828.75,1657.5
2937,972,51,2,546.45,1092.9
2938,972,27,3,408.89,1226.67
2939,972,54,1,177.51,177.51
2940,972,41,1,117.93,117.93
2941,973,33,4,91.79,367.16
2942,973,23,3,740.38,2221.14
2943,973,7,4,247.03,988.12
2944,973,38,4,757.5,3030.0
2945,973,118,4,742.97,2971.88
2946,974,97,1,665.98,665.98
2947,974,57,3,313.09,939.27
2948,974,44,2,105.69,211.38
2949,974,69,1,655.25,655.25
2950,975,101,2,123.59,247.18
2951,975,17,3,275.07,825.21
2952,975,110,1,365.92,365.92
2953,975,82,3,348.27,1044.81
2958,977,4,3,373.72,1121.16
2959,977,14,1,5.6,5.6
2960,977,11,3,216.7,650.1
2961,977,23,4,740.38,2961.52
2962,978,62,2,806.45,1612.9
2963,978,92,1,634.57,634.57
2964,978,64,3,272.13,816.39
2965,978,72,1,590.71,590.71
2966,979,10,2,520.23,1040.46
2967,979,19,3,600.64,1801.92
2968,979,94,4,138.47,553.88
2969,979,15,4,58.29,233.16
2970,980,48,2,623.0,1246.0
2971,980,34,1,280.97,280.97
2972,981,7,4,247.03,988.12
2973,981,5,3,183.5,550.5
2974,981,87,4,536.55,2146.2
2975,982,120,4,8.87,35.48
2976,982,92,4,634.57,2538.28
2977,983,98,3,299.14,897.42
2978,983,27,2,408.89,817.78
2980,983,86,4,333.09,1332.36
2981,984,8,4,728.74,2914.96
2982,984,103,1,552.16,552.16
2983,984,109,2,677.52,1355.04
2984,984,9,2,94.61,189.22
2985,984,78,2,443.16,886.32
2986,985,66,1,810.21,810.21
2987,986,45,3,508.59,1525.77
2988,986,23,3,740.38,2221.14
2989,986,36,4,421.22,1684.88
2990,986,33,2,91.79,183.58
2995,988,76,2,133.18,266.36
2996,988,68,1,352.5,352.5
2997,988,66,3,810.21,2430.63
2998,988,100,2,622.45,1244.9
3001,990,58,1,29.56,29.56
3002,990,21,1,167.95,167.95
3003,990,67,4,650.54,2602.16
3004,990,31,2,271.16,542.32
3005,990,73,2,337.65,675.3
3006,991,22,1,130.87,130.87
3008,992,56,1,614.64,614.64
3009,992,49,4,307.38,1229.52
3011,992,6,3,704.8,2114.4
3012,993,38,1,757.5,757.5
3013,993,119,1,696.06,696.06
3014,993,41,3,117.93,353.79
3015,993,84,2,896.53,1793.06
3017,994,59,4,584.4,2337.6
3018,995,49,1,307.38,307.38
3019,995,57,1,313.09,313.09
3020,995,107,4,314.44,1257.76
3021,995,10,1,520.23,520.23
3022,995,43,4,771.67,3086.68
3023,996,37,4,602.98,2411.92
3024,996,1,1,50.31,50.31
3026,997,2,2,347.53,695.06
3027,997,48,2,623.0,1246.0
3028,997,99,4,734.38,2937.52
3029,997,72,4,590.71,2362.84
3030,998,16,4,864.69,3458.76
3031,998,61,1,549.46,549.46
3032,998,68,3,352.5,1057.5
3033,998,88,4,378.0,1512.0
3034,998,85,4,209.42,837.68
3035,999,3,2,404.17,808.34
3036,999,12,3,853.06,2559.18
3037,1000,71,1,119.5,119.5
3038,1001,43,1,771.67,771.67
3039,1001,66,4,810.21,3240.84
3040,1001,41,1,117.93,117.93
3041,1002,70,2,761.64,1523.28
3042,1003,21,4,167.95,671.8
3043,1003,19,1,600.64,600.64
3044,1004,14,3,5.6,16.8
3045,1004,106,3,469.58,1408.74
3046,1005,19,4,600.64,2402.56
3047,1005,17,1,275.07,275.07
3048,1005,109,1,677.52,677.52
3049,1005,112,4,366.07,1464.28
3050,1005,47,3,365.65,1096.95
3051,1006,23,3,740.38,2221.14
3053,1006,21,4,167.95,671.8
3054,1006,118,2,742.97,1485.94
3057,1009,96,3,732.78,2198.34
3058,1010,6,4,704.8,2819.2
3059,1010,5,4,183.5,734.0
3060,1011,113,3,590.85,1772.55
3061,1012,67,2,650.54,1301.08
3062,1012,60,4,429.31,1717.24
3063,1012,53,3,283.45,850.35
3064,1012,76,4,133.18,532.72
3065,1012,72,4,590.71,2362.84
3068,1014,29,4,536.65,2146.6
3069,1014,88,2,378.0,756.0
3070,1014,24,3,192.66,577.98
3071,1014,9,2,94.61,189.22
3072,1015,56,2,614.64,1229.28
3073,1015,5,2,183.5,367.0
3074,1015,96,3,732.78,2198.34
3075,1015,55,2,826.63,1653.26
3076,1015,58,2,29.56,59.12
3077,1016,43,3,771.67,2315.01
3082,1018,94,1,138.47,138.47
3083,1018,4,1,373.72,373.72
3084,1018,86,1,333.09,333.09
3085,1019,43,3,771.67,2315.01
3086,1019,104,4,828.75,3315.0
3087,1020,48,3,623.0,1869.0
3088,1020,118,1,742.97,742.97
3089,1020,30,1,145.6,145.6
3090,1020,41,2,117.93,235.86
3091,1020,105,3,16.05,48.15
3092,1021,11,3,216.7,650.1
3093,1022,34,3,280.97,842.91
3094,1022,57,3,313.09,939.27
3095,1022,82,4,348.27,1393.08
3096,1022,114,4,302.11,1208.44
3097,1022,80,2,803.34,1606.68
3098,1023,83,2,413.04,826.08
3099,1023,4,1,373.72,373.72
3100,1023,117,4,232.58,930.32
3101,1024,16,1,864.69,864.69
3102,1024,1,4,50.31,201.24
3103,1024,36,3,421.22,1263.66
3104,1024,45,3,508.59,1525.77
3105,1024,17,1,275.07,275.07
3106,1025,117,3,232.58,697.74
3107,1025,48,3,623.0,1869.0
3108,1026,51,4,546.45,2185.8
3109,1027,62,2,806.45,1612.9
3110,1027,34,3,280.97,842.91
3111,1027,6,2,704.8,1409.6
3112,1027,100,2,622.45,1244.9
3113,1028,111,1,771.64,771.64
3114,1028,29,4,536.65,2146.6
3115,1028,3,2,404.17,808.34
3116,1029,49,3,307.38,922.14
3117,1029,41,4,117.93,471.72
3118,1030,85,2,209.42,418.84
3119,1030,74,2,427.63,855.26
3120,1031,83,4,413.04,1652.16
3121,1032,117,1,232.58,232.58
3122,1032,53,1,283.45,283.45
3123,1032,66,4,810.21,3240.84
3124,1032,33,2,91.79,183.58
3126,1033,72,2,590.71,1181.42
3127,1033,102,4,820.54,3282.16
3128,1033,70,4,761.64,3046.56
3129,1033,58,2,29.56,59.12
3130,1033,42,2,291.17,582.34
3131,1034,33,4,91.79,367.16
3133,1036,13,2,162.11,324.22
3134,1036,83,1,413.04,413.04
3135,1037,14,4,5.6,22.4
3136,1037,99,3,734.38,2203.14
3137,1037,15,1,58.29,58.29
3138,1037,65,3,238.72,716.16
3139,1038,72,1,590.71,590.71
3140,1038,67,3,650.54,1951.62
3141,1038,6,4,704.8,2819.2
3142,1038,91,2,707.35,1414.7
3143,1039,103,3,552.16,1656.48
3144,1039,66,3,810.21,2430.63
3145,1040,21,2,167.95,335.9
3146,1040,1,2,50.31,100.62
3147,1040,7,2,247.03,494.06
3148,1040,23,2,740.38,1480.76
3151,1042,17,1,275.07,275.07
3152,1043,64,2,272.13,544.26
3153,1043,46,1,241.39,241.39
3154,1043,109,2,677.52,1355.04
3155,1043,120,2,8.87,17.74
3156,1044,88,1,378.0,378.0
3157,1045,13,1,162.11,162.11
3159,1045,69,1,655.25,655.25
3160,1045,29,1,536.65,536.65
3161,1045,17,4,275.07,1100.28
3162,1046,16,1,864.69,864.69
3163,1046,101,3,123.59,370.77
3165,1047,54,3,177.51,532.53
3166,1048,97,4,665.98,2663.92
3167,1048,113,4,590.85,2363.4
3168,1048,115,1,107.04,107.04
3169,1048,6,4,704.8,2819.2
3170,1049,84,4,896.53,3586.12
3171,1049,5,2,183.5,367.0
3172,1049,57,2,313.09,626.18
3173,1050,59,2,584.4,1168.8
3174,1050,25,4,350.4,1401.6
3175,1051,101,2,123.59,247.18
3176,1051,53,3,283.45,850.35
3177,1052,109,4,677.52,2710.08
3178,1052,66,1,810.21,810.21
3179,1052,82,4,348.27,1393.08
3180,1052,114,2,302.11,604.22
3181,1052,6,1,704.8,704.8
3184,1054,105,2,16.05,32.1
3185,1054,5,3,183.5,550.5
3186,1055,111,4,771.64,3086.56
3187,1055,60,3,429.31,1287.93
3188,1055,100,4,622.45,2489.8
3189,1056,26,4,319.34,1277.36
3190,1056,47,4,365.65,1462.6
3191,1056,31,3,271.16,813.48
3192,1057,27,1,408.89,408.89
3193,1057,116,3,633.37,1900.11
3194,1057,36,1,421.22,421.22
3195,1057,17,3,275.07,825.21
3199,1059,7,2,247.03,494.06
3200,1059,86,2,333.09,666.18
3201,1059,34,1,280.97,280.97
3202,1060,53,2,283.45,566.9
3203,1060,29,1,536.65,536.65
3204,1060,85,1,209.42,209.42
3205,1060,99,3,734.38,2203.14
3206,1060,59,2,584.4,1168.8
3207,1061,41,3,117.93,353.79
3208,1061,21,3,167.95,503.85
3209,1061,27,2,408.89,817.78
3210,1062,7,2,247.03,494.06
3211,1062,15,1,58.29,58.29
3212,1062,64,4,272.13,1088.52
3213,1062,25,2,350.4,700.8
3214,1063,53,1,283.45,283.45
3215,1063,25,1,350.4,350.4
3216,1063,60,1,429.31,429.31
3217,1064,4,3,373.72,1121.16
3222,1066,68,1,352.5,352.5
3223,1066,104,2,828.75,1657.5
3224,1066,81,2,565.87,1131.74
3225,1066,89,4,627.19,2508.76
3226,1067,77,2,285.5,571.0
3227,1068,46,2,241.39,482.78
3228,1068,106,2,469.58,939.16
3229,1068,115,4,107.04,428.16
3230,1068,111,2,771.64,1543.28
3232,1069,55,3,826.63,2479.89
3233,1069,12,4,853.06,3412.24
3234,1070,64,2,272.13,544.26
3235,1070,101,2,123.59,247.18
3237,1070,98,2,299.14,598.28
3238,1070,65,3,238.72,716.16
3239,1071,81,4,565.87,2263.48
3240,1071,24,4,192.66,770.64
3241,1071,91,3,707.35,2122.05
3242,1071,12,3,853.06,2559.18
3243,1071,110,4,365.92,1463.68
3244,1072,89,2,627.19,1254.38
3247,1073,92,4,634.57,2538.28
3248,1073,105,2,16.05,32.1
3249,1073,86,3,333.09,999.27
3250,1073,88,1,378.0,378.0
3251,1074,69,1,655.25,655.25
3252,1075,86,3,333.09,999.27
3253,1075,41,3,117.93,353.79
3254,1075,30,1,145.6,145.6
3255,1075,110,4,365.92,1463.68
3256,1076,85,3,209.42,628.26
3257,1076,47,4,365.65,1462.6
3258,1076,50,3,125.27,375.81
3259,1076,9,1,94.61,94.61
3260,1077,10,3,520.23,1560.69
3261,1077,73,3,337.65,1012.95
3262,1077,99,1,734.38,734.38
3263,1078,46,4,241.39,965.56
3264,1078,104,2,828.75,1657.5
3265,1078,24,2,192.66,385.32
3266,1078,8,2,728.74,1457.48
3268,1080,69,4,655.25,2621.0
3269,1080,73,4,337.65,1350.6
3270,1080,83,2,413.04,826.08
3271,1080,59,4,584.4,2337.6
3272,1081,59,3,584.4,1753.2
3273,1082,108,2,580.83,1161.66
3274,1082,82,3,348.27,1044.81
3275,1083,87,3,536.55,1609.65
3277,1083,101,1,123.59,123.59
3278,1083,75,1,53.38,53.38
3279,1083,82,4,348.27,1393.08
3281,1085,64,4,272.13,1088.52
3282,1085,52,3,684.74,2054.22
3283,1085,39,1,431.24,431.24
3284,1085,74,2,427.63,855.26
3285,1086,53,2,283.45,566.9
3286,1087,73,2,337.65,675.3
3287,1087,55,4,826.63,3306.52
3289,1088,60,3,429.31,1287.93
3291,1088,2,4,347.53,1390.12
3292,1088,23,1,740.38,740.38
3293,1088,48,3,623.0,1869.0
3294,1089,53,2,283.45,566.9
3295,1089,85,3,209.42,628.26
3296,1089,56,3,614.64,1843.92
3297,1090,51,2,546.45,1092.9
3298,1091,74,3,427.63,1282.89
3299,1091,113,3,590.85,1772.55
3300,1092,65,4,238.72,954.88
3301,1092,54,2,177.51,355.02
3302,1092,17,3,275.07,825.21
3303,1093,17,1,275.07,275.07
3304,1093,8,1,728.74,728.74
3305,1093,89,3,627.19,1881.57
3306,1093,23,3,740.38,2221.14
3307,1094,17,1,275.07,275.07
3308,1094,110,3,365.92,1097.76
3309,1094,100,3,622.45,1867.35
3310,1094,5,1,183.5,183.5
3312,1095,94,4,138.47,553.88
3313,1095,111,4,771.64,3086.56
3314,1096,1,1,50.31,50.31
3315,1096,72,2,590.71,1181.42
3316,1096,56,3,614.64,1843.92
3317,1096,104,3,828.75,2486.25
3318,1097,71,3,119.5,358.5
3319,1097,48,2,623.0,1246.0
3320,1097,7,2,247.03,494.06
3321,1097,114,2,302.11,604.22
3322,1097,27,2,408.89,817.78
3323,1098,39,2,431.24,862.48
3324,1099,101,1,123.59,123.59
3325,1099,106,3,469.58,1408.74
3326,1099,70,2,761.64,1523.28
3327,1099,107,3,314.44,943.32
3328,1100,57,4,313.09,1252.36
3329,1100,114,1,302.11,302.11
3330,1100,37,3,602.98,1808.94
3331,1100,9,2,94.61,189.22
3332,1101,36,4,421.22,1684.88
3333,1101,55,2,826.63,1653.26
3334,1101,51,2,546.45,1092.9
3335,1101,44,2,105.69,211.38
3337,1102,3,2,404.17,808.34
3338,1102,29,4,536.65,2146.6
3339,1103,57,4,313.09,1252.36
3340,1104,23,3,740.38,2221.14
3341,1105,99,2,734.38,1468.76
3342,1105,34,3,280.97,842.91
3343,1105,105,2,16.05,32.1
3345,1105,22,1,130.87,130.87
3346,1106,113,3,590.85,1772.55
3347,1107,60,4,429.31,1717.24
3348,1107,94,4,138.47,553.88
3349,1107,100,3,622.45,1867.35
3350,1107,14,2,5.6,11.2
3351,1107,107,1,314.44,314.44
3352,1108,44,1,105.69,105.69
3353,1108,65,3,238.72,716.16
3354,1109,92,2,634.57,1269.14
3355,1109,33,4,91.79,367.16
3356,1109,118,2,742.97,1485.94
3358,1111,7,1,247.03,247.03
3359,1111,86,1,333.09,333.09
3360,1111,118,4,742.97,2971.88
3361,1111,115,1,107.04,107.04
3362,1111,116,2,633.37,1266.74
3363,1112,95,1,581.67,581.67
3364,1112,114,2,302.11,604.22
3365,1112,115,4,107.04,428.16
3366,1113,47,3,365.65,1096.95
3367,1114,76,4,133.18,532.72
3368,1114,113,2,590.85,1181.7
3369,1114,83,1,413.04,413.04
3370,1115,40,4,854.57,3418.28
3371,1116,2,3,347.53,1042.59
3372,1116,111,4,771.64,3086.56
3373,1117,33,2,91.79,183.58
3374,1117,80,2,803.34,1606.68
3375,1117,90,3,379.84,1139.52
3376,1117,116,3,633.37,1900.11
3377,1118,73,4,337.65,1350.6
3379,1118,3,2,404.17,808.34
3380,1119,42,4,291.17,1164.68
3381,1120,30,2,145.6,291.2
3382,1120,56,2,614.64,1229.28
3384,1120,60,1,429.31,429.31
3385,1121,44,1,105.69,105.69
3386,1121,13,1,162.11,162.11
3387,1121,25,2,350.4,700.8
3388,1121,27,2,408.89,817.78
3390,1122,92,3,634.57,1903.71
3391,1123,115,1,107.04,107.04
3392,1123,2,3,347.53,1042.59
3393,1123,14,1,5.6,5.6
3394,1124,119,4,696.06,2784.24
3395,1124,65,4,238.72,954.88
3396,1124,118,3,742.97,2228.91
3397,1124,120,4,8.87,35.48
3398,1124,64,3,272.13,816.39
3399,1125,38,2,757.5,1515.0
3400,1125,85,2,209.42,418.84
3401,1126,89,3,627.19,1881.57
3402,1126,9,3,94.61,283.83
3403,1126,6,1,704.8,704.8
3405,1127,106,2,469.58,939.16
3406,1127,98,2,299.14,598.28
3407,1127,53,1,283.45,283.45
3409,1128,1,2,50.31,100.62
3410,1129,42,2,291.17,582.34
3411,1130,71,4,119.5,478.0
3412,1130,89,2,627.19,1254.38
3413,1130,21,1,167.95,167.95
3414,1131,120,2,8.87,17.74
3416,1131,110,4,365.92,1463.68
3417,1131,30,2,145.6,291.2
3418,1132,117,4,232.58,930.32
3419,1132,104,4,828.75,3315.0
3420,1132,97,4,665.98,2663.92
3422,1132,99,2,734.38,1468.76
3423,1133,13,2,162.11,324.22
3424,1133,87,2,536.55,1073.1
3425,1134,52,4,684.74,2738.96
3426,1135,22,1,130.87,130.87
3427,1135,1,3,50.31,150.93
3428,1135,82,1,348.27,348.27
3429,1135,116,4,633.37,2533.48
3430,1135,120,4,8.87,35.48
3431,1136,110,3,365.92,1097.76
3432,1136,69,4,655.25,2621.0
3433,1136,83,1,413.04,413.04
3435,1136,70,4,761.64,3046.56
3436,1137,58,2,29.56,59.12
3437,1137,27,2,408.89,817.78
3438,1137,40,4,854.57,3418.28
3439,1138,3,2,404.17,808.34
3440,1138,57,4,313.09,1252.36
3441,1138,35,3,170.46,511.38
3442,1138,81,4,565.87,2263.48
3443,1138,61,4,549.46,2197.84
3447,1140,108,3,580.83,1742.49
3448,1140,59,1,584.4,584.4
3449,1140,67,3,650.54,1951.62
3450,1141,85,4,209.42,837.68
3451,1141,82,3,348.27,1044.81
3452,1142,6,1,704.8,704.8
3453,1142,51,2,546.45,1092.9
3454,1142,52,3,684.74,2054.22
3455,1142,38,1,757.5,757.5
3460,1144,48,3,623.0,1869.0
3461,1144,118,4,742.97,2971.88
3462,1144,2,3,347.53,1042.59
3463,1145,99,4,734.38,2937.52
3464,1145,73,3,337.65,1012.95
3465,1145,25,1,350.4,350.4
3466,1146,54,1,177.51,177.51
3467,1146,113,2,590.85,1181.7
3468,1147,33,1,91.79,91.79
3469,1147,17,3,275.07,825.21
3470,1147,77,4,285.5,1142.0
3471,1148,19,1,600.64,600.64
3472,1148,101,3,123.59,370.77
3473,1148,100,4,622.45,2489.8
3474,1148,17,2,275.07,550.14
3475,1149,2,3,347.53,1042.59
3476,1149,43,1,771.67,771.67
3477,1149,31,3,271.16,813.48
3478,1149,28,4,71.4,285.6
3479,1149,120,3,8.87,26.61
3480,1150,109,2,677.52,1355.04
3483,1152,119,2,696.06,1392.12
3484,1152,100,4,622.45,2489.8
3485,1153,71,2,119.5,239.0
3486,1153,42,3,291.17,873.51
3487,1153,22,3,130.87,392.61
3488,1154,48,1,623.0,623.0
3490,1154,11,1,216.7,216.7
3491,1154,58,1,29.56,29.56
3492,1155,46,2,241.39,482.78
3493,1155,99,3,734.38,2203.14
3494,1156,59,2,584.4,1168.8
3495,1156,26,2,319.34,638.68
3496,1156,34,1,280.97,280.97
3497,1156,38,1,757.5,757.5
3498,1156,109,4,677.52,2710.08
3499,1157,24,4,192.66,770.64
3500,1157,55,2,826.63,1653.26
3501,1157,120,1,8.87,8.87
3502,1157,5,2,183.5,367.0
3503,1157,66,4,810.21,3240.84
3504,1158,24,3,192.66,577.98
3505,1158,16,2,864.69,1729.38
3506,1158,57,2,313.09,626.18
3507,1159,46,4,241.39,965.56
3508,1160,96,4,732.78,2931.12
3509,1160,49,1,307.38,307.38
3510,1160,120,2,8.87,17.74
3511,1160,21,4,167.95,671.8
3512,1161,7,1,247.03,247.03
3514,1161,76,3,133.18,399.54
3515,1162,21,1,167.95,167.95
3516,1162,13,4,162.11,648.44
3517,1162,91,3,707.35,2122.05
3518,1163,39,4,431.24,1724.96
3519,1163,80,4,803.34,3213.36
3520,1163,97,3,665.98,1997.94
3521,1163,116,4,633.37,2533.48
3522,1163,108,3,580.83,1742.49
3523,1164,10,4,520.23,2080.92
3524,1164,57,1,313.09,313.09
3525,1165,116,3,633.37,1900.11
3526,1165,11,3,216.7,650.1
3527,1165,60,3,429.31,1287.93
3528,1165,2,1,347.53,347.53
3529,1166,51,2,546.45,1092.9
3530,1166,67,2,650.54,1301.08
3531,1166,14,3,5.6,16.8
3532,1166,11,1,216.7,216.7
3533,1166,24,2,192.66,385.32
3534,1167,2,2,347.53,695.06
3535,1167,114,4,302.11,1208.44
3536,1167,106,1,469.58,469.58
3537,1167,3,2,404.17,808.34
3538,1167,95,4,581.67,2326.68
3539,1168,96,1,732.78,732.78
3540,1168,65,4,238.72,954.88
3541,1168,69,1,655.25,655.25
3542,1169,16,2,864.69,1729.38
3543,1170,40,3,854.57,2563.71
3544,1170,18,2,160.9,321.8
3545,1170,83,1,413.04,413.04
3546,1170,111,3,771.64,2314.92
3547,1171,8,3,728.74,2186.22
3548,1171,113,4,590.85,2363.4
3549,1171,18,1,160.9,160.9
3550,1172,18,2,160.9,321.8
3551,1172,118,4,742.97,2971.88
3552,1172,57,2,313.09,626.18
3553,1172,11,1,216.7,216.7
3554,1173,12,4,853.06,3412.24
3555,1173,47,1,365.65,365.65
3556,1173,82,4,348.27,1393.08
3557,1173,38,2,757.5,1515.0
3558,1174,38,1,757.5,757.5
3560,1174,51,1,546.45,546.45
3561,1174,87,4,536.55,2146.2
3562,1175,67,4,650.54,2602.16
3563,1175,11,3,216.7,650.1
3564,1176,42,3,291.17,873.51
3565,1176,82,3,348.27,1044.81
3566,1176,115,3,107.04,321.12
3567,1176,27,3,408.89,1226.67
3568,1177,34,2,280.97,561.94
3569,1178,87,1,536.55,536.55
3570,1178,35,2,170.46,340.92
3571,1178,59,2,584.4,1168.8
3572,1179,81,2,565.87,1131.74
3573,1179,89,3,627.19,1881.57
3574,1179,118,4,742.97,2971.88
3575,1179,1,3,50.31,150.93
3576,1179,73,3,337.65,1012.95
3577,1180,109,1,677.52,677.52
3579,1181,100,1,622.45,622.45
3581,1181,99,1,734.38,734.38
3582,1182,29,3,536.65,1609.95
3584,1182,30,1,145.6,145.6
3585,1182,28,1,71.4,71.4
3586,1182,52,1,684.74,684.74
3587,1183,51,3,546.45,1639.35
3588,1183,18,2,160.9,321.8
3591,1186,48,1,623.0,623.0
3592,1186,100,4,622.45,2489.8
3593,1186,31,3,271.16,813.48
3594,1187,4,4,373.72,1494.88
3595,1187,76,4,133.18,532.72
3596,1187,94,4,138.47,553.88
3597,1187,95,2,581.67,1163.34
3598,1188,23,1,740.38,740.38
3599,1188,54,1,177.51,177.51
3600,1189,61,1,549.46,549.46
3601,1190,5,3,183.5,550.5
3603,1191,53,4,283.45,1133.8
3604,1191,70,1,761.64,761.64
3605,1192,4,4,373.72,1494.88
3606,1193,14,2,5.6,11.2
3607,1194,64,1,272.13,272.13
3608,1194,19,3,600.64,1801.92
3609,1194,24,3,192.66,577.98
3610,1194,16,1,864.69,864.69
3611,1195,40,1,854.57,854.57
3613,1195,53,3,283.45,850.35
3614,1196,2,2,347.53,695.06
3615,1196,19,3,600.64,1801.92
3616,1196,44,2,105.69,211.38
3617,1196,24,1,192.66,192.66
3618,1197,49,1,307.38,307.38
3620,1198,11,3,216.7,650.1
3621,1198,84,1,896.53,896.53
3622,1198,60,2,429.31,858.62
3623,1198,78,3,443.16,1329.48
3624,1199,14,1,5.6,5.6
3625,1200,97,4,665.98,2663.92
3626,1200,90,4,379.84,1519.36
3627,1200,37,4,602.98,2411.92
3628,1200,94,4,138.47,553.88
3629,1201,4,2,373.72,747.44
3630,1201,66,1,810.21,810.21
3631,1201,96,1,732.78,732.78
3632,1202,52,2,684.74,1369.48
3633,1203,36,3,421.22,1263.66
3634,1203,70,3,761.64,2284.92
3635,1204,53,2,283.45,566.9
3636,1204,41,1,117.93,117.93
3637,1204,36,2,421.22,842.44
3638,1204,56,4,614.64,2458.56
3639,1204,24,2,192.66,385.32
3640,1205,8,1,728.74,728.74
3645,1207,106,2,469.58,939.16
3646,1207,31,2,271.16,542.32
3648,1208,92,3,634.57,1903.71
3649,1208,80,1,803.34,803.34
3650,1208,6,4,704.8,2819.2
3651,1209,66,4,810.21,3240.84
3652,1209,36,1,421.22,421.22
3653,1209,88,2,378.0,756.0
3654,1209,29,1,536.65,536.65
3656,1210,104,3,828.75,2486.25
3657,1210,40,1,854.57,854.57
3659,1210,3,4,404.17,1616.68
3660,1210,25,4,350.4,1401.6
3664,1212,89,2,627.19,1254.38
3666,1214,60,3,429.31,1287.93
3667,1214,30,2,145.6,291.2
3668,1215,38,1,757.5,757.5
3669,1216,15,2,58.29,116.58
3670,1216,88,3,378.0,1134.0
3671,1216,54,1,177.51,177.51
3672,1216,9,4,94.61,378.44
3673,1216,81,1,565.87,565.87
3674,1217,11,2,216.7,433.4
3675,1218,26,2,319.34,638.68
3676,1218,116,4,633.37,2533.48
3678,1220,84,2,896.53,1793.06
3679,1220,23,4,740.38,2961.52
3680,1220,115,3,107.04,321.12
3682,1221,96,2,732.78,1465.56
3683,1221,103,3,552.16,1656.48
3684,1221,81,4,565.87,2263.48
3685,1222,106,2,469.58,939.16
3686,1222,59,1,584.4,584.4
3688,1223,110,4,365.92,1463.68
3689,1223,17,4,275.07,1100.28
3690,1223,36,4,421.22,1684.88
3691,1224,75,2,53.38,106.76
3692,1224,8,1,728.74,728.74
3693,1225,19,3,600.64,1801.92
3694,1225,17,2,275.07,550.14
3695,1225,31,3,271.16,813.48
3696,1226,12,4,853.06,3412.24
3697,1226,44,3,105.69,317.07
3698,1227,103,1,552.16,552.16
3699,1227,37,1,602.98,602.98
3700,1227,83,4,413.04,1652.16
3701,1228,30,3,145.6,436.8
3702,1228,40,2,854.57,1709.14
3703,1228,29,3,536.65,1609.95
3704,1228,44,4,105.69,422.76
3705,1229,6,2,704.8,1409.6
3707,1231,55,2,826.63,1653.26
3708,1231,1,4,50.31,201.24
3709,1231,106,1,469.58,469.58
3710,1231,31,1,271.16,271.16
3711,1231,64,2,272.13,544.26
3712,1232,2,2,347.53,695.06
3713,1233,96,4,732.78,2931.12
3714,1233,13,4,162.11,648.44
3715,1233,76,1,133.18,133.18
3716,1233,106,4,469.58,1878.32
3718,1235,118,1,742.97,742.97
3719,1235,2,4,347.53,1390.12
3720,1235,81,3,565.87,1697.61
3721,1236,67,2,650.54,1301.08
3722,1236,96,1,732.78,732.78
3723,1236,1,4,50.31,201.24
3724,1236,61,4,549.46,2197.84
3725,1237,17,2,275.07,550.14
3726,1237,115,4,107.04,428.16
3727,1238,58,4,29.56,118.24
3728,1239,87,3,536.55,1609.65
3729,1240,86,2,333.09,666.18
3730,1240,112,2,366.07,732.14
3731,1240,38,4,757.5,3030.0
3732,1241,78,3,443.16,1329.48
3733,1241,86,3,333.09,999.27
3734,1241,98,4,299.14,1196.56
3735,1241,49,4,307.38,1229.52
3741,1244,69,3,655.25,1965.75
3742,1244,111,3,771.64,2314.92
3743,1244,29,2,536.65,1073.3
3744,1244,74,3,427.63,1282.89
3745,1244,18,4,160.9,643.6
3746,1245,13,1,162.11,162.11
3747,1245,48,3,623.0,1869.0
3748,1246,30,3,145.6,436.8
3749,1246,86,1,333.09,333.09
3750,1247,54,4,177.51,710.04
3751,1247,34,4,280.97,1123.88
3752,1247,99,1,734.38,734.38
3754,1248,117,1,232.58,232.58
3755,1248,64,3,272.13,816.39
3756,1248,43,4,771.67,3086.68
3757,1248,104,3,828.75,2486.25
3758,1249,21,1,167.95,167.95
3759,1249,30,3,145.6,436.8
3760,1249,94,3,138.47,415.41
3761,1249,50,4,125.27,501.08
3762,1250,27,4,408.89,1635.56
3763,1250,8,4,728.74,2914.96
3764,1250,106,4,469.58,1878.32
3765,1250,65,2,238.72,477.44
3766,1251,68,2,352.5,705.0
3767,1251,3,3,404.17,1212.51
3768,1252,7,3,247.03,741.09
3769,1252,21,4,167.95,671.8
3770,1252,73,4,337.65,1350.6
3771,1252,23,4,740.38,2961.52
3772,1253,2,4,347.53,1390.12
3773,1253,58,2,29.56,59.12
3774,1254,118,2,742.97,1485.94
3775,1254,52,2,684.74,1369.48
3776,1254,61,4,549.46,2197.84
3777,1254,54,4,177.51,710.04
3778,1254,89,4,627.19,2508.76
3779,1255,76,1,133.18,133.18
3780,1255,87,3,536.55,1609.65
3782,1255,23,2,740.38,1480.76
3783,1256,55,3,826.63,2479.89
3784,1256,33,3,91.79,275.37
3785,1256,100,1,622.45,622.45
3786,1256,2,4,347.53,1390.12
3787,1257,31,3,271.16,813.48
3788,1258,24,2,192.66,385.32
3789,1258,8,2,728.74,1457.48
3790,1259,55,1,826.63,826.63
3791,1259,78,1,443.16,443.16
3792,1259,16,2,864.69,1729.38
3794,1260,107,4,314.44,1257.76
3795,1261,73,1,337.65,337.65
3796,1261,102,3,820.54,2461.62
3797,1261,71,4,119.5,478.0
3798,1261,2,1,347.53,347.53
3799,1262,118,2,742.97,1485.94
3800,1263,88,3,378.0,1134.0
3801,1263,2,2,347.53,695.06
3802,1263,5,4,183.5,734.0
3807,1265,94,1,138.47,138.47
3809,1265,105,2,16.05,32.1
3810,1265,71,2,119.5,239.0
3811,1265,42,4,291.17,1164.68
3812,1266,39,4,431.24,1724.96
3813,1267,59,2,584.4,1168.8
3814,1267,111,3,771.64,2314.92
3815,1268,3,1,404.17,404.17
3816,1268,58,4,29.56,118.24
3818,1269,73,2,337.65,675.3
3823,1271,46,3,241.39,724.17
3825,1273,97,2,665.98,1331.96
3826,1273,100,2,622.45,1244.9
3832,1275,64,2,272.13,544.26
3833,1275,52,4,684.74,2738.96
3834,1276,100,2,622.45,1244.9
3835,1276,111,3,771.64,2314.92
3836,1276,35,1,170.46,170.46
3837,1276,83,2,413.04,826.08
3838,1276,12,1,853.06,853.06
3839,1277,110,2,365.92,731.84
3840,1277,36,4,421.22,1684.88
3841,1277,61,1,549.46,549.46
3842,1277,41,2,117.93,235.86
3843,1278,1,2,50.31,100.62
3845,1280,13,2,162.11,324.22
3846,1280,35,1,170.46,170.46
3847,1280,27,1,408.89,408.89
3848,1281,17,2,275.07,550.14
3849,1281,48,1,623.0,623.0
3850,1281,89,2,627.19,1254.38
3851,1281,95,3,581.67,1745.01
3852,1281,33,3,91.79,275.37
3853,1282,99,4,734.38,2937.52
3854,1282,70,4,761.64,3046.56
3855,1282,62,2,806.45,1612.9
3860,1284,68,2,352.5,705.0
3861,1284,25,3,350.4,1051.2
3862,1284,107,4,314.44,1257.76
3863,1284,95,2,581.67,1163.34
3864,1284,70,3,761.64,2284.92
3865,1285,95,4,581.67,2326.68
3866,1285,48,2,623.0,1246.0
3868,1286,58,4,29.56,118.24
3869,1286,23,3,740.38,2221.14
3870,1286,71,1,119.5,119.5
3871,1287,73,1,337.65,337.65
3872,1287,74,4,427.63,1710.52
3873,1287,23,4,740.38,2961.52
3874,1288,75,3,53.38,160.14
3876,1289,10,1,520.23,520.23
3877,1290,39,4,431.24,1724.96
3878,1290,108,2,580.83,1161.66
3879,1291,60,1,429.31,429.31
3881,1292,51,2,546.45,1092.9
3883,1293,85,1,209.42,209.42
3884,1293,19,2,600.64,1201.28
3886,1293,29,3,536.65,1609.95
3887,1294,45,3,508.59,1525.77
3888,1294,36,2,421.22,842.44
3889,1294,116,4,633.37,2533.48
3890,1294,105,4,16.05,64.2
3891,1295,78,1,443.16,443.16
3892,1295,38,4,757.5,3030.0
3893,1295,24,4,192.66,770.64
3894,1296,80,2,803.34,1606.68
3896,1296,73,2,337.65,675.3
3897,1296,25,2,350.4,700.8
3898,1297,45,3,508.59,1525.77
3899,1297,55,4,826.63,3306.52
3900,1297,100,4,622.45,2489.8
3901,1298,49,2,307.38,614.76
3902,1298,108,1,580.83,580.83
3903,1299,84,1,896.53,896.53
3904,1300,62,2,806.45,1612.9
3905,1300,95,3,581.67,1745.01
3906,1300,35,1,170.46,170.46
3907,1301,7,4,247.03,988.12
3908,1301,40,3,854.57,2563.71
3910,1301,109,4,677.52,2710.08
3911,1302,113,4,590.85,2363.4
3912,1302,54,2,177.51,355.02
3913,1302,33,4,91.79,367.16
3914,1303,67,3,650.54,1951.62
3916,1304,90,3,379.84,1139.52
3917,1304,22,4,130.87,523.48
3918,1304,74,4,427.63,1710.52
3919,1305,116,2,633.37,1266.74
3920,1305,5,4,183.5,734.0
3921,1305,30,2,145.6,291.2
3922,1306,61,1,549.46,549.46
3923,1306,90,2,379.84,759.68
3924,1306,102,2,820.54,1641.08
3925,1306,114,4,302.11,1208.44
3926,1307,66,3,810.21,2430.63
3927,1307,83,3,413.04,1239.12
3928,1307,65,1,238.72,238.72
3929,1307,56,2,614.64,1229.28
3930,1308,97,3,665.98,1997.94
3931,1308,62,3,806.45,2419.35
3932,1308,52,3,684.74,2054.22
3933,1308,4,2,373.72,747.44
3934,1308,95,4,581.67,2326.68
3935,1309,111,1,771.64,771.64
3936,1309,52,2,684.74,1369.48
3937,1309,88,1,378.0,378.0
3939,1309,57,1,313.09,313.09
3946,1311,34,2,280.97,561.94
3947,1311,22,2,130.87,261.74
3948,1312,89,4,627.19,2508.76
3949,1312,3,4,404.17,1616.68
3950,1312,15,1,58.29,58.29
3951,1312,37,4,602.98,2411.92
3952,1312,46,3,241.39,724.17
3953,1313,85,1,209.42,209.42
3954,1313,101,1,123.59,123.59
3958,1315,43,1,771.67,771.67
3959,1316,53,3,283.45,850.35
3960,1316,81,1,565.87,565.87
3961,1317,59,2,584.4,1168.8
3962,1318,107,3,314.44,943.32
3963,1318,39,1,431.24,431.24
3964,1318,108,1,580.83,580.83
3965,1319,81,4,565.87,2263.48
3966,1319,36,4,421.22,1684.88
3967,1319,12,1,853.06,853.06
3968,1319,10,4,520.23,2080.92
3969,1320,68,2,352.5,705.0
3970,1321,119,2,696.06,1392.12
3971,1321,54,3,177.51,532.53
3972,1322,43,4,771.67,3086.68
3973,1322,67,1,650.54,650.54
3974,1322,88,3,378.0,1134.0
3975,1323,53,1,283.45,283.45
3976,1323,77,2,285.5,571.0
3977,1324,58,1,29.56,29.56
3978,1324,52,4,684.74,2738.96
3980,1324,105,2,16.05,32.1
3981,1324,119,2,696.06,1392.12
3982,1325,33,4,91.79,367.16
3983,1325,65,3,238.72,716.16
3984,1325,97,2,665.98,1331.96
3985,1325,11,3,216.7,650.1
3986,1326,58,3,29.56,88.68
3987,1326,64,4,272.13,1088.52
3989,1326,67,1,650.54,650.54
3990,1326,48,4,623.0,2492.0
3991,1327,75,4,53.38,213.52
3992,1327,40,2,854.57,1709.14
3993,1327,73,1,337.65,337.65
3994,1328,80,4,803.34,3213.36
3995,1328,17,4,275.07,1100.28
3996,1328,2,4,347.53,1390.12
3997,1328,50,3,125.27,375.81
3998,1328,54,2,177.51,355.02
3999,1329,111,4,771.64,3086.56
4000,1329,52,4,684.74,2738.96
4001,1329,72,3,590.71,1772.13
4007,1332,102,3,820.54,2461.62
4008,1333,10,2,520.23,1040.46
4009,1333,28,4,71.4,285.6
4010,1333,39,4,431.24,1724.96
4011,1333,16,4,864.69,3458.76
4012,1333,3,4,404.17,1616.68
4013,1334,91,2,707.35,1414.7
4014,1334,84,2,896.53,1793.06
4016,1334,8,1,728.74,728.74
4017,1334,67,3,650.54,1951.62
4018,1335,69,1,655.25,655.25
4019,1335,17,3,275.07,825.21
4020,1335,113,1,590.85,590.85
4021,1335,1,4,50.31,201.24
4022,1336,109,2,677.52,1355.04
4023,1336,1,3,50.31,150.93
4024,1336,40,1,854.57,854.57
4025,1337,41,1,117.93,117.93
4026,1337,109,4,677.52,2710.08
4027,1337,52,2,684.74,1369.48
4028,1337,13,3,162.11,486.33
4029,1337,2,4,347.53,1390.12
4030,1338,107,1,314.44,314.44
4031,1338,80,4,803.34,3213.36
4032,1338,96,4,732.78,2931.12
4033,1339,37,3,602.98,1808.94
4034,1339,71,1,119.5,119.5
4035,1339,78,4,443.16,1772.64
4036,1339,1,2,50.31,100.62
4037,1340,10,1,520.23,520.23
4038,1340,100,1,622.45,622.45
4039,1340,97,3,665.98,1997.94
4040,1341,35,3,170.46,511.38
4041,1342,45,3,508.59,1525.77
4042,1343,35,4,170.46,681.84
4043,1343,92,2,634.57,1269.14
4044,1343,103,1,552.16,552.16
4050,1345,31,3,271.16,813.48
4051,1346,85,4,209.42,837.68
4052,1347,116,4,633.37,2533.48
4054,1348,54,4,177.51,710.04
4055,1348,17,1,275.07,275.07
4056,1349,72,1,590.71,590.71
4057,1349,62,1,806.45,806.45
4058,1349,6,1,704.8,704.8
4059,1349,77,3,285.5,856.5
4060,1349,22,1,130.87,130.87
4061,1350,43,3,771.67,2315.01
4062,1351,15,4,58.29,233.16
4063,1352,116,3,633.37,1900.11
4064,1352,61,3,549.46,1648.38
4065,1352,87,1,536.55,536.55
4066,1352,1,2,50.31,100.62
4067,1352,62,2,806.45,1612.9
4068,1353,44,4,105.69,422.76
4069,1353,94,4,138.47,553.88
4071,1353,74,2,427.63,855.26
4072,1353,35,4,170.46,681.84
4074,1354,3,4,404.17,1616.68
4075,1354,17,1,275.07,275.07
4076,1354,48,1,623.0,623.0
4079,1355,108,1,580.83,580.83
4080,1355,2,2,347.53,695.06
4081,1355,80,2,803.34,1606.68
4082,1356,99,3,734.38,2203.14
4083,1356,59,3,584.4,1753.2
4084,1357,92,4,634.57,2538.28
4085,1357,69,4,655.25,2621.0
4086,1357,56,3,614.64,1843.92
4087,1357,6,3,704.8,2114.4
4088,1357,18,2,160.9,321.8
4089,1358,66,1,810.21,810.21
4090,1358,12,1,853.06,853.06
4091,1359,98,4,299.14,1196.56
4092,1359,43,2,771.67,1543.34
4093,1359,51,3,546.45,1639.35
4094,1360,31,4,271.16,1084.64
4095,1361,38,4,757.5,3030.0
4096,1362,47,3,365.65,1096.95
4097,1363,55,4,826.63,3306.52
4098,1364,17,3,275.07,825.21
4099,1364,23,2,740.38,1480.76
4100,1364,33,3,91.79,275.37
4104,1366,69,3,655.25,1965.75
4105,1366,51,4,546.45,2185.8
4106,1366,56,4,614.64,2458.56
4107,1366,96,1,732.78,732.78
4108,1366,120,2,8.87,17.74
4109,1367,71,4,119.5,478.0
4110,1367,1,2,50.31,100.62
4111,1367,48,4,623.0,2492.0
4112,1367,88,1,378.0,378.0
4113,1368,47,2,365.65,731.3
4114,1368,56,2,614.64,1229.28
4116,1368,31,2,271.16,542.32
4117,1368,28,4,71.4,285.6
4118,1369,120,4,8.87,35.48
4119,1369,103,2,552.16,1104.32
4120,1369,115,4,107.04,428.16
4121,1369,59,2,584.4,1168.8
4122,1370,18,2,160.9,321.8
4124,1371,25,3,350.4,1051.2
4125,1371,30,3,145.6,436.8
4126,1371,98,1,299.14,299.14
4127,1372,111,3,771.64,2314.92
4128,1372,11,2,216.7,433.4
4129,1372,43,1,771.67,771.67
4130,1373,4,1,373.72,373.72
4131,1374,81,2,565.87,1131.74
4133,1374,100,1,622.45,622.45
4135,1375,72,1,590.71,590.71
4136,1375,47,1,365.65,365.65
4137,1376,11,1,216.7,216.7
4138,1376,94,3,138.47,415.41
4139,1376,106,2,469.58,939.16
4140,1377,22,3,130.87,392.61
4141,1377,55,1,826.63,826.63
4142,1377,59,4,584.4,2337.6
4143,1377,54,1,177.51,177.51
4144,1377,18,2,160.9,321.8
4145,1378,114,1,302.11,302.11
4146,1378,102,4,820.54,3282.16
4147,1378,34,4,280.97,1123.88
4148,1378,53,2,283.45,566.9
4149,1379,108,1,580.83,580.83
4150,1379,77,4,285.5,1142.0
4151,1379,102,3,820.54,2461.62
4152,1380,38,2,757.5,1515.0
4153,1380,28,3,71.4,214.2
4154,1380,17,1,275.07,275.07
4155,1380,96,2,732.78,1465.56
4156,1381,43,3,771.67,2315.01
4161,1383,90,2,379.84,759.68
4163,1383,9,4,94.61,378.44
4164,1383,109,3,677.52,2032.56
4165,1383,66,1,810.21,810.21
4166,1384,52,3,684.74,2054.22
4167,1384,40,3,854.57,2563.71
4168,1384,60,4,429.31,1717.24
4169,1385,1,4,50.31,201.24
4170,1385,110,4,365.92,1463.68
4171,1386,50,4,125.27,501.08
4172,1387,53,4,283.45,1133.8
4173,1387,36,3,421.22,1263.66
4174,1387,43,3,771.67,2315.01
4175,1387,64,2,272.13,544.26
4176,1387,86,4,333.09,1332.36
4177,1388,104,3,828.75,2486.25
4178,1388,68,3,352.5,1057.5
4179,1388,110,4,365.92,1463.68
4180,1388,17,3,275.07,825.21
4182,1389,61,2,549.46,1098.92
4183,1389,120,4,8.87,35.48
4184,1389,38,4,757.5,3030.0
4185,1389,1,2,50.31,100.62
4186,1390,53,1,283.45,283.45
4187,1390,25,3,350.4,1051.2
4188,1391,6,3,704.8,2114.4
4189,1391,103,2,552.16,1104.32
4190,1392,2,1,347.53,347.53
4191,1392,75,4,53.38,213.52
4192,1392,99,4,734.38,2937.52
4193,1392,56,3,614.64,1843.92
4194,1392,82,2,348.27,696.54
4195,1393,41,4,117.93,471.72
4196,1393,118,4,742.97,2971.88
4197,1393,6,4,704.8,2819.2
4198,1394,74,1,427.63,427.63
4199,1394,33,1,91.79,91.79
4201,1396,60,2,429.31,858.62
4202,1397,61,4,549.46,2197.84
4203,1397,37,3,602.98,1808.94
4204,1397,69,1,655.25,655.25
4205,1397,56,1,614.64,614.64
4206,1398,67,3,650.54,1951.62
4207,1398,97,4,665.98,2663.92
4209,1398,17,2,275.07,550.14
4210,1398,108,2,580.83,1161.66
4211,1399,97,4,665.98,2663.92
4212,1399,36,2,421.22,842.44
4213,1399,22,4,130.87,523.48
4214,1399,59,1,584.4,584.4
4215,1399,54,2,177.51,355.02
4216,1400,119,4,696.06,2784.24
4217,1400,115,2,107.04,214.08
4218,1400,103,2,552.16,1104.32
4219,1400,98,3,299.14,897.42
4220,1400,12,3,853.06,2559.18
4221,1401,18,2,160.9,321.8
4222,1401,59,4,584.4,2337.6
4223,1402,61,1,549.46,549.46
4224,1402,87,4,536.55,2146.2
4225,1403,104,3,828.75,2486.25
4226,1403,60,1,429.31,429.31
4227,1403,58,4,29.56,118.24
4228,1404,70,4,761.64,3046.56
4229,1404,80,4,803.34,3213.36
4230,1404,88,3,378.0,1134.0
4231,1404,6,3,704.8,2114.4
4232,1404,108,1,580.83,580.83
4233,1405,65,4,238.72,954.88
4234,1405,34,1,280.97,280.97
4235,1406,52,1,684.74,684.74
4236,1406,88,3,378.0,1134.0
4237,1406,14,1,5.6,5.6
4238,1406,24,4,192.66,770.64
4239,1406,15,1,58.29,58.29
4240,1407,50,1,125.27,125.27
4241,1407,92,1,634.57,634.57
4242,1407,98,2,299.14,598.28
4243,1407,109,2,677.52,1355.04
4244,1408,85,4,209.42,837.68
4245,1408,120,2,8.87,17.74
4246,1408,109,1,677.52,677.52
4247,1408,56,3,614.64,1843.92
4248,1408,39,4,431.24,1724.96
4249,1409,89,4,627.19,2508.76
4250,1409,58,1,29.56,29.56
4251,1409,2,2,347.53,695.06
4252,1410,87,2,536.55,1073.1
4253,1410,116,4,633.37,2533.48
4254,1410,5,2,183.5,367.0
4255,1410,46,3,241.39,724.17
4257,1412,109,4,677.52,2710.08
4258,1412,7,4,247.03,988.12
4259,1412,26,4,319.34,1277.36
4260,1413,113,4,590.85,2363.4
4261,1413,112,2,366.07,732.14
4262,1413,58,3,29.56,88.68
4263,1413,80,3,803.34,2410.02
4264,1414,4,2,373.72,747.44
4265,1414,118,4,742.97,2971.88
4266,1414,98,4,299.14,1196.56
4267,1415,62,4,806.45,3225.8
4268,1415,28,2,71.4,142.8
4269,1415,98,3,299.14,897.42
4270,1416,85,2,209.42,418.84
4271,1416,57,4,313.09,1252.36
4272,1417,72,3,590.71,1772.13
4273,1417,48,2,623.0,1246.0
4274,1417,118,3,742.97,2228.91
4275,1418,69,4,655.25,2621.0
4277,1418,75,3,53.38,160.14
4278,1419,96,3,732.78,2198.34
4279,1419,81,1,565.87,565.87
4280,1419,74,4,427.63,1710.52
4281,1420,2,2,347.53,695.06
4282,1420,21,1,167.95,167.95
4283,1420,115,1,107.04,107.04
4284,1421,86,1,333.09,333.09
4285,1421,62,3,806.45,2419.35
4286,1421,50,2,125.27,250.54
4287,1422,69,3,655.25,1965.75
4288,1422,52,2,684.74,1369.48
4289,1423,120,4,8.87,35.48
4290,1423,96,2,732.78,1465.56
4291,1423,4,2,373.72,747.44
4292,1424,1,2,50.31,100.62
4293,1425,18,2,160.9,321.8
4294,1426,116,2,633.37,1266.74
4295,1427,95,4,581.67,2326.68
4296,1427,3,3,404.17,1212.51
4297,1427,13,3,162.11,486.33
4298,1427,61,4,549.46,2197.84
4299,1427,111,3,771.64,2314.92
4304,1429,95,4,581.67,2326.68
4305,1429,116,3,633.37,1900.11
4306,1429,83,2,413.04,826.08
4307,1430,39,1,431.24,431.24
4311,1432,1,2,50.31,100.62
4312,1432,39,3,431.24,1293.72
4313,1432,61,1,549.46,549.46
4314,1432,97,4,665.98,2663.92
4315,1432,31,2,271.16,542.32
4316,1433,28,1,71.4,71.4
4317,1433,9,3,94.61,283.83
4318,1433,18,4,160.9,643.6
4319,1434,65,1,238.72,238.72
4320,1434,7,4,247.03,988.12
4321,1434,8,1,728.74,728.74
4322,1435,62,1,806.45,806.45
4323,1435,69,1,655.25,655.25
4324,1435,53,1,283.45,283.45
4325,1435,22,1,130.87,130.87
4326,1436,98,1,299.14,299.14
4327,1436,59,1,584.4,584.4
4328,1436,108,4,580.83,2323.32
4329,1437,2,1,347.53,347.53
4330,1437,52,2,684.74,1369.48
4331,1438,117,3,232.58,697.74
4332,1438,90,2,379.84,759.68
4333,1438,3,1,404.17,404.17
4334,1439,10,2,520.23,1040.46
4335,1439,33,4,91.79,367.16
4336,1439,41,2,117.93,235.86
4337,1440,5,3,183.5,550.5
4338,1441,13,1,162.11,162.11
4344,1443,65,3,238.72,716.16
4345,1443,52,3,684.74,2054.22
4346,1444,25,1,350.4,350.4
4347,1444,35,3,170.46,511.38
4348,1444,23,4,740.38,2961.52
4349,1444,96,4,732.78,2931.12
4350,1445,23,2,740.38,1480.76
4351,1445,80,1,803.34,803.34
4352,1445,61,2,549.46,1098.92
4353,1446,98,3,299.14,897.42
4354,1446,115,1,107.04,107.04
4355,1446,50,4,125.27,501.08
4356,1446,21,1,167.95,167.95
4357,1447,21,4,167.95,671.8
4358,1447,37,3,602.98,1808.94
4359,1447,113,4,590.85,2363.4
4360,1448,17,3,275.07,825.21
4361,1448,98,2,299.14,598.28
4362,1448,82,4,348.27,1393.08
4363,1448,113,2,590.85,1181.7
4364,1449,26,2,319.34,638.68
4365,1449,96,2,732.78,1465.56
4366,1449,81,3,565.87,1697.61
4367,1449,71,3,119.5,358.5
4368,1450,19,2,600.64,1201.28
4369,1450,38,1,757.5,757.5
4370,1450,73,3,337.65,1012.95
4371,1450,61,1,549.46,549.46
4372,1450,76,2,133.18,266.36
4375,1452,72,2,590.71,1181.42
4376,1453,51,3,546.45,1639.35
4377,1453,101,4,123.59,494.36
4378,1453,26,3,319.34,958.02
4379,1454,97,2,665.98,1331.96
4380,1454,52,4,684.74,2738.96
4382,1455,24,4,192.66,770.64
4383,1456,53,2,283.45,566.9
4386,1458,30,3,145.6,436.8
4387,1458,35,4,170.46,681.84
4388,1459,106,3,469.58,1408.74
4389,1460,33,1,91.79,91.79
4390,1461,84,2,896.53,1793.06
4391,1461,116,1,633.37,633.37
4392,1461,119,4,696.06,2784.24
4393,1462,78,1,443.16,443.16
4394,1462,6,2,704.8,1409.6
4396,1462,38,2,757.5,1515.0
4397,1462,19,2,600.64,1201.28
4398,1463,108,2,580.83,1161.66
4399,1463,119,4,696.06,2784.24
4400,1463,76,3,133.18,399.54
4401,1463,13,1,162.11,162.11
4402,1464,75,3,53.38,160.14
4403,1465,21,1,167.95,167.95
4407,1467,101,4,123.59,494.36
4408,1467,11,1,216.7,216.7
4409,1467,5,4,183.5,734.0
4410,1467,118,3,742.97,2228.91
4411,1467,82,2,348.27,696.54
4412,1468,28,4,71.4,285.6
4413,1468,43,4,771.67,3086.68
4414,1468,7,2,247.03,494.06
4415,1469,97,4,665.98,2663.92
4417,1470,77,3,285.5,856.5
4418,1470,91,3,707.35,2122.05
4420,1470,36,1,421.22,421.22
4421,1470,67,3,650.54,1951.62
4422,1471,38,4,757.5,3030.0
4423,1471,114,1,302.11,302.11
4424,1471,19,4,600.64,2402.56
4425,1471,110,3,365.92,1097.76
4426,1471,24,1,192.66,192.66
4430,1473,1,4,50.31,201.24
4432,1475,18,2,160.9,321.8
4433,1475,30,2,145.6,291.2
4434,1476,25,3,350.4,1051.2
4435,1476,46,3,241.39,724.17
4436,1476,78,3,443.16,1329.48
4437,1476,76,1,133.18,133.18
4438,1476,77,1,285.5,285.5
4439,1477,25,4,350.4,1401.6
4440,1477,41,2,117.93,235.86
4441,1477,100,2,622.45,1244.9
4443,1478,72,1,590.71,590.71
4444,1478,6,1,704.8,704.8
4448,1480,87,1,536.55,536.55
4449,1480,72,3,590.71,1772.13
4450,1480,119,1,696.06,696.06
4452,1480,29,1,536.65,536.65
4453,1481,106,4,469.58,1878.32
4455,1482,90,3,379.84,1139.52
4456,1482,99,1,734.38,734.38
4457,1482,3,4,404.17,1616.68
4458,1483,55,1,826.63,826.63
4459,1483,2,4,347.53,1390.12
4460,1483,49,2,307.38,614.76
4461,1483,9,3,94.61,283.83
4462,1483,94,1,138.47,138.47
4463,1484,9,1,94.61,94.61
4464,1484,39,2,431.24,862.48
4465,1484,76,3,133.18,399.54
4466,1484,116,4,633.37,2533.48
4467,1484,71,2,119.5,239.0
4468,1485,111,1,771.64,771.64
4469,1485,117,2,232.58,465.16
4470,1485,24,2,192.66,385.32
4471,1485,42,2,291.17,582.34
4475,1487,104,2,828.75,1657.5
4476,1487,49,1,307.38,307.38
4477,1487,2,2,347.53,695.06
4478,1487,21,2,167.95,335.9
4479,1487,36,3,421.22,1263.66
4480,1488,118,2,742.97,1485.94
4481,1488,104,1,828.75,828.75
4482,1488,18,2,160.9,321.8
4483,1488,68,4,352.5,1410.0
4484,1488,50,1,125.27,125.27
4485,1489,39,1,431.24,431.24
4486,1490,76,4,133.18,532.72
4487,1490,23,2,740.38,1480.76
4497,1494,94,4,138.47,553.88
4498,1495,94,2,138.47,276.94
4499,1495,103,1,552.16,552.16
4500,1495,28,4,71.4,285.6
4502,1496,37,3,602.98,1808.94
4503,1496,108,3,580.83,1742.49
4508,1498,103,1,552.16,552.16
4509,1499,4,4,373.72,1494.88
4510,1499,50,2,125.27,250.54
4511,1499,81,2,565.87,1131.74
4512,1499,106,4,469.58,1878.32
4518,1501,73,2,337.65,675.3
4519,1501,117,1,232.58,232.58
4520,1501,90,3,379.84,1139.52
4522,1501,112,4,366.07,1464.28
4523,1502,53,3,283.45,850.35
4524,1502,44,2,105.69,211.38
4525,1502,73,1,337.65,337.65
4526,1502,10,1,520.23,520.23
4527,1503,111,3,771.64,2314.92
4528,1503,102,2,820.54,1641.08
4529,1503,113,3,590.85,1772.55
4530,1503,29,3,536.65,1609.95
4531,1504,41,4,117.93,471.72
4532,1504,120,3,8.87,26.61
4533,1504,97,3,665.98,1997.94
4534,1504,50,2,125.27,250.54
4535,1505,40,4,854.57,3418.28
4540,1507,57,3,313.09,939.27
4541,1507,75,1,53.38,53.38
4542,1507,100,1,622.45,622.45
4543,1507,28,3,71.4,214.2
4544,1507,33,2,91.79,183.58
4545,1508,37,3,602.98,1808.94
4546,1509,90,4,379.84,1519.36
4547,1509,84,2,896.53,1793.06
4548,1509,7,2,247.03,494.06
4549,1510,89,3,627.19,1881.57
4550,1510,8,4,728.74,2914.96
4551,1511,86,4,333.09,1332.36
4552,1511,18,1,160.9,160.9
4553,1512,115,3,107.04,321.12
4554,1513,27,2,408.89,817.78
4555,1513,97,4,665.98,2663.92
4556,1514,78,1,443.16,443.16
4558,1514,64,3,272.13,816.39
4560,1514,95,2,581.67,1163.34
4561,1515,111,2,771.64,1543.28
4562,1516,7,1,247.03,247.03
4563,1516,106,3,469.58,1408.74
4564,1516,84,1,896.53,896.53
4565,1517,94,1,138.47,138.47
4566,1517,66,1,810.21,810.21
4567,1517,74,1,427.63,427.63
4568,1517,82,1,348.27,348.27
4569,1517,97,4,665.98,2663.92
4570,1518,36,2,421.22,842.44
4571,1519,14,4,5.6,22.4
4572,1520,71,1,119.5,119.5
4573,1520,34,4,280.97,1123.88
4574,1520,5,1,183.5,183.5
4575,1520,12,2,853.06,1706.12
4580,1522,43,2,771.67,1543.34
4581,1523,91,2,707.35,1414.7
4583,1523,70,2,761.64,1523.28
4584,1523,48,4,623.0,2492.0
4585,1524,70,4,761.64,3046.56
4586,1524,105,4,16.05,64.2
4588,1525,23,4,740.38,2961.52
4589,1525,62,2,806.45,1612.9
4590,1525,97,1,665.98,665.98
4591,1525,50,1,125.27,125.27
4592,1526,1,4,50.31,201.24
4593,1526,103,1,552.16,552.16
4594,1527,98,2,299.14,598.28
4595,1527,107,4,314.44,1257.76
4596,1527,29,1,536.65,536.65
4597,1527,72,3,590.71,1772.13
4599,1528,100,2,622.45,1244.9
4601,1529,28,4,71.4,285.6
4602,1529,114,1,302.11,302.11
4603,1530,81,4,565.87,2263.48
4604,1530,61,4,549.46,2197.84
4605,1530,14,4,5.6,22.4
4606,1530,49,1,307.38,307.38
4607,1530,47,4,365.65,1462.6
4609,1531,21,4,167.95,671.8
4610,1531,120,3,8.87,26.61
4611,1532,98,3,299.14,897.42
4612,1533,86,1,333.09,333.09
4614,1533,54,1,177.51,177.51
4615,1533,7,1,247.03,247.03
4616,1534,18,4,160.9,643.6
4622,1536,119,3,696.06,2088.18
4623,1536,53,2,283.45,566.9
4624,1536,82,1,348.27,348.27
4625,1536,50,1,125.27,125.27
4626,1536,110,4,365.92,1463.68
4627,1537,40,3,854.57,2563.71
4628,1537,51,2,546.45,1092.9
4631,1539,99,2,734.38,1468.76
4632,1539,44,1,105.69,105.69
4633,1539,36,2,421.22,842.44
4634,1539,27,2,408.89,817.78
4635,1539,106,3,469.58,1408.74
4636,1540,104,1,828.75,828.75
4637,1540,2,1,347.53,347.53
4638,1541,94,1,138.47,138.47
4639,1542,43,3,771.67,2315.01
4640,1542,90,2,379.84,759.68
4641,1543,82,4,348.27,1393.08
4642,1543,57,2,313.09,626.18
4643,1544,18,4,160.9,643.6
4644,1544,87,3,536.55,1609.65
4645,1545,99,1,734.38,734.38
4646,1545,59,2,584.4,1168.8
4647,1545,109,1,677.52,677.52
4648,1546,111,4,771.64,3086.56
4649,1547,75,4,53.38,213.52
4650,1547,16,4,864.69,3458.76
4651,1547,96,3,732.78,2198.34
4652,1547,40,1,854.57,854.57
4653,1547,18,4,160.9,643.6
4654,1548,85,2,209.42,418.84
4655,1548,68,2,352.5,705.0
4656,1549,113,2,590.85,1181.7
4657,1549,100,4,622.45,2489.8
4658,1549,101,2,123.59,247.18
4659,1549,82,4,348.27,1393.08
4660,1550,58,4,29.56,118.24
4661,1550,83,4,413.04,1652.16
4662,1551,104,1,828.75,828.75
4663,1551,41,3,117.93,353.79
4664,1552,49,2,307.38,614.76
4665,1552,38,3,757.5,2272.5
4666,1552,4,1,373.72,373.72
4667,1552,71,1,119.5,119.5
4668,1553,43,2,771.67,1543.34
4669,1553,62,2,806.45,1612.9
4670,1553,71,3,119.5,358.5
4671,1553,75,3,53.38,160.14
4672,1554,68,1,352.5,352.5
4673,1554,55,3,826.63,2479.89
4674,1554,6,1,704.8,704.8
4675,1555,45,2,508.59,1017.18
4676,1555,82,2,348.27,696.54
4677,1555,60,1,429.31,429.31
4678,1555,7,2,247.03,494.06
4679,1556,36,1,421.22,421.22
4680,1556,22,3,130.87,392.61
4681,1556,74,2,427.63,855.26
4682,1556,97,2,665.98,1331.96
4683,1557,101,4,123.59,494.36
4684,1558,18,4,160.9,643.6
4685,1558,34,4,280.97,1123.88
4686,1558,90,3,379.84,1139.52
4687,1558,104,3,828.75,2486.25
4688,1559,48,4,623.0,2492.0
4689,1559,116,4,633.37,2533.48
4690,1559,53,4,283.45,1133.8
4691,1559,87,3,536.55,1609.65
4692,1559,100,3,622.45,1867.35
4700,1562,119,3,696.06,2088.18
4701,1563,85,3,209.42,628.26
4702,1563,107,4,314.44,1257.76
4703,1564,41,3,117.93,353.79
4704,1564,103,1,552.16,552.16
4705,1564,8,3,728.74,2186.22
4708,1566,82,3,348.27,1044.81
4709,1566,101,1,123.59,123.59
4710,1566,119,1,696.06,696.06
4711,1567,89,1,627.19,627.19
4712,1567,90,3,379.84,1139.52
4713,1568,18,4,160.9,643.6
4714,1569,110,1,365.92,365.92
4715,1569,107,1,314.44,314.44
4716,1569,98,2,299.14,598.28
4717,1569,43,1,771.67,771.67
4718,1569,25,2,350.4,700.8
4719,1570,116,3,633.37,1900.11
4720,1570,24,1,192.66,192.66
4721,1570,104,4,828.75,3315.0
4722,1570,86,2,333.09,666.18
4723,1571,6,1,704.8,704.8
4724,1571,103,3,552.16,1656.48
4725,1571,78,4,443.16,1772.64
4726,1571,106,3,469.58,1408.74
4727,1572,18,1,160.9,160.9
4728,1572,61,2,549.46,1098.92
4729,1572,24,3,192.66,577.98
4730,1572,70,2,761.64,1523.28
4731,1573,98,3,299.14,897.42
4732,1573,55,2,826.63,1653.26
4733,1574,51,1,546.45,546.45
4734,1574,21,2,167.95,335.9
4735,1574,2,4,347.53,1390.12
4736,1574,76,2,133.18,266.36
4738,1576,57,1,313.09,313.09
4739,1576,30,2,145.6,291.2
4740,1576,87,2,536.55,1073.1
4741,1576,103,1,552.16,552.16
4742,1577,19,3,600.64,1801.92
4743,1578,23,2,740.38,1480.76
4744,1578,101,4,123.59,494.36
4746,1578,31,1,271.16,271.16
4747,1578,14,3,5.6,16.8
4748,1579,83,2,413.04,826.08
4749,1579,39,3,431.24,1293.72
4750,1580,62,3,806.45,2419.35
4751,1580,16,2,864.69,1729.38
4752,1580,87,1,536.55,536.55
4753,1580,83,4,413.04,1652.16
4754,1580,14,4,5.6,22.4
4755,1581,66,4,810.21,3240.84
4756,1581,15,1,58.29,58.29
4757,1582,76,2,133.18,266.36
4758,1583,100,1,622.45,622.45
4759,1583,62,4,806.45,3225.8
4760,1583,15,4,58.29,233.16
4761,1583,99,3,734.38,2203.14
4762,1584,36,1,421.22,421.22
4764,1584,7,2,247.03,494.06
4765,1585,113,3,590.85,1772.55
4766,1585,8,4,728.74,2914.96
4767,1585,22,1,130.87,130.87
4768,1586,35,4,170.46,681.84
4769,1586,53,3,283.45,850.35
4770,1587,13,2,162.11,324.22
4771,1587,6,1,704.8,704.8
4772,1587,10,3,520.23,1560.69
4773,1587,114,2,302.11,604.22
4776,1589,29,2,536.65,1073.3
4777,1589,54,1,177.51,177.51
4778,1589,108,4,580.83,2323.32
4779,1589,2,4,347.53,1390.12
4780,1590,6,3,704.8,2114.4
4781,1590,3,3,404.17,1212.51
4782,1591,31,1,271.16,271.16
4783,1591,35,3,170.46,511.38
4784,1591,72,2,590.71,1181.42
4785,1591,47,3,365.65,1096.95
4786,1592,47,3,365.65,1096.95
4787,1592,34,4,280.97,1123.88
4788,1592,120,4,8.87,35.48
4789,1593,57,1,313.09,313.09
4790,1593,58,4,29.56,118.24
4791,1594,98,4,299.14,1196.56
4792,1594,107,1,314.44,314.44
4793,1594,49,4,307.38,1229.52
4794,1594,119,1,696.06,696.06
4795,1595,22,2,130.87,261.74
4796,1596,39,4,431.24,1724.96
4797,1596,101,4,123.59,494.36
4799,1597,81,1,565.87,565.87
4800,1597,86,3,333.09,999.27
4801,1598,34,3,280.97,842.91
4802,1598,62,4,806.45,3225.8
4803,1598,4,4,373.72,1494.88
4804,1598,108,4,580.83,2323.32
4807,1600,15,1,58.29,58.29
4808,1600,85,2,209.42,418.84
4809,1600,83,1,413.04,413.04
4810,1600,22,1,130.87,130.87
4811,1600,62,2,806.45,1612.9
4812,1601,16,1,864.69,864.69
4813,1601,67,4,650.54,2602.16
4814,1601,25,4,350.4,1401.6
4815,1601,3,4,404.17,1616.68
4816,1602,115,4,107.04,428.16
4817,1602,37,1,602.98,602.98
4818,1602,75,2,53.38,106.76
4820,1603,71,1,119.5,119.5
4821,1604,53,1,283.45,283.45
4822,1604,111,2,771.64,1543.28
4824,1605,14,4,5.6,22.4
4825,1605,54,1,177.51,177.51
4826,1605,77,2,285.5,571.0
4827,1605,40,1,854.57,854.57
4828,1606,64,1,272.13,272.13
4829,1607,54,1,177.51,177.51
4830,1607,118,2,742.97,1485.94
4831,1608,40,1,854.57,854.57
4832,1609,65,4,238.72,954.88
4833,1609,29,2,536.65,1073.3
4834,1609,44,1,105.69,105.69
4835,1610,100,1,622.45,622.45
4836,1610,115,3,107.04,321.12
4837,1610,44,2,105.69,211.38
4840,1612,77,2,285.5,571.0
4841,1612,34,3,280.97,842.91
4842,1612,46,1,241.39,241.39
4843,1612,13,2,162.11,324.22
4850,1614,54,4,177.51,710.04
4851,1615,58,2,29.56,59.12
4852,1615,4,2,373.72,747.44
4853,1615,62,1,806.45,806.45
4854,1615,89,2,627.19,1254.38
4855,1616,89,2,627.19,1254.38
4856,1617,40,1,854.57,854.57
4857,1617,116,1,633.37,633.37
4858,1617,2,3,347.53,1042.59
4859,1618,21,3,167.95,503.85
4860,1619,45,1,508.59,508.59
4861,1619,90,4,379.84,1519.36
4862,1619,115,3,107.04,321.12
4865,1621,88,1,378.0,378.0
4866,1622,4,2,373.72,747.44
4867,1623,5,2,183.5,367.0
4868,1623,82,4,348.27,1393.08
4869,1624,45,3,508.59,1525.77
4870,1624,30,1,145.6,145.6
4871,1624,69,2,655.25,1310.5
4872,1624,50,1,125.27,125.27
4873,1624,12,2,853.06,1706.12
4874,1625,66,2,810.21,1620.42
4875,1625,96,2,732.78,1465.56
4876,1626,48,4,623.0,2492.0
4877,1626,14,3,5.6,16.8
4878,1626,95,4,581.67,2326.68
4879,1626,68,3,352.5,1057.5
4880,1627,71,3,119.5,358.5
4881,1627,43,3,771.67,2315.01
4882,1628,82,3,348.27,1044.81
4883,1628,116,4,633.37,2533.48
4884,1628,120,1,8.87,8.87
4885,1628,67,4,650.54,2602.16
4886,1628,104,4,828.75,3315.0
4887,1629,6,1,704.8,704.8
4889,1629,59,3,584.4,1753.2
4890,1630,83,4,413.04,1652.16
4891,1630,52,3,684.74,2054.22
4892,1630,86,4,333.09,1332.36
4893,1630,49,4,307.38,1229.52
4894,1630,67,1,650.54,650.54
4895,1631,117,2,232.58,465.16
4896,1631,11,3,216.7,650.1
4897,1631,4,4,373.72,1494.88
4898,1631,98,4,299.14,1196.56
4904,1633,42,1,291.17,291.17
4905,1633,98,4,299.14,1196.56
4906,1633,117,2,232.58,465.16
4911,1635,55,4,826.63,3306.52
4912,1635,96,3,732.78,2198.34
4913,1635,23,1,740.38,740.38
4914,1635,97,2,665.98,1331.96
4915,1636,26,2,319.34,638.68
4916,1636,42,1,291.17,291.17
4917,1636,66,1,810.21,810.21
4918,1636,45,2,508.59,1017.18
4919,1637,1,3,50.31,150.93
4920,1637,98,3,299.14,897.42
4921,1638,7,3,247.03,741.09
4922,1638,115,1,107.04,107.04
4923,1638,28,4,71.4,285.6
4924,1638,50,3,125.27,375.81
4925,1639,96,2,732.78,1465.56
4926,1639,95,1,581.67,581.67
4927,1639,92,2,634.57,1269.14
4929,1640,114,4,302.11,1208.44
4930,1641,114,4,302.11,1208.44
4931,1641,18,3,160.9,482.7
4932,1641,50,4,125.27,501.08
4934,1642,108,3,580.83,1742.49
4935,1642,65,3,238.72,716.16
4936,1642,92,4,634.57,2538.28
4937,1643,50,4,125.27,501.08
4938,1643,60,3,429.31,1287.93
4939,1643,54,1,177.51,177.51
4940,1643,72,4,590.71,2362.84
4941,1644,41,4,117.93,471.72
4942,1645,83,1,413.04,413.04
4944,1646,31,3,271.16,813.48
4945,1646,96,4,732.78,2931.12
4946,1646,38,3,757.5,2272.5
4949,1648,75,3,53.38,160.14
4950,1648,97,1,665.98,665.98
4951,1648,86,4,333.09,1332.36
4952,1649,96,3,732.78,2198.34
4953,1649,58,1,29.56,29.56
4954,1650,66,3,810.21,2430.63
4956,1650,86,4,333.09,1332.36
4957,1650,1,2,50.31,100.62
4958,1651,76,1,133.18,133.18
4959,1651,48,2,623.0,1246.0
4961,1651,68,2,352.5,705.0
4962,1651,83,3,413.04,1239.12
4963,1652,23,3,740.38,2221.14
4964,1652,118,1,742.97,742.97
4966,1652,9,3,94.61,283.83
4967,1653,59,3,584.4,1753.2
4968,1653,94,4,138.47,553.88
4969,1653,95,3,581.67,1745.01
4970,1654,118,2,742.97,1485.94
4972,1655,62,1,806.45,806.45
4973,1655,39,3,431.24,1293.72
4975,1655,27,3,408.89,1226.67
4976,1656,45,2,508.59,1017.18
4977,1657,71,1,119.5,119.5
4978,1657,78,3,443.16,1329.48
4979,1657,42,1,291.17,291.17
4980,1657,44,4,105.69,422.76
4981,1658,23,1,740.38,740.38
4982,1658,28,3,71.4,214.2
4983,1658,69,1,655.25,655.25
4984,1658,27,1,408.89,408.89
4985,1658,110,2,365.92,731.84
4986,1659,105,1,16.05,16.05
4987,1659,23,3,740.38,2221.14
4988,1659,40,2,854.57,1709.14
4989,1659,118,1,742.97,742.97
4990,1659,21,1,167.95,167.95
4991,1660,38,4,757.5,3030.0
4992,1661,42,2,291.17,582.34
4993,1662,86,1,333.09,333.09
4994,1663,41,4,117.93,471.72
4995,1663,59,3,584.4,1753.2
4996,1663,53,3,283.45,850.35
4998,1664,110,1,365.92,365.92
4999,1664,116,1,633.37,633.37
5000,1664,77,1,285.5,285.5
5001,1665,12,2,853.06,1706.12
5002,1665,3,3,404.17,1212.51
5003,1665,8,1,728.74,728.74
5004,1665,115,2,107.04,214.08
5005,1665,97,2,665.98,1331.96
5006,1666,84,4,896.53,3586.12
5007,1666,101,4,123.59,494.36
5009,1668,81,2,565.87,1131.74
5010,1668,59,1,584.4,584.4
5011,1668,7,4,247.03,988.12
5012,1668,91,3,707.35,2122.05
5013,1668,26,4,319.34,1277.36
5014,1669,12,2,853.06,1706.12
5015,1669,38,1,757.5,757.5
5016,1669,43,1,771.67,771.67
5017,1670,37,1,602.98,602.98
5018,1671,114,4,302.11,1208.44
5019,1671,62,4,806.45,3225.8
5020,1671,34,3,280.97,842.91
5021,1672,65,3,238.72,716.16
5022,1672,43,1,771.67,771.67
5023,1672,56,3,614.64,1843.92
5024,1672,51,3,546.45,1639.35
5025,1672,89,2,627.19,1254.38
5026,1673,45,2,508.59,1017.18
5027,1673,55,4,826.63,3306.52
5028,1673,90,1,379.84,379.84
5029,1673,117,2,232.58,465.16
5030,1674,72,1,590.71,590.71
5031,1674,49,4,307.38,1229.52
5033,1675,2,3,347.53,1042.59
5034,1675,28,3,71.4,214.2
5035,1675,66,2,810.21,1620.42
5036,1675,3,3,404.17,1212.51
5037,1676,47,2,365.65,731.3
5038,1677,61,3,549.46,1648.38
5039,1677,28,2,71.4,142.8
5040,1677,82,4,348.27,1393.08
5041,1677,8,3,728.74,2186.22
5042,1678,49,2,307.38,614.76
5043,1678,89,2,627.19,1254.38
5044,1678,85,2,209.42,418.84
5045,1679,68,2,352.5,705.0
5046,1680,69,4,655.25,2621.0
5047,1680,94,4,138.47,553.88
5048,1680,39,1,431.24,431.24
5049,1680,88,4,378.0,1512.0
5050,1681,42,2,291.17,582.34
5051,1681,107,3,314.44,943.32
5052,1681,74,1,427.63,427.63
5053,1681,61,3,549.46,1648.38
5054,1681,43,3,771.67,2315.01
5055,1682,12,3,853.06,2559.18
5056,1682,88,4,378.0,1512.0
5057,1682,9,2,94.61,189.22
5058,1683,33,4,91.79,367.16
5059,1683,43,3,771.67,2315.01
5060,1683,29,3,536.65,1609.95
5061,1683,35,4,170.46,681.84
5062,1684,117,1,232.58,232.58
5063,1685,51,2,546.45,1092.9
5064,1686,23,3,740.38,2221.14
5065,1686,119,3,696.06,2088.18
5066,1687,49,3,307.38,922.14
5067,1687,53,1,283.45,283.45
5068,1687,71,1,119.5,119.5
5069,1687,7,2,247.03,494.06
5070,1688,57,2,313.09,626.18
5071,1688,96,4,732.78,2931.12
5072,1689,45,2,508.59,1017.18
5073,1690,82,2,348.27,696.54
5074,1690,90,3,379.84,1139.52
5075,1690,18,4,160.9,643.6
5076,1690,64,3,272.13,816.39
5077,1691,53,2,283.45,566.9
5078,1691,57,3,313.09,939.27
5079,1691,95,2,581.67,1163.34
5082,1693,78,4,443.16,1772.64
5083,1693,48,3,623.0,1869.0
5085,1695,39,3,431.24,1293.72
5086,1695,13,2,162.11,324.22
5087,1695,102,1,820.54,820.54
5088,1696,67,3,650.54,1951.62
5089,1696,100,4,622.45,2489.8
5090,1697,62,1,806.45,806.45
5091,1698,29,4,536.65,2146.6
5092,1698,99,1,734.38,734.38
5093,1698,56,4,614.64,2458.56
5094,1699,110,2,365.92,731.84
5095,1699,115,1,107.04,107.04
5096,1699,7,3,247.03,741.09
5098,1699,52,1,684.74,684.74
5100,1700,34,3,280.97,842.91
5101,1700,31,4,271.16,1084.64
5102,1701,14,3,5.6,16.8
5103,1701,29,4,536.65,2146.6
5104,1701,44,4,105.69,422.76
5105,1702,31,2,271.16,542.32
5106,1702,111,3,771.64,2314.92
5107,1703,47,4,365.65,1462.6
5108,1703,119,2,696.06,1392.12
5109,1703,65,3,238.72,716.16
5110,1703,13,1,162.11,162.11
5114,1705,38,3,757.5,2272.5
5115,1705,16,3,864.69,2594.07
5120,1707,74,1,427.63,427.63
5121,1707,102,4,820.54,3282.16
5122,1707,83,2,413.04,826.08
5123,1707,35,3,170.46,511.38
5124,1708,104,4,828.75,3315.0
5125,1708,100,2,622.45,1244.9
5126,1708,31,2,271.16,542.32
5127,1708,86,4,333.09,1332.36
5128,1708,71,3,119.5,358.5
5129,1709,59,2,584.4,1168.8
5130,1710,105,2,16.05,32.1
5131,1710,14,1,5.6,5.6
5132,1710,97,1,665.98,665.98
5133,1711,30,2,145.6,291.2
5134,1711,56,4,614.64,2458.56
5135,1711,52,1,684.74,684.74
5136,1711,109,3,677.52,2032.56
5137,1711,87,1,536.55,536.55
5140,1713,31,3,271.16,813.48
5141,1713,115,1,107.04,107.04
5142,1713,94,4,138.47,553.88
5143,1713,61,1,549.46,549.46
5144,1714,81,3,565.87,1697.61
5145,1714,85,4,209.42,837.68
5146,1714,22,1,130.87,130.87
5147,1715,51,4,546.45,2185.8
5148,1715,98,3,299.14,897.42
5149,1715,41,3,117.93,353.79
5150,1716,67,1,650.54,650.54
5151,1717,25,3,350.4,1051.2
5152,1717,66,2,810.21,1620.42
5153,1717,3,1,404.17,404.17
5154,1717,88,2,378.0,756.0
5155,1718,111,3,771.64,2314.92
5156,1718,64,2,272.13,544.26
5157,1718,11,1,216.7,216.7
5158,1719,15,2,58.29,116.58
5159,1720,113,3,590.85,1772.55
5160,1720,100,4,622.45,2489.8
5161,1720,51,1,546.45,546.45
5162,1720,118,4,742.97,2971.88
5163,1721,1,4,50.31,201.24
5164,1721,62,1,806.45,806.45
5165,1721,54,2,177.51,355.02
5166,1722,72,1,590.71,590.71
5167,1722,7,2,247.03,494.06
5168,1722,85,2,209.42,418.84
5169,1722,39,3,431.24,1293.72
5170,1723,11,2,216.7,433.4
5171,1723,52,1,684.74,684.74
5172,1723,5,3,183.5,550.5
5173,1723,42,1,291.17,291.17
5174,1723,92,4,634.57,2538.28
5175,1724,58,1,29.56,29.56
5176,1724,88,3,378.0,1134.0
5177,1724,7,1,247.03,247.03
5178,1724,16,2,864.69,1729.38
5179,1724,71,4,119.5,478.0
5180,1725,77,2,285.5,571.0
5181,1726,18,2,160.9,321.8
5185,1728,1,4,50.31,201.24
5186,1729,118,2,742.97,1485.94
5187,1729,33,3,91.79,275.37
5188,1729,49,2,307.38,614.76
5189,1730,12,3,853.06,2559.18
5190,1730,74,4,427.63,1710.52
5191,1731,13,4,162.11,648.44
5192,1731,64,2,272.13,544.26
5193,1731,119,4,696.06,2784.24
5194,1731,11,1,216.7,216.7
5195,1732,43,1,771.67,771.67
5196,1733,42,3,291.17,873.51
5197,1733,27,4,408.89,1635.56
5198,1733,31,4,271.16,1084.64
5199,1733,58,4,29.56,118.24
5200,1733,50,1,125.27,125.27
5201,1734,108,4,580.83,2323.32
5202,1734,11,1,216.7,216.7
5203,1735,43,3,771.67,2315.01
5204,1735,117,3,232.58,697.74
5205,1735,97,1,665.98,665.98
5206,1735,64,3,272.13,816.39
5207,1736,108,1,580.83,580.83
5208,1736,15,4,58.29,233.16
5209,1737,115,3,107.04,321.12
5210,1737,47,4,365.65,1462.6
5211,1737,105,1,16.05,16.05
5212,1737,75,4,53.38,213.52
5213,1737,92,4,634.57,2538.28
5214,1738,60,4,429.31,1717.24
5216,1738,66,3,810.21,2430.63
5217,1739,88,3,378.0,1134.0
5218,1739,49,1,307.38,307.38
5219,1739,68,4,352.5,1410.0
5220,1740,101,4,123.59,494.36
5221,1740,71,4,119.5,478.0
5222,1740,61,3,549.46,1648.38
5223,1740,5,2,183.5,367.0
5224,1741,24,4,192.66,770.64
5225,1741,113,1,590.85,590.85
5226,1741,96,4,732.78,2931.12
5227,1741,104,3,828.75,2486.25
5228,1741,98,4,299.14,1196.56
5229,1742,37,2,602.98,1205.96
5230,1742,26,2,319.34,638.68
5231,1743,105,4,16.05,64.2
5232,1743,91,3,707.35,2122.05
5233,1743,114,1,302.11,302.11
5234,1743,4,3,373.72,1121.16
5235,1744,12,3,853.06,2559.18
5236,1744,18,1,160.9,160.9
5237,1744,65,4,238.72,954.88
5243,1747,76,1,133.18,133.18
5244,1748,72,2,590.71,1181.42
5245,1748,52,2,684.74,1369.48
5246,1748,54,4,177.51,710.04
5247,1749,33,2,91.79,183.58
5248,1750,118,3,742.97,2228.91
5250,1750,74,2,427.63,855.26
5251,1750,51,1,546.45,546.45
5252,1751,88,1,378.0,378.0
5253,1751,11,2,216.7,433.4
5255,1752,80,1,803.34,803.34
5256,1752,18,3,160.9,482.7
5257,1752,85,2,209.42,418.84
5258,1752,111,3,771.64,2314.92
5259,1753,58,1,29.56,29.56
5260,1753,33,4,91.79,367.16
5261,1753,36,3,421.22,1263.66
5262,1753,22,2,130.87,261.74
5263,1753,106,3,469.58,1408.74
5264,1754,91,1,707.35,707.35
5265,1754,83,3,413.04,1239.12
5266,1754,2,2,347.53,695.06
5267,1754,55,4,826.63,3306.52
5268,1754,7,3,247.03,741.09
5269,1755,47,1,365.65,365.65
5270,1756,45,2,508.59,1017.18
5271,1756,10,2,520.23,1040.46
5272,1757,58,2,29.56,59.12
5273,1757,108,3,580.83,1742.49
5274,1757,1,1,50.31,50.31
5275,1757,107,3,314.44,943.32
5276,1757,35,1,170.46,170.46
5277,1758,116,4,633.37,2533.48
5278,1759,39,4,431.24,1724.96
5279,1759,72,4,590.71,2362.84
5280,1760,23,3,740.38,2221.14
5281,1761,91,2,707.35,1414.7
5282,1761,102,3,820.54,2461.62
5283,1761,60,3,429.31,1287.93
5284,1761,62,3,806.45,2419.35
5285,1762,47,4,365.65,1462.6
5286,1762,61,3,549.46,1648.38
5287,1762,15,1,58.29,58.29
5288,1762,44,1,105.69,105.69
5289,1763,38,4,757.5,3030.0
5290,1763,61,1,549.46,549.46
5291,1764,62,2,806.45,1612.9
5292,1764,54,2,177.51,355.02
5293,1765,119,2,696.06,1392.12
5294,1765,5,2,183.5,367.0
5295,1766,117,1,232.58,232.58
5296,1767,24,1,192.66,192.66
5297,1767,105,3,16.05,48.15
5298,1767,51,1,546.45,546.45
5299,1767,40,1,854.57,854.57
5300,1768,95,2,581.67,1163.34
5301,1768,35,2,170.46,340.92
5302,1768,58,3,29.56,88.68
5303,1768,103,4,552.16,2208.64
5304,1768,40,4,854.57,3418.28
5305,1769,22,2,130.87,261.74
5306,1769,56,4,614.64,2458.56
5307,1770,73,1,337.65,337.65
5308,1770,3,4,404.17,1616.68
5309,1770,74,3,427.63,1282.89
5310,1770,5,4,183.5,734.0
5311,1770,91,2,707.35,1414.7
5312,1771,23,1,740.38,740.38
5313,1771,83,4,413.04,1652.16
5315,1772,40,4,854.57,3418.28
5316,1772,30,3,145.6,436.8
5317,1773,66,2,810.21,1620.42
5318,1773,61,2,549.46,1098.92
5319,1774,30,2,145.6,291.2
5320,1774,36,2,421.22,842.44
5321,1774,44,1,105.69,105.69
5323,1775,8,2,728.74,1457.48
5324,1775,31,3,271.16,813.48
5326,1777,82,3,348.27,1044.81
5327,1777,90,3,379.84,1139.52
5328,1777,7,4,247.03,988.12
5329,1778,17,3,275.07,825.21
5330,1779,109,2,677.52,1355.04
5331,1780,94,3,138.47,415.41
5332,1780,89,3,627.19,1881.57
5336,1782,86,3,333.09,999.27
5338,1784,65,4,238.72,954.88
5339,1784,104,4,828.75,3315.0
5340,1784,46,3,241.39,724.17
5341,1784,86,2,333.09,666.18
5342,1785,14,1,5.6,5.6
5343,1786,77,4,285.5,1142.0
5345,1787,72,1,590.71,590.71
5346,1787,67,4,650.54,2602.16
5347,1788,120,1,8.87,8.87
5348,1788,77,4,285.5,1142.0
5349,1788,6,4,704.8,2819.2
5350,1788,45,2,508.59,1017.18
5351,1789,21,1,167.95,167.95
5352,1789,106,3,469.58,1408.74
5353,1789,1,2,50.31,100.62
5355,1790,78,3,443.16,1329.48
5356,1790,57,3,313.09,939.27
5357,1790,114,3,302.11,906.33
5358,1790,67,2,650.54,1301.08
5359,1791,49,4,307.38,1229.52
5360,1791,68,1,352.5,352.5
5361,1791,66,3,810.21,2430.63
5364,1792,119,4,696.06,2784.24
5365,1792,97,2,665.98,1331.96
5366,1793,98,2,299.14,598.28
5367,1793,102,4,820.54,3282.16
5368,1793,28,2,71.4,142.8
5374,1795,44,3,105.69,317.07
5375,1796,108,4,580.83,2323.32
5376,1796,27,2,408.89,817.78
5377,1796,73,4,337.65,1350.6
5378,1796,109,4,677.52,2710.08
5380,1797,29,3,536.65,1609.95
5381,1797,41,2,117.93,235.86
5382,1797,21,4,167.95,671.8
5383,1798,41,4,117.93,471.72
5384,1798,35,4,170.46,681.84
5385,1798,53,3,283.45,850.35
5386,1798,97,4,665.98,2663.92
5387,1799,17,1,275.07,275.07
5389,1800,67,1,650.54,650.54
5390,1800,73,1,337.65,337.65
5391,1800,95,2,581.67,1163.34
5392,1801,6,1,704.8,704.8
5393,1801,91,2,707.35,1414.7
5394,1801,70,4,761.64,3046.56
5395,1801,103,3,552.16,1656.48
5396,1802,54,3,177.51,532.53
5397,1802,11,4,216.7,866.8
5398,1803,21,3,167.95,503.85
5399,1803,103,2,552.16,1104.32
5400,1804,31,3,271.16,813.48
5401,1804,60,1,429.31,429.31
5402,1804,10,1,520.23,520.23
5403,1804,39,1,431.24,431.24
5404,1805,98,1,299.14,299.14
5406,1805,86,1,333.09,333.09
5407,1805,74,1,427.63,427.63
5408,1805,53,2,283.45,566.9
5409,1806,72,2,590.71,1181.42
5410,1806,71,1,119.5,119.5
5411,1806,86,1,333.09,333.09
5412,1806,100,2,622.45,1244.9
5413,1807,118,2,742.97,1485.94
5414,1807,11,1,216.7,216.7
5415,1807,90,1,379.84,379.84
5416,1808,102,4,820.54,3282.16
5417,1808,7,3,247.03,741.09
5418,1808,104,4,828.75,3315.0
5419,1809,35,2,170.46,340.92
5420,1809,41,4,117.93,471.72
5421,1809,61,1,549.46,549.46
5422,1809,17,3,275.07,825.21
5424,1810,118,1,742.97,742.97
5425,1810,68,4,352.5,1410.0
5426,1810,58,3,29.56,88.68
5427,1810,1,4,50.31,201.24
5432,1812,50,3,125.27,375.81
5433,1813,49,3,307.38,922.14
5434,1813,100,1,622.45,622.45
5435,1813,82,2,348.27,696.54
5436,1813,75,1,53.38,53.38
5437,1813,105,1,16.05,16.05
5438,1814,84,3,896.53,2689.59
5439,1814,62,3,806.45,2419.35
5440,1815,57,1,313.09,313.09
5441,1816,22,1,130.87,130.87
5442,1817,36,3,421.22,1263.66
5443,1817,30,4,145.6,582.4
5444,1817,86,3,333.09,999.27
5445,1817,85,2,209.42,418.84
5447,1818,117,2,232.58,465.16
5448,1818,1,4,50.31,201.24
5449,1819,31,3,271.16,813.48
5450,1819,14,2,5.6,11.2
5451,1819,59,4,584.4,2337.6
5452,1819,28,2,71.4,142.8
5453,1820,85,2,209.42,418.84
5455,1820,107,3,314.44,943.32
5456,1821,118,1,742.97,742.97
5457,1821,78,3,443.16,1329.48
5458,1821,50,1,125.27,125.27
5459,1821,57,2,313.09,626.18
5460,1822,44,4,105.69,422.76
5461,1822,4,2,373.72,747.44
5462,1823,69,1,655.25,655.25
5463,1823,89,3,627.19,1881.57
5464,1823,77,1,285.5,285.5
5465,1823,58,2,29.56,59.12
5466,1823,2,2,347.53,695.06
5467,1824,96,3,732.78,2198.34
5468,1824,75,1,53.38,53.38
5470,1824,47,1,365.65,365.65
5471,1825,105,3,16.05,48.15
5472,1826,99,1,734.38,734.38
5473,1826,96,1,732.78,732.78
5474,1826,80,1,803.34,803.34
5475,1827,86,1,333.09,333.09
5476,1827,49,4,307.38,1229.52
5477,1827,107,2,314.44,628.88
5478,1828,87,2,536.55,1073.1
5479,1828,114,4,302.11,1208.44
5480,1828,60,3,429.31,1287.93
5481,1828,81,4,565.87,2263.48
5482,1829,113,1,590.85,590.85
5483,1829,18,1,160.9,160.9
5484,1830,107,2,314.44,628.88
5485,1830,4,3,373.72,1121.16
5486,1831,76,4,133.18,532.72
5487,1831,9,2,94.61,189.22
5488,1831,53,1,283.45,283.45
5489,1831,109,2,677.52,1355.04
5490,1831,60,3,429.31,1287.93
5491,1832,49,2,307.38,614.76
5492,1832,114,3,302.11,906.33
5493,1833,54,3,177.51,532.53
5494,1833,98,2,299.14,598.28
5495,1833,33,4,91.79,367.16
5496,1833,34,4,280.97,1123.88
5497,1833,39,1,431.24,431.24
5498,1834,91,4,707.35,2829.4
5499,1834,67,3,650.54,1951.62
5500,1834,4,3,373.72,1121.16
5501,1834,42,1,291.17,291.17
5502,1834,72,4,590.71,2362.84
5503,1835,119,1,696.06,696.06
5504,1835,46,1,241.39,241.39
5505,1836,114,4,302.11,1208.44
5507,1837,76,2,133.18,266.36
5508,1837,73,2,337.65,675.3
5510,1837,60,3,429.31,1287.93
5511,1837,99,1,734.38,734.38
5512,1838,10,1,520.23,520.23
5513,1839,19,4,600.64,2402.56
5514,1839,46,1,241.39,241.39
5515,1839,51,3,546.45,1639.35
5516,1839,84,3,896.53,2689.59
5517,1840,51,2,546.45,1092.9
5519,1840,5,2,183.5,367.0
5520,1841,88,2,378.0,756.0
5521,1841,92,4,634.57,2538.28
5522,1841,67,4,650.54,2602.16
5523,1841,68,3,352.5,1057.5
5524,1842,109,2,677.52,1355.04
5525,1842,3,3,404.17,1212.51
5526,1842,71,1,119.5,119.5
5527,1842,38,2,757.5,1515.0
5528,1843,80,3,803.34,2410.02
5529,1843,94,1,138.47,138.47
5530,1844,80,3,803.34,2410.02
5533,1846,30,3,145.6,436.8
5534,1846,1,3,50.31,150.93
5535,1846,91,4,707.35,2829.4
5536,1846,116,2,633.37,1266.74
5537,1846,25,4,350.4,1401.6
5538,1847,91,4,707.35,2829.4
5539,1847,51,4,546.45,2185.8
5540,1847,29,4,536.65,2146.6
5546,1850,13,1,162.11,162.11
5547,1850,16,1,864.69,864.69
5548,1850,46,4,241.39,965.56
5549,1851,48,2,623.0,1246.0
5550,1851,21,2,167.95,335.9
5551,1851,90,1,379.84,379.84
5552,1852,45,3,508.59,1525.77
5553,1852,118,3,742.97,2228.91
5554,1853,47,1,365.65,365.65
5555,1853,6,2,704.8,1409.6
5556,1853,99,3,734.38,2203.14
5557,1853,14,4,5.6,22.4
5558,1853,12,4,853.06,3412.24
5559,1854,36,2,421.22,842.44
5560,1854,69,3,655.25,1965.75
5561,1854,76,1,133.18,133.18
5562,1854,3,4,404.17,1616.68
5563,1855,115,3,107.04,321.12
5564,1855,29,3,536.65,1609.95
5565,1855,48,2,623.0,1246.0
5566,1855,90,3,379.84,1139.52
5567,1855,43,4,771.67,3086.68
5568,1856,76,1,133.18,133.18
5569,1856,103,3,552.16,1656.48
5570,1856,71,2,119.5,239.0
5571,1856,29,3,536.65,1609.95
5572,1857,115,4,107.04,428.16
5573,1857,109,1,677.52,677.52
5574,1857,46,1,241.39,241.39
5575,1857,68,2,352.5,705.0
5576,1857,74,2,427.63,855.26
5577,1858,35,4,170.46,681.84
5578,1858,59,1,584.4,584.4
5579,1859,88,4,378.0,1512.0
5580,1860,78,2,443.16,886.32
5581,1860,97,3,665.98,1997.94
5582,1860,82,1,348.27,348.27
5583,1860,62,2,806.45,1612.9
5584,1860,74,4,427.63,1710.52
5585,1861,94,4,138.47,553.88
5586,1861,83,1,413.04,413.04
5587,1861,72,3,590.71,1772.13
5588,1862,2,4,347.53,1390.12
5589,1862,83,3,413.04,1239.12
5590,1862,1,3,50.31,150.93
5591,1862,61,3,549.46,1648.38
5592,1862,31,3,271.16,813.48
5593,1863,96,2,732.78,1465.56
5594,1863,55,3,826.63,2479.89
5595,1864,89,4,627.19,2508.76
5596,1865,27,1,408.89,408.89
5597,1865,118,4,742.97,2971.88
5599,1865,67,2,650.54,1301.08
5600,1865,43,4,771.67,3086.68
5601,1866,40,1,854.57,854.57
5602,1866,87,2,536.55,1073.1
5603,1867,50,2,125.27,250.54
5604,1867,13,1,162.11,162.11
5605,1867,113,1,590.85,590.85
5606,1867,118,2,742.97,1485.94
5607,1868,2,2,347.53,695.06
5608,1868,31,3,271.16,813.48
5609,1868,116,3,633.37,1900.11
5610,1869,120,4,8.87,35.48
5611,1869,106,2,469.58,939.16
5613,1870,34,2,280.97,561.94
5614,1870,77,4,285.5,1142.0
5615,1870,89,4,627.19,2508.76
5616,1871,89,2,627.19,1254.38
5617,1871,58,4,29.56,118.24
5618,1871,6,3,704.8,2114.4
5619,1872,36,2,421.22,842.44
5620,1872,103,2,552.16,1104.32
5621,1872,61,1,549.46,549.46
5622,1872,51,2,546.45,1092.9
5623,1872,15,1,58.29,58.29
5624,1873,117,2,232.58,465.16
5625,1873,70,1,761.64,761.64
5626,1874,48,3,623.0,1869.0
5627,1874,42,1,291.17,291.17
5628,1874,104,4,828.75,3315.0
5629,1875,103,2,552.16,1104.32
5630,1875,87,2,536.55,1073.1
5631,1875,40,2,854.57,1709.14
5632,1875,119,1,696.06,696.06
5633,1875,102,4,820.54,3282.16
5634,1876,55,1,826.63,826.63
5635,1876,114,2,302.11,604.22
5636,1877,99,4,734.38,2937.52
5637,1877,78,1,443.16,443.16
5638,1877,5,1,183.5,183.5
5639,1877,56,1,614.64,614.64
5640,1878,61,4,549.46,2197.84
5641,1878,115,1,107.04,107.04
5642,1878,21,2,167.95,335.9
5643,1878,117,2,232.58,465.16
5644,1878,15,1,58.29,58.29
5645,1879,1,3,50.31,150.93
5646,1880,115,2,107.04,214.08
5647,1881,100,3,622.45,1867.35
5648,1881,7,4,247.03,988.12
5649,1881,41,2,117.93,235.86
5650,1881,37,2,602.98,1205.96
5651,1882,54,1,177.51,177.51
5652,1882,74,3,427.63,1282.89
5653,1883,53,4,283.45,1133.8
5654,1883,2,1,347.53,347.53
5655,1883,109,3,677.52,2032.56
5656,1883,73,3,337.65,1012.95
5658,1884,64,3,272.13,816.39
5659,1884,71,4,119.5,478.0
5660,1885,65,3,238.72,716.16
5661,1885,78,1,443.16,443.16
5662,1885,59,2,584.4,1168.8
5663,1885,118,2,742.97,1485.94
5669,1887,108,4,580.83,2323.32
5670,1887,48,2,623.0,1246.0
5671,1887,82,2,348.27,696.54
5672,1887,9,3,94.61,283.83
5673,1887,19,3,600.64,1801.92
5674,1888,11,1,216.7,216.7
5675,1889,61,1,549.46,549.46
5676,1890,22,4,130.87,523.48
5677,1890,6,1,704.8,704.8
5678,1890,62,3,806.45,2419.35
5679,1891,90,3,379.84,1139.52
5681,1891,83,1,413.04,413.04
5682,1891,117,1,232.58,232.58
5684,1893,91,2,707.35,1414.7
5685,1893,88,1,378.0,378.0
5686,1894,61,3,549.46,1648.38
5687,1894,35,4,170.46,681.84
5688,1894,83,4,413.04,1652.16
5689,1894,59,3,584.4,1753.2
5690,1894,87,2,536.55,1073.1
5691,1895,11,1,216.7,216.7
5692,1895,52,2,684.74,1369.48
5693,1895,37,1,602.98,602.98
5694,1896,31,2,271.16,542.32
5695,1896,59,4,584.4,2337.6
5696,1897,99,3,734.38,2203.14
5697,1897,118,1,742.97,742.97
5698,1897,1,4,50.31,201.24
5699,1897,108,1,580.83,580.83
5700,1898,76,1,133.18,133.18
5702,1898,5,2,183.5,367.0
5703,1899,80,2,803.34,1606.68
5704,1899,74,2,427.63,855.26
5705,1899,72,4,590.71,2362.84
5706,1899,56,1,614.64,614.64
5707,1899,27,1,408.89,408.89
5708,1900,69,3,655.25,1965.75
5710,1902,84,1,896.53,896.53
5711,1902,36,1,421.22,421.22
5712,1903,85,3,209.42,628.26
5713,1903,120,3,8.87,26.61
5714,1903,18,2,160.9,321.8
5715,1903,2,4,347.53,1390.12
5716,1904,61,3,549.46,1648.38
5718,1904,33,2,91.79,183.58
5719,1905,11,4,216.7,866.8
5720,1905,34,2,280.97,561.94
5721,1906,55,4,826.63,3306.52
5722,1906,58,4,29.56,118.24
5723,1907,34,1,280.97,280.97
5724,1907,114,1,302.11,302.11
5725,1907,58,2,29.56,59.12
5726,1907,98,2,299.14,598.28
5727,1907,38,1,757.5,757.5
5728,1908,90,2,379.84,759.68
5729,1909,37,2,602.98,1205.96
5730,1909,101,3,123.59,370.77
5731,1909,38,1,757.5,757.5
5732,1909,62,4,806.45,3225.8
5733,1909,78,4,443.16,1772.64
5734,1910,4,3,373.72,1121.16
5735,1910,85,3,209.42,628.26
5736,1910,54,1,177.51,177.51
5737,1910,43,2,771.67,1543.34
5738,1911,87,4,536.55,2146.2
5739,1911,23,4,740.38,2961.52
5740,1911,104,2,828.75,1657.5
5741,1911,114,4,302.11,1208.44
5742,1912,27,1,408.89,408.89
5743,1913,54,3,177.51,532.53
5744,1913,10,3,520.23,1560.69
5745,1913,41,4,117.93,471.72
5746,1913,90,4,379.84,1519.36
5747,1914,88,1,378.0,378.0
5748,1914,67,4,650.54,2602.16
5749,1914,23,1,740.38,740.38
5750,1914,44,3,105.69,317.07
5751,1914,18,3,160.9,482.7
5752,1915,114,3,302.11,906.33
5753,1915,21,1,167.95,167.95
5754,1915,89,1,627.19,627.19
5755,1915,108,2,580.83,1161.66
5756,1915,69,2,655.25,1310.5
5757,1916,27,2,408.89,817.78
5758,1916,96,2,732.78,1465.56
5763,1918,72,4,590.71,2362.84
5764,1918,29,1,536.65,536.65
5765,1918,107,2,314.44,628.88
5766,1918,35,3,170.46,511.38
5767,1919,23,4,740.38,2961.52
5768,1919,25,1,350.4,350.4
5769,1919,84,3,896.53,2689.59
5770,1919,17,3,275.07,825.21
5771,1920,22,3,130.87,392.61
5772,1920,71,4,119.5,478.0
5773,1921,43,3,771.67,2315.01
5774,1921,44,4,105.69,422.76
5775,1922,84,1,896.53,896.53
5776,1922,5,1,183.5,183.5
5777,1922,38,4,757.5,3030.0
5778,1922,14,3,5.6,16.8
5779,1923,49,3,307.38,922.14
5780,1923,78,3,443.16,1329.48
5781,1923,2,3,347.53,1042.59
5782,1924,109,3,677.52,2032.56
5783,1924,10,4,520.23,2080.92
5784,1924,89,4,627.19,2508.76
5785,1924,21,4,167.95,671.8
5786,1924,37,2,602.98,1205.96
5788,1926,111,1,771.64,771.64
5790,1927,55,1,826.63,826.63
5791,1927,71,1,119.5,119.5
5792,1927,80,1,803.34,803.34
5793,1928,42,4,291.17,1164.68
5794,1928,52,4,684.74,2738.96
5795,1929,78,3,443.16,1329.48
5796,1929,56,3,614.64,1843.92
5797,1929,85,4,209.42,837.68
5798,1930,42,2,291.17,582.34
5799,1930,115,4,107.04,428.16
5800,1930,84,1,896.53,896.53
5801,1931,45,3,508.59,1525.77
5802,1931,21,1,167.95,167.95
5803,1931,89,2,627.19,1254.38
5804,1931,41,1,117.93,117.93
5805,1931,17,3,275.07,825.21
5807,1932,38,2,757.5,1515.0
5808,1932,91,2,707.35,1414.7
5809,1933,19,3,600.64,1801.92
5810,1933,39,2,431.24,862.48
5811,1933,8,1,728.74,728.74
5812,1933,25,3,350.4,1051.2
5814,1934,74,3,427.63,1282.89
5815,1935,46,3,241.39,724.17
5816,1935,62,1,806.45,806.45
5817,1936,103,2,552.16,1104.32
5818,1936,117,3,232.58,697.74
5819,1937,103,2,552.16,1104.32
5820,1937,39,3,431.24,1293.72
5821,1938,70,4,761.64,3046.56
5822,1938,54,2,177.51,355.02
5823,1938,12,1,853.06,853.06
5824,1938,24,2,192.66,385.32
5825,1939,12,3,853.06,2559.18
5826,1940,72,1,590.71,590.71
5827,1941,14,1,5.6,5.6
5828,1941,87,1,536.55,536.55
5829,1941,74,2,427.63,855.26
5830,1941,112,2,366.07,732.14
5831,1941,76,2,133.18,266.36
5832,1942,117,4,232.58,930.32
5833,1943,38,1,757.5,757.5
5834,1943,5,2,183.5,367.0
5835,1943,42,1,291.17,291.17
5836,1943,105,2,16.05,32.1
5837,1944,33,4,91.79,367.16
5838,1945,46,4,241.39,965.56
5839,1945,91,1,707.35,707.35
5840,1946,83,1,413.04,413.04
5841,1946,65,1,238.72,238.72
5842,1946,94,4,138.47,553.88
5843,1946,10,1,520.23,520.23
5844,1947,52,1,684.74,684.74
5845,1947,112,3,366.07,1098.21
5846,1947,60,4,429.31,1717.24
5847,1947,3,2,404.17,808.34
5848,1948,64,1,272.13,272.13
5849,1949,36,1,421.22,421.22
5850,1950,44,4,105.69,422.76
5851,1950,114,2,302.11,604.22
5852,1950,69,2,655.25,1310.5
5853,1950,100,3,622.45,1867.35
5854,1951,117,2,232.58,465.16
5855,1951,70,3,761.64,2284.92
5856,1951,108,3,580.83,1742.49
5857,1952,28,3,71.4,214.2
5860,1954,57,3,313.09,939.27
5861,1954,47,3,365.65,1096.95
5862,1954,67,4,650.54,2602.16
5863,1955,52,2,684.74,1369.48
5864,1956,16,3,864.69,2594.07
5866,1958,54,4,177.51,710.04
5867,1959,12,2,853.06,1706.12
5868,1960,49,3,307.38,922.14
5869,1960,45,4,508.59,2034.36
5870,1960,117,2,232.58,465.16
5871,1961,104,3,828.75,2486.25
5872,1961,4,3,373.72,1121.16
5873,1961,26,3,319.34,958.02
5874,1962,2,2,347.53,695.06
5875,1963,100,4,622.45,2489.8
5877,1963,29,1,536.65,536.65
5878,1963,67,4,650.54,2602.16
5879,1964,75,3,53.38,160.14
5880,1965,74,3,427.63,1282.89
5881,1965,11,1,216.7,216.7
5882,1965,53,4,283.45,1133.8
5883,1965,88,3,378.0,1134.0
5884,1965,118,1,742.97,742.97
5890,1967,96,3,732.78,2198.34
5891,1967,50,1,125.27,125.27
5892,1968,22,1,130.87,130.87
5893,1968,65,1,238.72,238.72
5894,1968,1,4,50.31,201.24
5895,1969,30,1,145.6,145.6
5896,1969,41,2,117.93,235.86
5897,1970,92,1,634.57,634.57
5899,1970,88,2,378.0,756.0
5900,1970,110,3,365.92,1097.76
5901,1971,112,3,366.07,1098.21
5902,1971,100,1,622.45,622.45
5903,1971,73,3,337.65,1012.95
5904,1972,101,2,123.59,247.18
5905,1972,114,4,302.11,1208.44
5906,1973,72,2,590.71,1181.42
5907,1973,16,3,864.69,2594.07
5908,1973,85,4,209.42,837.68
5909,1973,27,4,408.89,1635.56
5910,1973,7,1,247.03,247.03
5911,1974,5,3,183.5,550.5
5912,1974,87,1,536.55,536.55
5913,1974,114,1,302.11,302.11
5914,1974,67,4,650.54,2602.16
5915,1975,14,2,5.6,11.2
5916,1976,28,3,71.4,214.2
5917,1976,94,2,138.47,276.94
5918,1976,105,4,16.05,64.2
5919,1976,99,4,734.38,2937.52
5925,1980,107,1,314.44,314.44
5926,1981,67,4,650.54,2602.16
5927,1981,100,4,622.45,2489.8
5928,1981,8,2,728.74,1457.48
5929,1981,68,4,352.5,1410.0
5930,1982,31,4,271.16,1084.64
5931,1982,35,3,170.46,511.38
5932,1982,65,4,238.72,954.88
5933,1982,77,2,285.5,571.0
5935,1983,18,3,160.9,482.7
5936,1983,55,1,826.63,826.63
5937,1983,61,2,549.46,1098.92
5938,1983,51,4,546.45,2185.8
5941,1985,29,4,536.65,2146.6
5942,1985,8,3,728.74,2186.22
5943,1985,28,3,71.4,214.2
5944,1986,100,4,622.45,2489.8
5945,1986,98,1,299.14,299.14
5946,1986,6,3,704.8,2114.4
5947,1987,44,2,105.69,211.38
5948,1987,91,1,707.35,707.35
5949,1988,77,2,285.5,571.0
5950,1988,120,2,8.87,17.74
5951,1988,27,3,408.89,1226.67
5952,1988,25,3,350.4,1051.2
5953,1989,64,2,272.13,544.26
5954,1989,87,2,536.55,1073.1
5955,1990,1,3,50.31,150.93
5956,1991,26,2,319.34,638.68
5957,1991,25,2,350.4,700.8
5958,1991,30,3,145.6,436.8
5959,1992,81,2,565.87,1131.74
5960,1992,119,3,696.06,2088.18
5961,1992,2,1,347.53,347.53
5962,1992,35,4,170.46,681.84
5963,1992,60,4,429.31,1717.24
5964,1993,40,2,854.57,1709.14
5965,1993,39,4,431.24,1724.96
5966,1993,94,2,138.47,276.94
5967,1994,81,4,565.87,2263.48
5968,1994,106,4,469.58,1878.32
5969,1995,28,2,71.4,142.8
5970,1995,82,4,348.27,1393.08
5971,1995,103,2,552.16,1104.32
5972,1995,74,1,427.63,427.63
5973,1995,5,1,183.5,183.5
5974,1996,45,1,508.59,508.59
5975,1996,103,1,552.16,552.16
5976,1996,47,1,365.65,365.65
5977,1996,100,4,622.45,2489.8
5978,1997,83,4,413.04,1652.16
5979,1997,59,1,584.4,584.4
5980,1997,29,4,536.65,2146.6
5981,1997,39,3,431.24,1293.72
5985,1999,77,3,285.5,856.5
5987,2000,26,1,319.34,319.34
5988,2000,10,2,520.23,1040.46
5989,2000,61,2,549.46,1098.92
5990,2001,49,4,307.38,1229.52
5991,2001,86,2,333.09,666.18
5992,2002,22,2,130.87,261.74
5993,2002,94,4,138.47,553.88
5994,2003,75,1,53.38,53.38
5995,2004,96,4,732.78,2931.12
5996,2005,100,2,622.45,1244.9
5997,2005,99,3,734.38,2203.14
5998,2005,72,3,590.71,1772.13
5999,2005,114,4,302.11,1208.44
6000,2006,38,3,757.5,2272.5
6002,2006,99,4,734.38,2937.52
6003,2006,91,3,707.35,2122.05
6004,2007,89,4,627.19,2508.76
6005,2007,30,1,145.6,145.6
6006,2008,85,3,209.42,628.26
6007,2009,95,1,581.67,581.67
6008,2009,58,2,29.56,59.12
6009,2009,57,3,313.09,939.27
6015,2011,15,1,58.29,58.29
6016,2011,24,4,192.66,770.64
6023,2014,101,1,123.59,123.59
6024,2014,53,1,283.45,283.45
6025,2014,91,3,707.35,2122.05
6026,2014,65,2,238.72,477.44
6027,2014,92,3,634.57,1903.71
6033,2016,12,4,853.06,3412.24
6034,2016,117,1,232.58,232.58
6035,2016,48,1,623.0,623.0
6036,2016,72,4,590.71,2362.84
6037,2016,8,3,728.74,2186.22
6043,2018,117,3,232.58,697.74
6044,2018,92,1,634.57,634.57
6045,2018,101,1,123.59,123.59
6046,2018,109,2,677.52,1355.04
6047,2018,120,2,8.87,17.74
6048,2019,112,1,366.07,366.07
6049,2019,111,2,771.64,1543.28
6050,2019,99,1,734.38,734.38
6051,2019,104,4,828.75,3315.0
6052,2019,34,3,280.97,842.91
6055,2021,87,1,536.55,536.55
6056,2021,12,1,853.06,853.06
6057,2021,22,1,130.87,130.87
6058,2021,15,1,58.29,58.29
6059,2022,119,3,696.06,2088.18
6060,2022,29,4,536.65,2146.6
6061,2022,26,2,319.34,638.68
6062,2022,8,2,728.74,1457.48
6063,2022,24,3,192.66,577.98
6064,2023,109,1,677.52,677.52
6065,2024,7,2,247.03,494.06
6066,2024,37,2,602.98,1205.96
6067,2024,46,2,241.39,482.78
6068,2024,4,1,373.72,373.72
6069,2024,45,4,508.59,2034.36
6070,2025,108,1,580.83,580.83
6071,2025,6,4,704.8,2819.2
6072,2025,113,3,590.85,1772.55
6073,2025,70,2,761.64,1523.28
6074,2026,2,3,347.53,1042.59
6075,2026,76,1,133.18,133.18
6076,2026,88,2,378.0,756.0
6077,2026,104,4,828.75,3315.0
6078,2027,74,4,427.63,1710.52
6079,2027,84,3,896.53,2689.59
6080,2027,6,2,704.8,1409.6
6081,2028,117,2,232.58,465.16
6082,2028,56,3,614.64,1843.92
6083,2028,23,4,740.38,2961.52
6084,2028,41,3,117.93,353.79
6085,2029,16,4,864.69,3458.76
6086,2029,61,3,549.46,1648.38
6087,2029,38,1,757.5,757.5
6088,2029,87,4,536.55,2146.2
6089,2030,18,4,160.9,643.6
6090,2030,99,2,734.38,1468.76
6092,2030,70,4,761.64,3046.56
6093,2031,106,2,469.58,939.16
6094,2031,88,3,378.0,1134.0
6095,2031,38,4,757.5,3030.0
6096,2031,6,2,704.8,1409.6
6098,2032,44,3,105.69,317.07
6099,2032,106,3,469.58,1408.74
6102,2034,16,3,864.69,2594.07
6104,2035,92,3,634.57,1903.71
6105,2036,36,1,421.22,421.22
6106,2037,88,4,378.0,1512.0
6107,2037,108,4,580.83,2323.32
6108,2038,55,2,826.63,1653.26
6109,2039,6,4,704.8,2819.2
6115,2041,106,3,469.58,1408.74
6116,2041,81,2,565.87,1131.74
6118,2041,41,4,117.93,471.72
6119,2042,33,3,91.79,275.37
6120,2042,44,2,105.69,211.38
6121,2043,118,2,742.97,1485.94
6122,2043,49,4,307.38,1229.52
6123,2043,91,4,707.35,2829.4
6124,2043,6,2,704.8,1409.6
6125,2044,72,1,590.71,590.71
6126,2044,47,2,365.65,731.3
6127,2044,78,1,443.16,443.16
6128,2044,25,1,350.4,350.4
6129,2045,1,1,50.31,50.31
6130,2045,82,4,348.27,1393.08
6131,2046,120,4,8.87,35.48
6132,2046,40,2,854.57,1709.14
6133,2046,46,4,241.39,965.56
6134,2046,91,1,707.35,707.35
6135,2047,22,4,130.87,523.48
6136,2047,80,1,803.34,803.34
6137,2047,56,2,614.64,1229.28
6138,2047,108,3,580.83,1742.49
6139,2048,105,4,16.05,64.2
6140,2048,71,1,119.5,119.5
6141,2048,92,4,634.57,2538.28
6142,2049,64,3,272.13,816.39
6143,2049,78,4,443.16,1772.64
6145,2051,6,3,704.8,2114.4
6146,2051,119,1,696.06,696.06
6147,2051,113,2,590.85,1181.7
6148,2051,57,4,313.09,1252.36
6149,2051,2,4,347.53,1390.12
6151,2052,98,4,299.14,1196.56
6152,2052,46,2,241.39,482.78
6153,2052,52,2,684.74,1369.48
6154,2053,110,4,365.92,1463.68
6155,2053,65,2,238.72,477.44
6156,2054,77,2,285.5,571.0
6157,2054,27,3,408.89,1226.67
6158,2055,116,4,633.37,2533.48
6159,2056,24,2,192.66,385.32
6160,2057,113,3,590.85,1772.55
6161,2057,72,4,590.71,2362.84
6162,2057,12,2,853.06,1706.12
6163,2057,15,2,58.29,116.58
6164,2057,67,4,650.54,2602.16
6165,2058,72,2,590.71,1181.42
6166,2058,91,3,707.35,2122.05
6168,2059,74,2,427.63,855.26
6169,2059,120,2,8.87,17.74
6170,2059,34,2,280.97,561.94
6171,2060,74,4,427.63,1710.52
6172,2060,64,4,272.13,1088.52
6173,2060,23,4,740.38,2961.52
6174,2061,12,1,853.06,853.06
6176,2061,33,1,91.79,91.79
6177,2062,25,1,350.4,350.4
6178,2062,26,4,319.34,1277.36
6181,2064,98,3,299.14,897.42
6182,2064,10,1,520.23,520.23
6183,2065,106,1,469.58,469.58
6184,2065,59,1,584.4,584.4
6185,2065,91,4,707.35,2829.4
6186,2066,60,4,429.31,1717.24
6187,2066,86,1,333.09,333.09
6188,2066,30,4,145.6,582.4
6189,2066,50,2,125.27,250.54
6190,2067,66,4,810.21,3240.84
6191,2067,103,3,552.16,1656.48
6192,2067,50,4,125.27,501.08
6194,2068,21,3,167.95,503.85
6195,2068,99,1,734.38,734.38
6196,2068,113,4,590.85,2363.4
6198,2069,44,4,105.69,422.76
6199,2069,53,1,283.45,283.45
6200,2069,66,3,810.21,2430.63
6201,2069,71,4,119.5,478.0
6202,2069,89,3,627.19,1881.57
6203,2070,110,3,365.92,1097.76
6204,2070,53,4,283.45,1133.8
6205,2071,114,3,302.11,906.33
6206,2071,103,3,552.16,1656.48
6207,2071,98,4,299.14,1196.56
6208,2071,112,4,366.07,1464.28
6209,2072,46,2,241.39,482.78
6210,2072,108,4,580.83,2323.32
6211,2072,81,3,565.87,1697.61
6212,2073,64,1,272.13,272.13
6213,2073,22,3,130.87,392.61
6214,2073,77,4,285.5,1142.0
6215,2073,83,2,413.04,826.08
6216,2074,36,1,421.22,421.22
6217,2074,71,4,119.5,478.0
6218,2074,111,3,771.64,2314.92
6219,2075,24,1,192.66,192.66
6221,2076,59,1,584.4,584.4
6222,2076,27,3,408.89,1226.67
6226,2078,60,3,429.31,1287.93
6227,2078,36,4,421.22,1684.88
6228,2078,83,1,413.04,413.04
6229,2078,55,2,826.63,1653.26
6230,2079,101,3,123.59,370.77
6231,2079,7,1,247.03,247.03
6237,2081,58,3,29.56,88.68
6238,2081,111,4,771.64,3086.56
6239,2081,84,2,896.53,1793.06
6240,2082,53,2,283.45,566.9
6241,2082,5,1,183.5,183.5
6242,2083,11,1,216.7,216.7
6243,2083,82,2,348.27,696.54
6244,2083,109,4,677.52,2710.08
6245,2083,118,2,742.97,1485.94
6246,2084,67,2,650.54,1301.08
6247,2084,39,2,431.24,862.48
6249,2084,14,4,5.6,22.4
6250,2084,90,1,379.84,379.84
6251,2085,35,4,170.46,681.84
6252,2085,6,3,704.8,2114.4
6253,2085,64,3,272.13,816.39
6254,2085,5,2,183.5,367.0
6255,2086,85,1,209.42,209.42
6256,2086,37,3,602.98,1808.94
6257,2086,89,4,627.19,2508.76
6259,2087,102,4,820.54,3282.16
6260,2087,85,3,209.42,628.26
6261,2087,101,3,123.59,370.77
6262,2087,50,3,125.27,375.81
6263,2088,26,2,319.34,638.68
6265,2089,55,2,826.63,1653.26
6266,2089,80,1,803.34,803.34
6267,2090,106,3,469.58,1408.74
6268,2090,115,4,107.04,428.16
6269,2090,22,1,130.87,130.87
6270,2090,117,1,232.58,232.58
6272,2091,4,2,373.72,747.44
6273,2091,16,3,864.69,2594.07
6276,2093,73,2,337.65,675.3
6284,2096,24,3,192.66,577.98
6285,2096,112,4,366.07,1464.28
6286,2096,47,1,365.65,365.65
6287,2097,55,3,826.63,2479.89
6288,2097,94,3,138.47,415.41
6289,2097,110,4,365.92,1463.68
6291,2097,80,3,803.34,2410.02
6297,2100,39,4,431.24,1724.96
6298,2100,58,4,29.56,118.24
6299,2100,99,2,734.38,1468.76
6303,2102,71,4,119.5,478.0
6304,2102,107,3,314.44,943.32
6305,2102,40,1,854.57,854.57
6306,2103,16,2,864.69,1729.38
6308,2103,43,4,771.67,3086.68
6309,2103,47,1,365.65,365.65
6310,2104,47,3,365.65,1096.95
6311,2104,26,1,319.34,319.34
6312,2104,104,2,828.75,1657.5
6313,2104,9,4,94.61,378.44
6314,2105,72,3,590.71,1772.13
6315,2105,31,3,271.16,813.48
6316,2105,102,3,820.54,2461.62
6317,2106,27,4,408.89,1635.56
6318,2106,48,4,623.0,2492.0
6319,2107,12,1,853.06,853.06
6320,2107,4,1,373.72,373.72
6321,2107,65,3,238.72,716.16
6322,2107,54,4,177.51,710.04
6323,2107,98,2,299.14,598.28
6324,2108,100,2,622.45,1244.9
6325,2109,65,1,238.72,238.72
6326,2109,70,1,761.64,761.64
6327,2109,45,2,508.59,1017.18
6328,2109,83,1,413.04,413.04
6329,2109,87,2,536.55,1073.1
6330,2110,91,4,707.35,2829.4
6331,2110,28,1,71.4,71.4
6332,2111,22,2,130.87,261.74
6333,2111,84,3,896.53,2689.59
6334,2111,9,4,94.61,378.44
6335,2111,72,4,590.71,2362.84
6336,2111,69,4,655.25,2621.0
6337,2112,66,2,810.21,1620.42
6338,2112,90,4,379.84,1519.36
6339,2112,12,4,853.06,3412.24
6340,2113,83,2,413.04,826.08
6341,2113,72,4,590.71,2362.84
6342,2113,25,4,350.4,1401.6
6343,2113,99,3,734.38,2203.14
6345,2114,73,4,337.65,1350.6
6346,2114,22,3,130.87,392.61
6348,2115,12,3,853.06,2559.18
6349,2115,104,2,828.75,1657.5
6350,2116,109,4,677.52,2710.08
6351,2117,9,2,94.61,189.22
6352,2117,115,2,107.04,214.08
6353,2117,16,2,864.69,1729.38
6354,2117,85,4,209.42,837.68
6355,2117,69,1,655.25,655.25
6356,2118,27,4,408.89,1635.56
6357,2119,7,3,247.03,741.09
6358,2119,119,3,696.06,2088.18
6359,2120,84,3,896.53,2689.59
6360,2120,105,4,16.05,64.2
6361,2120,86,1,333.09,333.09
6362,2120,118,3,742.97,2228.91
6363,2121,34,3,280.97,842.91
6364,2121,82,4,348.27,1393.08
6365,2121,33,2,91.79,183.58
6366,2121,78,3,443.16,1329.48
6367,2122,23,3,740.38,2221.14
6368,2122,6,4,704.8,2819.2
6369,2122,8,4,728.74,2914.96
6370,2123,12,1,853.06,853.06
6371,2123,74,4,427.63,1710.52
6372,2123,68,1,352.5,352.5
6373,2123,45,3,508.59,1525.77
6374,2123,86,3,333.09,999.27
6375,2124,65,4,238.72,954.88
6376,2124,112,2,366.07,732.14
6377,2124,119,4,696.06,2784.24
6378,2124,61,1,549.46,549.46
6379,2124,116,2,633.37,1266.74
6381,2125,10,2,520.23,1040.46
6382,2125,95,1,581.67,581.67
6383,2125,106,3,469.58,1408.74
6385,2126,91,2,707.35,1414.7
6386,2127,106,1,469.58,469.58
6387,2127,25,4,350.4,1401.6
6388,2127,6,3,704.8,2114.4
6389,2127,40,1,854.57,854.57
6390,2127,112,1,366.07,366.07
6391,2128,37,2,602.98,1205.96
6392,2128,44,1,105.69,105.69
6393,2128,103,4,552.16,2208.64
6394,2128,120,2,8.87,17.74
6395,2129,23,4,740.38,2961.52
6396,2130,116,4,633.37,2533.48
6397,2131,43,4,771.67,3086.68
6398,2131,44,2,105.69,211.38
6400,2132,114,3,302.11,906.33
6401,2133,1,1,50.31,50.31
6402,2133,41,1,117.93,117.93
6403,2133,60,1,429.31,429.31
6404,2133,10,4,520.23,2080.92
6405,2133,99,2,734.38,1468.76
6406,2134,3,3,404.17,1212.51
6407,2134,81,3,565.87,1697.61
6408,2135,105,3,16.05,48.15
6409,2135,8,1,728.74,728.74
6410,2135,115,2,107.04,214.08
6411,2135,57,3,313.09,939.27
6412,2136,95,1,581.67,581.67
6413,2136,15,1,58.29,58.29
6414,2136,74,1,427.63,427.63
6415,2137,29,3,536.65,1609.95
6416,2137,25,2,350.4,700.8
6417,2137,37,2,602.98,1205.96
6418,2137,51,1,546.45,546.45
6419,2137,100,3,622.45,1867.35
6423,2139,44,2,105.69,211.38
6424,2139,91,2,707.35,1414.7
6425,2140,48,4,623.0,2492.0
6426,2140,49,3,307.38,922.14
6427,2140,68,1,352.5,352.5
6428,2140,14,2,5.6,11.2
6429,2140,59,2,584.4,1168.8
6430,2141,11,2,216.7,433.4
6431,2141,100,1,622.45,622.45
6432,2141,49,2,307.38,614.76
6433,2141,78,4,443.16,1772.64
6434,2141,99,4,734.38,2937.52
6435,2142,91,3,707.35,2122.05
6436,2142,92,3,634.57,1903.71
6437,2142,103,3,552.16,1656.48
6438,2143,111,3,771.64,2314.92
6439,2143,48,1,623.0,623.0
6440,2143,1,3,50.31,150.93
6441,2143,74,2,427.63,855.26
6442,2144,101,1,123.59,123.59
6443,2144,95,1,581.67,581.67
6444,2144,105,1,16.05,16.05
6445,2144,9,2,94.61,189.22
6446,2145,105,1,16.05,16.05
6447,2146,86,3,333.09,999.27
6448,2146,22,4,130.87,523.48
6449,2146,68,4,352.5,1410.0
6450,2146,4,1,373.72,373.72
6451,2147,14,3,5.6,16.8
6452,2148,58,3,29.56,88.68
6453,2148,26,1,319.34,319.34
6454,2148,82,2,348.27,696.54
6455,2148,41,3,117.93,353.79
6456,2149,120,3,8.87,26.61
6457,2149,95,2,581.67,1163.34
6458,2149,85,1,209.42,209.42
6459,2149,59,1,584.4,584.4
6460,2149,103,3,552.16,1656.48
6461,2150,17,3,275.07,825.21
6462,2150,94,3,138.47,415.41
6463,2150,15,2,58.29,116.58
6465,2150,64,2,272.13,544.26
6466,2151,99,1,734.38,734.38
6467,2151,5,1,183.5,183.5
6468,2152,74,1,427.63,427.63
6469,2153,28,1,71.4,71.4
6470,2154,17,4,275.07,1100.28
6471,2154,66,2,810.21,1620.42
6472,2154,103,3,552.16,1656.48
6473,2154,95,2,581.67,1163.34
6475,2155,76,3,133.18,399.54
6476,2155,110,1,365.92,365.92
6477,2155,86,2,333.09,666.18
6478,2155,26,2,319.34,638.68
6479,2156,102,2,820.54,1641.08
6480,2157,41,3,117.93,353.79
6481,2158,39,2,431.24,862.48
6482,2158,27,2,408.89,817.78
6483,2158,10,3,520.23,1560.69
6484,2158,118,2,742.97,1485.94
6485,2159,19,3,600.64,1801.92
6486,2159,116,2,633.37,1266.74
6487,2159,59,3,584.4,1753.2
6488,2159,21,3,167.95,503.85
6489,2159,7,2,247.03,494.06
6490,2160,1,3,50.31,150.93
6491,2160,104,4,828.75,3315.0
6492,2160,67,3,650.54,1951.62
6493,2160,69,3,655.25,1965.75
6494,2161,100,3,622.45,1867.35
6495,2161,96,3,732.78,2198.34
6496,2161,76,2,133.18,266.36
6497,2161,61,1,549.46,549.46
6499,2162,115,2,107.04,214.08
6500,2162,80,2,803.34,1606.68
6501,2162,83,3,413.04,1239.12
6502,2163,5,4,183.5,734.0
6503,2163,110,1,365.92,365.92
6504,2163,25,4,350.4,1401.6
6505,2163,39,2,431.24,862.48
6506,2164,1,2,50.31,100.62
6507,2164,117,2,232.58,465.16
6508,2165,1,1,50.31,50.31
6510,2165,108,4,580.83,2323.32
6512,2167,74,4,427.63,1710.52
6513,2167,100,2,622.45,1244.9
6514,2167,46,1,241.39,241.39
6515,2167,14,1,5.6,5.6
6520,2169,44,3,105.69,317.07
6521,2169,77,3,285.5,856.5
6522,2169,103,4,552.16,2208.64
6523,2169,118,1,742.97,742.97
6524,2169,9,4,94.61,378.44
6525,2170,23,1,740.38,740.38
6526,2170,22,1,130.87,130.87
6527,2170,11,2,216.7,433.4
6528,2170,105,3,16.05,48.15
6529,2170,75,3,53.38,160.14
6530,2171,116,1,633.37,633.37
6531,2171,74,2,427.63,855.26
6533,2171,25,2,350.4,700.8
6534,2172,116,3,633.37,1900.11
6535,2172,65,4,238.72,954.88
6536,2172,83,3,413.04,1239.12
6537,2172,39,2,431.24,862.48
6538,2172,90,1,379.84,379.84
6539,2173,40,1,854.57,854.57
6540,2173,35,3,170.46,511.38
6541,2173,89,2,627.19,1254.38
6542,2173,82,1,348.27,348.27
6543,2174,46,4,241.39,965.56
6544,2175,94,2,138.47,276.94
6546,2176,11,3,216.7,650.1
6547,2176,81,3,565.87,1697.61
6549,2177,84,4,896.53,3586.12
6550,2177,82,4,348.27,1393.08
6552,2178,111,3,771.64,2314.92
6553,2178,18,1,160.9,160.9
6554,2178,10,2,520.23,1040.46
6555,2179,92,3,634.57,1903.71
6556,2179,111,2,771.64,1543.28
6557,2179,64,2,272.13,544.26
6558,2179,118,3,742.97,2228.91
6559,2179,19,4,600.64,2402.56
6560,2180,97,2,665.98,1331.96
6562,2180,91,1,707.35,707.35
6563,2180,92,2,634.57,1269.14
6564,2181,100,4,622.45,2489.8
6565,2181,107,4,314.44,1257.76
6566,2182,46,4,241.39,965.56
6567,2182,116,2,633.37,1266.74
6568,2183,88,1,378.0,378.0
6569,2183,75,3,53.38,160.14
6570,2183,76,4,133.18,532.72
6572,2184,71,3,119.5,358.5
6573,2184,118,4,742.97,2971.88
6574,2184,100,3,622.45,1867.35
6575,2184,116,4,633.37,2533.48
6576,2184,39,4,431.24,1724.96
6577,2185,10,3,520.23,1560.69
6579,2185,100,2,622.45,1244.9
6580,2186,91,3,707.35,2122.05
6581,2186,5,3,183.5,550.5
6582,2187,4,4,373.72,1494.88
6583,2188,30,1,145.6,145.6
6584,2188,52,3,684.74,2054.22
6585,2188,97,3,665.98,1997.94
6586,2188,46,2,241.39,482.78
6587,2189,108,4,580.83,2323.32
6588,2189,65,1,238.72,238.72
6589,2189,101,2,123.59,247.18
6590,2189,104,2,828.75,1657.5
6591,2190,105,2,16.05,32.1
6592,2190,80,3,803.34,2410.02
6593,2190,84,3,896.53,2689.59
6595,2190,73,3,337.65,1012.95
6596,2191,40,2,854.57,1709.14
6599,2193,13,4,162.11,648.44
6600,2193,66,3,810.21,2430.63
6601,2193,103,1,552.16,552.16
6602,2193,3,2,404.17,808.34
6604,2194,9,4,94.61,378.44
6605,2194,55,2,826.63,1653.26
6606,2194,82,1,348.27,348.27
6607,2194,71,4,119.5,478.0
6608,2195,86,2,333.09,666.18
6609,2195,64,3,272.13,816.39
6610,2195,33,1,91.79,91.79
6611,2196,1,3,50.31,150.93
6612,2196,9,1,94.61,94.61
6613,2196,2,3,347.53,1042.59
6614,2196,81,4,565.87,2263.48
6615,2197,87,3,536.55,1609.65
6616,2197,30,4,145.6,582.4
6617,2198,115,4,107.04,428.16
6618,2198,98,4,299.14,1196.56
6619,2198,72,4,590.71,2362.84
6620,2198,75,3,53.38,160.14
6621,2198,71,2,119.5,239.0
6622,2199,69,2,655.25,1310.5
6623,2200,5,3,183.5,550.5
6624,2200,36,3,421.22,1263.66
6625,2201,107,1,314.44,314.44
6627,2201,29,4,536.65,2146.6
6628,2201,36,1,421.22,421.22
6629,2202,43,1,771.67,771.67
6630,2202,80,3,803.34,2410.02
6631,2202,25,4,350.4,1401.6
6632,2202,117,1,232.58,232.58
6633,2202,73,3,337.65,1012.95
6634,2203,41,3,117.93,353.79
6636,2203,4,4,373.72,1494.88
6637,2203,53,1,283.45,283.45
6638,2203,30,2,145.6,291.2
6640,2204,44,1,105.69,105.69
6641,2204,97,4,665.98,2663.92
6642,2205,83,2,413.04,826.08
6643,2205,92,1,634.57,634.57
6644,2206,119,3,696.06,2088.18
6645,2207,101,2,123.59,247.18
6646,2208,115,3,107.04,321.12
6647,2209,67,4,650.54,2602.16
6648,2210,8,4,728.74,2914.96
6649,2210,90,1,379.84,379.84
6650,2210,34,1,280.97,280.97
6651,2210,73,4,337.65,1350.6
6652,2211,85,1,209.42,209.42
6653,2211,38,2,757.5,1515.0
6654,2211,29,4,536.65,2146.6
6655,2212,97,2,665.98,1331.96
6656,2213,57,2,313.09,626.18
6657,2213,80,2,803.34,1606.68
6658,2213,77,1,285.5,285.5
6659,2213,113,1,590.85,590.85
6661,2214,18,3,160.9,482.7
6662,2214,11,1,216.7,216.7
6663,2215,116,4,633.37,2533.48
6664,2215,98,2,299.14,598.28
6665,2216,27,3,408.89,1226.67
6666,2216,49,2,307.38,614.76
6667,2216,18,1,160.9,160.9
6668,2217,82,2,348.27,696.54
6669,2218,7,1,247.03,247.03
6670,2218,101,2,123.59,247.18
6671,2219,84,3,896.53,2689.59
6673,2219,96,4,732.78,2931.12
6674,2219,97,4,665.98,2663.92
6675,2220,69,3,655.25,1965.75
6676,2221,69,2,655.25,1310.5
6678,2221,52,3,684.74,2054.22
6679,2222,30,2,145.6,291.2
6680,2222,106,3,469.58,1408.74
6681,2222,45,2,508.59,1017.18
6682,2222,66,1,810.21,810.21
6683,2222,8,4,728.74,2914.96
6684,2223,104,3,828.75,2486.25
6685,2223,28,3,71.4,214.2
6686,2223,47,4,365.65,1462.6
6687,2223,34,4,280.97,1123.88
6688,2224,40,4,854.57,3418.28
6689,2225,119,4,696.06,2784.24
6690,2225,18,4,160.9,643.6
6691,2225,50,3,125.27,375.81
6692,2225,39,4,431.24,1724.96
6693,2225,70,2,761.64,1523.28
6698,2227,74,2,427.63,855.26
6699,2228,18,1,160.9,160.9
6700,2228,47,3,365.65,1096.95
6701,2228,86,4,333.09,1332.36
6702,2228,115,2,107.04,214.08
6703,2229,39,3,431.24,1293.72
6705,2229,87,2,536.55,1073.1
6706,2229,82,2,348.27,696.54
6707,2229,77,4,285.5,1142.0
6713,2231,17,2,275.07,550.14
6714,2231,109,3,677.52,2032.56
6715,2232,61,1,549.46,549.46
6716,2232,50,3,125.27,375.81
6717,2233,85,1,209.42,209.42
6718,2233,47,4,365.65,1462.6
6719,2233,13,1,162.11,162.11
6720,2234,69,2,655.25,1310.5
6721,2234,92,3,634.57,1903.71
6722,2235,57,4,313.09,1252.36
6723,2235,100,3,622.45,1867.35
6724,2236,25,4,350.4,1401.6
6725,2236,94,2,138.47,276.94
6726,2236,101,2,123.59,247.18
6727,2236,18,3,160.9,482.7
6728,2237,33,2,91.79,183.58
6729,2238,102,2,820.54,1641.08
6730,2238,119,1,696.06,696.06
6731,2238,107,3,314.44,943.32
6732,2238,44,1,105.69,105.69
6734,2240,14,4,5.6,22.4
6735,2240,17,3,275.07,825.21
6736,2241,88,4,378.0,1512.0
6737,2241,89,3,627.19,1881.57
6738,2242,1,1,50.31,50.31
6739,2243,67,3,650.54,1951.62
6740,2244,31,1,271.16,271.16
6741,2244,27,4,408.89,1635.56
6744,2246,16,1,864.69,864.69
6745,2246,29,4,536.65,2146.6
6746,2246,120,3,8.87,26.61
6747,2247,76,3,133.18,399.54
6748,2248,23,4,740.38,2961.52
6749,2248,116,4,633.37,2533.48
6751,2248,51,1,546.45,546.45
6752,2249,84,3,896.53,2689.59
6753,2249,71,3,119.5,358.5
6754,2250,113,2,590.85,1181.7
6755,2250,50,2,125.27,250.54
6756,2250,34,3,280.97,842.91
6757,2250,85,4,209.42,837.68
6758,2251,69,3,655.25,1965.75
6759,2251,41,1,117.93,117.93
6760,2251,58,4,29.56,118.24
6761,2252,31,3,271.16,813.48
6762,2252,84,4,896.53,3586.12
6763,2252,75,2,53.38,106.76
6764,2252,58,2,29.56,59.12
6765,2252,69,1,655.25,655.25
6767,2253,120,1,8.87,8.87
6768,2253,57,2,313.09,626.18
6769,2254,56,2,614.64,1229.28
6770,2254,116,2,633.37,1266.74
6771,2255,16,4,864.69,3458.76
6772,2255,19,1,600.64,600.64
6774,2255,50,4,125.27,501.08
6775,2256,24,4,192.66,770.64
6776,2256,44,1,105.69,105.69
6777,2256,100,1,622.45,622.45
6778,2257,4,3,373.72,1121.16
6779,2257,26,2,319.34,638.68
6780,2258,94,4,138.47,553.88
6781,2258,120,4,8.87,35.48
6782,2258,69,1,655.25,655.25
6783,2258,35,1,170.46,170.46
6785,2259,112,3,366.07,1098.21
6786,2260,26,4,319.34,1277.36
6787,2260,50,4,125.27,501.08
6788,2260,72,4,590.71,2362.84
6789,2261,107,3,314.44,943.32
6790,2261,1,3,50.31,150.93
6791,2261,95,4,581.67,2326.68
6792,2262,65,1,238.72,238.72
6793,2262,47,4,365.65,1462.6
6794,2262,113,2,590.85,1181.7
6795,2262,30,2,145.6,291.2
6796,2263,115,1,107.04,107.04
6798,2263,105,2,16.05,32.1
6799,2263,118,2,742.97,1485.94
6800,2263,21,1,167.95,167.95
6801,2264,119,3,696.06,2088.18
6802,2264,102,3,820.54,2461.62
6803,2264,62,4,806.45,3225.8
6804,2264,10,4,520.23,2080.92
6805,2265,88,3,378.0,1134.0
6806,2265,105,4,16.05,64.2
6807,2265,95,4,581.67,2326.68
6808,2265,40,4,854.57,3418.28
6810,2266,6,2,704.8,1409.6
6811,2266,72,3,590.71,1772.13
6812,2266,46,3,241.39,724.17
6813,2267,64,4,272.13,1088.52
6814,2267,68,4,352.5,1410.0
6815,2267,18,3,160.9,482.7
6816,2267,76,1,133.18,133.18
6817,2267,72,3,590.71,1772.13
6818,2268,83,4,413.04,1652.16
6819,2268,68,3,352.5,1057.5
6820,2269,26,2,319.34,638.68
6821,2269,75,1,53.38,53.38
6822,2269,5,1,183.5,183.5
6824,2270,103,3,552.16,1656.48
6829,2272,10,2,520.23,1040.46
6830,2272,120,4,8.87,35.48
6831,2272,58,1,29.56,29.56
6832,2273,113,3,590.85,1772.55
6834,2273,85,2,209.42,418.84
6835,2273,27,4,408.89,1635.56
6836,2274,17,3,275.07,825.21
6837,2274,34,4,280.97,1123.88
6838,2274,111,2,771.64,1543.28
6839,2274,55,4,826.63,3306.52
6840,2275,108,4,580.83,2323.32
6841,2275,15,4,58.29,233.16
6843,2276,87,3,536.55,1609.65
6844,2277,21,1,167.95,167.95
6845,2277,13,3,162.11,486.33
6846,2277,118,1,742.97,742.97
6847,2277,17,3,275.07,825.21
6848,2278,89,1,627.19,627.19
6849,2278,24,4,192.66,770.64
6851,2278,5,3,183.5,550.5
6852,2279,12,4,853.06,3412.24
6853,2279,36,3,421.22,1263.66
6854,2279,2,3,347.53,1042.59
6855,2279,31,1,271.16,271.16
6856,2279,7,3,247.03,741.09
6857,2280,98,2,299.14,598.28
6863,2282,97,4,665.98,2663.92
6864,2282,112,2,366.07,732.14
6865,2283,46,3,241.39,724.17
6866,2283,61,1,549.46,549.46
6867,2283,29,1,536.65,536.65
6868,2283,44,4,105.69,422.76
6869,2284,96,2,732.78,1465.56
6870,2284,112,1,366.07,366.07
6871,2284,17,1,275.07,275.07
6872,2284,78,1,443.16,443.16
6873,2284,35,3,170.46,511.38
6875,2285,83,4,413.04,1652.16
6876,2285,114,2,302.11,604.22
6877,2285,43,1,771.67,771.67
6878,2285,65,1,238.72,238.72
6880,2286,73,3,337.65,1012.95
6881,2286,90,1,379.84,379.84
6882,2286,101,1,123.59,123.59
6883,2286,47,2,365.65,731.3
6884,2287,77,1,285.5,285.5
6885,2287,12,3,853.06,2559.18
6886,2287,6,3,704.8,2114.4
6887,2288,104,3,828.75,2486.25
6888,2288,102,1,820.54,820.54
6889,2288,54,4,177.51,710.04
6890,2288,76,2,133.18,266.36
6891,2288,12,4,853.06,3412.24
6892,2289,116,3,633.37,1900.11
6893,2289,113,1,590.85,590.85
6894,2289,118,2,742.97,1485.94
6895,2289,58,3,29.56,88.68
6896,2289,70,1,761.64,761.64
6897,2290,66,4,810.21,3240.84
6898,2290,94,4,138.47,553.88
6899,2290,111,3,771.64,2314.92
6900,2291,60,2,429.31,858.62
6901,2291,84,4,896.53,3586.12
6902,2291,4,2,373.72,747.44
6903,2292,110,1,365.92,365.92
6904,2292,111,4,771.64,3086.56
6905,2292,68,3,352.5,1057.5
6906,2292,37,3,602.98,1808.94
6907,2293,101,4,123.59,494.36
6908,2294,2,2,347.53,695.06
6909,2294,6,4,704.8,2819.2
6910,2294,101,2,123.59,247.18
6911,2294,119,4,696.06,2784.24
6912,2295,114,3,302.11,906.33
6913,2295,17,3,275.07,825.21
6914,2296,30,4,145.6,582.4
6916,2297,70,1,761.64,761.64
6917,2298,47,2,365.65,731.3
6918,2298,82,2,348.27,696.54
6919,2299,73,2,337.65,675.3
6920,2299,51,1,546.45,546.45
6921,2299,115,4,107.04,428.16
6922,2300,60,3,429.31,1287.93
6923,2300,69,4,655.25,2621.0
6924,2300,120,1,8.87,8.87
6925,2300,28,4,71.4,285.6
6926,2300,85,3,209.42,628.26
6927,2301,56,1,614.64,614.64
6928,2301,119,3,696.06,2088.18
6929,2302,43,3,771.67,2315.01
6930,2302,75,4,53.38,213.52
6931,2302,24,4,192.66,770.64
6932,2303,42,2,291.17,582.34
6933,2303,58,3,29.56,88.68
6934,2304,60,2,429.31,858.62
6935,2304,23,3,740.38,2221.14
6936,2304,25,4,350.4,1401.6
6941,2306,47,3,365.65,1096.95
6942,2306,11,1,216.7,216.7
6943,2306,67,3,650.54,1951.62
6944,2306,55,2,826.63,1653.26
6945,2306,80,2,803.34,1606.68
6946,2307,35,4,170.46,681.84
6947,2307,61,2,549.46,1098.92
6948,2308,81,1,565.87,565.87
6950,2309,24,2,192.66,385.32
6951,2309,4,1,373.72,373.72
6952,2309,1,2,50.31,100.62
6953,2310,38,1,757.5,757.5
6954,2311,77,1,285.5,285.5
6955,2311,118,2,742.97,1485.94
6956,2311,55,1,826.63,826.63
6957,2311,62,2,806.45,1612.9
6958,2311,24,4,192.66,770.64
6960,2313,109,2,677.52,1355.04
6961,2313,40,2,854.57,1709.14
6962,2313,68,4,352.5,1410.0
6964,2314,60,2,429.31,858.62
6965,2314,81,2,565.87,1131.74
6966,2314,8,3,728.74,2186.22
6967,2314,115,2,107.04,214.08
6968,2315,37,1,602.98,602.98
6969,2315,81,2,565.87,1131.74
6970,2316,23,1,740.38,740.38
6971,2316,34,2,280.97,561.94
6972,2317,114,2,302.11,604.22
6973,2318,68,2,352.5,705.0
6974,2318,116,4,633.37,2533.48
6975,2319,103,4,552.16,2208.64
6976,2320,23,3,740.38,2221.14
6977,2321,100,2,622.45,1244.9
6978,2321,3,3,404.17,1212.51
6979,2322,87,2,536.55,1073.1
6980,2322,2,3,347.53,1042.59
6981,2322,47,1,365.65,365.65
6985,2324,4,4,373.72,1494.88
6986,2324,84,3,896.53,2689.59
6987,2325,11,4,216.7,866.8
6988,2326,24,2,192.66,385.32
6989,2326,73,3,337.65,1012.95
6990,2326,4,2,373.72,747.44
6991,2326,16,2,864.69,1729.38
6992,2326,109,4,677.52,2710.08
6993,2327,47,1,365.65,365.65
6994,2328,110,1,365.92,365.92
6995,2328,61,4,549.46,2197.84
6996,2328,103,4,552.16,2208.64
6997,2329,52,2,684.74,1369.48
6998,2329,25,3,350.4,1051.2
6999,2329,81,4,565.87,2263.48
7000,2329,85,1,209.42,209.42
7001,2329,12,3,853.06,2559.18
7002,2330,13,3,162.11,486.33
7003,2331,54,3,177.51,532.53
7004,2331,116,4,633.37,2533.48
7005,2331,10,1,520.23,520.23
7006,2331,75,2,53.38,106.76
7007,2332,98,2,299.14,598.28
7008,2332,103,1,552.16,552.16
7009,2332,6,3,704.8,2114.4
7010,2332,17,3,275.07,825.21
7011,2333,94,1,138.47,138.47
7013,2334,47,4,365.65,1462.6
7014,2334,91,4,707.35,2829.4
7015,2335,115,2,107.04,214.08
7016,2335,88,3,378.0,1134.0
7017,2335,81,2,565.87,1131.74
7018,2335,3,4,404.17,1616.68
7019,2336,37,2,602.98,1205.96
7020,2336,35,2,170.46,340.92
7021,2336,18,4,160.9,643.6
7022,2336,87,3,536.55,1609.65
7023,2336,59,2,584.4,1168.8
7024,2337,61,3,549.46,1648.38
7030,2339,54,3,177.51,532.53
7031,2339,24,3,192.66,577.98
7032,2339,114,3,302.11,906.33
7033,2339,28,1,71.4,71.4
7034,2339,25,3,350.4,1051.2
7035,2340,34,3,280.97,842.91
7036,2340,114,3,302.11,906.33
7037,2340,74,3,427.63,1282.89
7038,2341,49,1,307.38,307.38
7039,2341,31,1,271.16,271.16
7040,2341,65,1,238.72,238.72
7041,2342,85,2,209.42,418.84
7042,2342,50,4,125.27,501.08
7043,2342,37,4,602.98,2411.92
7044,2343,104,1,828.75,828.75
7045,2343,16,3,864.69,2594.07
7046,2343,47,3,365.65,1096.95
7047,2343,31,1,271.16,271.16
7048,2343,110,2,365.92,731.84
7049,2344,44,4,105.69,422.76
7051,2346,22,1,130.87,130.87
7052,2346,40,1,854.57,854.57
7054,2346,96,4,732.78,2931.12
7055,2347,78,2,443.16,886.32
7056,2347,14,1,5.6,5.6
7057,2347,113,4,590.85,2363.4
7058,2348,57,1,313.09,313.09
7059,2348,11,2,216.7,433.4
7060,2348,45,2,508.59,1017.18
7062,2350,30,2,145.6,291.2
7063,2350,82,4,348.27,1393.08
7064,2350,18,3,160.9,482.7
7065,2350,15,3,58.29,174.87
7066,2350,119,1,696.06,696.06
7067,2351,65,1,238.72,238.72
7068,2351,113,1,590.85,590.85
7069,2351,34,3,280.97,842.91
7070,2351,21,2,167.95,335.9
7071,2352,118,3,742.97,2228.91
7072,2352,55,3,826.63,2479.89
7073,2352,9,3,94.61,283.83
7074,2352,92,3,634.57,1903.71
7075,2352,46,4,241.39,965.56
7076,2353,41,4,117.93,471.72
7077,2353,64,2,272.13,544.26
7078,2353,62,4,806.45,3225.8
7084,2355,92,4,634.57,2538.28
7085,2355,2,3,347.53,1042.59
7086,2355,110,4,365.92,1463.68
7087,2355,80,4,803.34,3213.36
7088,2356,50,2,125.27,250.54
7089,2356,22,3,130.87,392.61
7090,2357,8,2,728.74,1457.48
7091,2357,65,3,238.72,716.16
7092,2357,45,2,508.59,1017.18
7093,2358,5,4,183.5,734.0
7094,2358,106,3,469.58,1408.74
7095,2358,58,3,29.56,88.68
7096,2359,94,2,138.47,276.94
7097,2359,118,2,742.97,1485.94
7098,2359,96,3,732.78,2198.34
7099,2360,11,4,216.7,866.8
7100,2361,80,4,803.34,3213.36
7101,2361,36,2,421.22,842.44
7103,2362,7,3,247.03,741.09
7105,2362,8,1,728.74,728.74
7106,2362,105,1,16.05,16.05
7107,2363,44,4,105.69,422.76
7108,2363,9,2,94.61,189.22
7109,2363,91,3,707.35,2122.05
7110,2363,26,3,319.34,958.02
7111,2363,87,4,536.55,2146.2
7112,2364,27,4,408.89,1635.56
7113,2364,34,4,280.97,1123.88
7114,2365,78,2,443.16,886.32
7115,2365,115,1,107.04,107.04
7116,2365,107,1,314.44,314.44
7117,2366,8,3,728.74,2186.22
7118,2366,65,1,238.72,238.72
7119,2367,81,2,565.87,1131.74
7120,2368,5,2,183.5,367.0
7121,2369,59,3,584.4,1753.2
7122,2369,31,4,271.16,1084.64
7123,2369,110,3,365.92,1097.76
7124,2369,54,3,177.51,532.53
7125,2370,26,1,319.34,319.34
7126,2370,46,1,241.39,241.39
7127,2370,99,2,734.38,1468.76
7128,2371,25,2,350.4,700.8
7129,2371,89,1,627.19,627.19
7130,2372,44,1,105.69,105.69
7131,2372,96,2,732.78,1465.56
7132,2372,101,1,123.59,123.59
7133,2373,41,1,117.93,117.93
7134,2374,37,3,602.98,1808.94
7135,2374,72,4,590.71,2362.84
7137,2374,95,3,581.67,1745.01
7138,2375,21,2,167.95,335.9
7139,2376,21,3,167.95,503.85
7140,2377,39,4,431.24,1724.96
7141,2377,107,3,314.44,943.32
7142,2377,78,1,443.16,443.16
7143,2377,46,3,241.39,724.17
7144,2377,11,4,216.7,866.8
7145,2378,106,1,469.58,469.58
7146,2378,75,1,53.38,53.38
7147,2379,49,3,307.38,922.14
7148,2379,64,1,272.13,272.13
7149,2379,69,4,655.25,2621.0
7150,2379,47,3,365.65,1096.95
7151,2379,43,1,771.67,771.67
7152,2380,55,2,826.63,1653.26
7154,2381,60,4,429.31,1717.24
7155,2382,6,4,704.8,2819.2
7158,2382,14,4,5.6,22.4
7159,2383,92,2,634.57,1269.14
7160,2383,65,4,238.72,954.88
7161,2384,117,1,232.58,232.58
7162,2384,114,4,302.11,1208.44
7163,2384,51,3,546.45,1639.35
7164,2384,67,4,650.54,2602.16
7165,2385,6,4,704.8,2819.2
7166,2385,73,2,337.65,675.3
7167,2385,31,4,271.16,1084.64
7168,2386,111,1,771.64,771.64
7169,2387,120,2,8.87,17.74
7170,2387,10,4,520.23,2080.92
7171,2387,66,2,810.21,1620.42
7172,2388,72,4,590.71,2362.84
7173,2388,108,3,580.83,1742.49
7174,2388,98,4,299.14,1196.56
7175,2389,34,2,280.97,561.94
7177,2390,11,2,216.7,433.4
7178,2390,55,4,826.63,3306.52
7179,2390,33,1,91.79,91.79
7180,2390,18,4,160.9,643.6
7182,2391,60,3,429.31,1287.93
7184,2391,84,2,896.53,1793.06
7186,2392,59,3,584.4,1753.2
7187,2392,48,1,623.0,623.0
7193,2395,43,1,771.67,771.67
7194,2395,65,2,238.72,477.44
7195,2395,86,1,333.09,333.09
7196,2395,53,1,283.45,283.45
7197,2395,18,2,160.9,321.8
7198,2396,55,4,826.63,3306.52
7199,2396,50,3,125.27,375.81
7200,2396,51,1,546.45,546.45
7201,2396,30,2,145.6,291.2
7202,2397,88,1,378.0,378.0
7204,2398,85,2,209.42,418.84
7205,2399,54,1,177.51,177.51
7206,2399,58,3,29.56,88.68
7207,2399,107,2,314.44,628.88
7208,2400,43,3,771.67,2315.01
7210,2400,37,2,602.98,1205.96
7211,2400,109,2,677.52,1355.04
7212,2401,64,1,272.13,272.13
7213,2401,53,1,283.45,283.45
7214,2401,35,3,170.46,511.38
7215,2401,74,3,427.63,1282.89
7216,2402,14,3,5.6,16.8
7217,2402,108,1,580.83,580.83
7218,2402,73,2,337.65,675.3
7219,2402,84,3,896.53,2689.59
7220,2403,107,4,314.44,1257.76
7221,2403,104,2,828.75,1657.5
7222,2403,53,4,283.45,1133.8
7223,2403,111,3,771.64,2314.92
7224,2404,90,3,379.84,1139.52
7225,2405,73,3,337.65,1012.95
7226,2405,90,2,379.84,759.68
7227,2406,54,4,177.51,710.04
7229,2407,6,1,704.8,704.8
7230,2407,120,2,8.87,17.74
7231,2407,57,2,313.09,626.18
7232,2408,80,4,803.34,3213.36
7233,2408,55,4,826.63,3306.52
7234,2408,51,1,546.45,546.45
7235,2408,110,4,365.92,1463.68
7236,2408,62,3,806.45,2419.35
7237,2409,75,1,53.38,53.38
7238,2410,76,4,133.18,532.72
7239,2410,53,3,283.45,850.35
7240,2411,1,4,50.31,201.24
7241,2411,76,4,133.18,532.72
7242,2411,96,2,732.78,1465.56
7243,2411,44,1,105.69,105.69
7244,2411,35,4,170.46,681.84
7245,2412,103,4,552.16,2208.64
7246,2412,23,3,740.38,2221.14
7247,2412,55,1,826.63,826.63
7248,2412,108,3,580.83,1742.49
7250,2413,99,1,734.38,734.38
7251,2413,94,1,138.47,138.47
7252,2413,2,1,347.53,347.53
7253,2413,6,3,704.8,2114.4
7255,2414,109,1,677.52,677.52
7256,2414,52,3,684.74,2054.22
7257,2415,68,2,352.5,705.0
7263,2417,58,1,29.56,29.56
7264,2417,80,2,803.34,1606.68
7265,2417,95,2,581.67,1163.34
7266,2417,106,4,469.58,1878.32
7267,2417,76,4,133.18,532.72
7268,2418,74,2,427.63,855.26
7269,2418,41,3,117.93,353.79
7270,2418,115,2,107.04,214.08
7271,2418,108,4,580.83,2323.32
7272,2418,10,4,520.23,2080.92
7273,2419,53,2,283.45,566.9
7274,2419,31,2,271.16,542.32
7276,2420,66,3,810.21,2430.63
7277,2420,22,3,130.87,392.61
7278,2420,113,2,590.85,1181.7
7283,2422,46,2,241.39,482.78
7284,2423,62,2,806.45,1612.9
7285,2423,15,4,58.29,233.16
7286,2423,77,2,285.5,571.0
7287,2423,112,3,366.07,1098.21
7288,2423,83,4,413.04,1652.16
7289,2424,13,3,162.11,486.33
7290,2424,89,4,627.19,2508.76
7291,2424,96,2,732.78,1465.56
7292,2425,69,4,655.25,2621.0
7293,2425,19,1,600.64,600.64
7294,2425,110,3,365.92,1097.76
7295,2425,42,1,291.17,291.17
7296,2425,18,3,160.9,482.7
7302,2428,7,3,247.03,741.09
7304,2428,118,2,742.97,1485.94
7305,2428,81,2,565.87,1131.74
7306,2429,7,3,247.03,741.09
7307,2429,44,2,105.69,211.38
7308,2429,10,1,520.23,520.23
7309,2429,41,2,117.93,235.86
7310,2430,96,4,732.78,2931.12
7311,2430,86,4,333.09,1332.36
7312,2430,50,3,125.27,375.81
7313,2430,99,2,734.38,1468.76
7314,2430,21,2,167.95,335.9
7315,2431,97,4,665.98,2663.92
7316,2431,57,2,313.09,626.18
7317,2431,112,2,366.07,732.14
7318,2431,89,3,627.19,1881.57
7319,2431,24,2,192.66,385.32
7320,2432,24,3,192.66,577.98
7321,2432,45,1,508.59,508.59
7322,2432,31,3,271.16,813.48
7323,2432,88,3,378.0,1134.0
7324,2433,11,1,216.7,216.7
7325,2433,34,2,280.97,561.94
7326,2434,42,3,291.17,873.51
7327,2434,86,1,333.09,333.09
7328,2435,75,1,53.38,53.38
7329,2435,92,3,634.57,1903.71
7330,2435,56,4,614.64,2458.56
7331,2435,84,4,896.53,3586.12
7332,2435,18,3,160.9,482.7
7333,2436,106,1,469.58,469.58
7334,2436,112,3,366.07,1098.21
7335,2436,69,2,655.25,1310.5
7336,2436,23,3,740.38,2221.14
7337,2436,27,2,408.89,817.78
7338,2437,6,4,704.8,2819.2
7339,2437,14,2,5.6,11.2
7340,2437,61,1,549.46,549.46
7341,2437,21,2,167.95,335.9
7342,2438,37,1,602.98,602.98
7343,2438,74,2,427.63,855.26
7344,2438,11,2,216.7,433.4
7345,2438,81,1,565.87,565.87
7346,2439,56,3,614.64,1843.92
7347,2439,23,3,740.38,2221.14
7348,2439,97,3,665.98,1997.94
7349,2439,19,3,600.64,1801.92
7350,2440,10,1,520.23,520.23
7351,2440,98,3,299.14,897.42
7352,2440,108,1,580.83,580.83
7353,2441,24,4,192.66,770.64
7354,2442,85,1,209.42,209.42
7355,2442,43,4,771.67,3086.68
7356,2442,26,2,319.34,638.68
7357,2442,66,3,810.21,2430.63
7358,2442,107,1,314.44,314.44
7359,2443,109,2,677.52,1355.04
7360,2443,106,4,469.58,1878.32
7361,2444,74,3,427.63,1282.89
7362,2444,25,1,350.4,350.4
7363,2444,45,1,508.59,508.59
7364,2444,35,1,170.46,170.46
7365,2444,96,2,732.78,1465.56
7366,2445,82,1,348.27,348.27
7367,2445,120,4,8.87,35.48
7368,2445,96,3,732.78,2198.34
7369,2446,33,4,91.79,367.16
7370,2447,89,2,627.19,1254.38
7371,2447,22,2,130.87,261.74
7372,2447,38,1,757.5,757.5
7373,2447,97,2,665.98,1331.96
7374,2447,98,3,299.14,897.42
7375,2448,54,4,177.51,710.04
7376,2448,78,1,443.16,443.16
7377,2449,9,2,94.61,189.22
7378,2449,30,2,145.6,291.2
7379,2449,114,2,302.11,604.22
7380,2449,77,4,285.5,1142.0
7381,2449,38,2,757.5,1515.0
7382,2450,62,4,806.45,3225.8
7383,2450,83,2,413.04,826.08
7384,2451,4,4,373.72,1494.88
7385,2451,67,1,650.54,650.54
7389,2453,60,2,429.31,858.62
7391,2454,16,1,864.69,864.69
7393,2454,33,3,91.79,275.37
7394,2454,110,4,365.92,1463.68
7395,2455,49,2,307.38,614.76
7396,2455,52,1,684.74,684.74
7397,2455,1,4,50.31,201.24
7399,2455,18,1,160.9,160.9
7401,2456,69,2,655.25,1310.5
7402,2457,62,2,806.45,1612.9
7403,2457,57,4,313.09,1252.36
7404,2457,48,3,623.0,1869.0
7405,2458,9,1,94.61,94.61
7406,2458,59,2,584.4,1168.8
7407,2458,41,3,117.93,353.79
7409,2458,34,2,280.97,561.94
7410,2459,6,3,704.8,2114.4
7411,2459,67,4,650.54,2602.16
7412,2459,84,3,896.53,2689.59
7413,2459,69,1,655.25,655.25
7414,2460,35,2,170.46,340.92
7415,2460,94,4,138.47,553.88
7417,2461,47,4,365.65,1462.6
7418,2461,106,3,469.58,1408.74
7419,2461,102,4,820.54,3282.16
7420,2462,3,2,404.17,808.34
7421,2462,44,4,105.69,422.76
7422,2462,61,1,549.46,549.46
7427,2464,50,3,125.27,375.81
7428,2465,34,3,280.97,842.91
7429,2466,50,4,125.27,501.08
7430,2466,42,1,291.17,291.17
7431,2467,80,3,803.34,2410.02
7432,2467,83,2,413.04,826.08
7433,2467,109,1,677.52,677.52
7434,2467,69,4,655.25,2621.0
7435,2467,66,3,810.21,2430.63
7436,2468,8,3,728.74,2186.22
7437,2468,91,4,707.35,2829.4
7438,2469,56,3,614.64,1843.92
7439,2470,8,3,728.74,2186.22
7440,2471,7,4,247.03,988.12
7441,2472,23,3,740.38,2221.14
7442,2472,94,3,138.47,415.41
7443,2473,74,2,427.63,855.26
7444,2473,106,3,469.58,1408.74
7445,2473,95,4,581.67,2326.68
7446,2473,77,4,285.5,1142.0
7447,2474,116,2,633.37,1266.74
7448,2474,107,4,314.44,1257.76
7449,2474,60,1,429.31,429.31
7450,2474,108,3,580.83,1742.49
7451,2474,72,2,590.71,1181.42
7452,2475,72,3,590.71,1772.13
7454,2477,53,4,283.45,1133.8
7456,2479,2,3,347.53,1042.59
7457,2479,53,4,283.45,1133.8
7458,2479,112,1,366.07,366.07
7459,2480,51,2,546.45,1092.9
7460,2480,18,4,160.9,643.6
7461,2480,120,3,8.87,26.61
7462,2480,111,1,771.64,771.64
7463,2481,114,3,302.11,906.33
7464,2481,62,3,806.45,2419.35
7465,2481,17,4,275.07,1100.28
7466,2482,51,1,546.45,546.45
7467,2483,31,3,271.16,813.48
7468,2484,102,1,820.54,820.54
7469,2484,99,4,734.38,2937.52
7470,2485,95,2,581.67,1163.34
7471,2485,82,1,348.27,348.27
7474,2487,43,4,771.67,3086.68
7475,2488,50,3,125.27,375.81
7476,2488,38,1,757.5,757.5
7477,2488,46,1,241.39,241.39
7478,2488,43,3,771.67,2315.01
7480,2489,38,2,757.5,1515.0
7481,2489,12,4,853.06,3412.24
7482,2489,17,3,275.07,825.21
7483,2490,50,2,125.27,250.54
7484,2491,112,1,366.07,366.07
7485,2491,97,2,665.98,1331.96
7486,2491,58,3,29.56,88.68
7487,2491,89,2,627.19,1254.38
7488,2491,47,2,365.65,731.3
7489,2492,86,1,333.09,333.09
7490,2493,98,4,299.14,1196.56
7491,2493,12,2,853.06,1706.12
7492,2493,51,4,546.45,2185.8
7493,2493,36,2,421.22,842.44
7494,2494,95,1,581.67,581.67
7495,2495,10,3,520.23,1560.69
7497,2495,72,3,590.71,1772.13
7498,2495,69,1,655.25,655.25
7499,2496,2,1,347.53,347.53
7500,2496,94,1,138.47,138.47
7501,2497,6,2,704.8,1409.6
7502,2497,70,1,761.64,761.64
7503,2497,16,1,864.69,864.69
7504,2497,35,1,170.46,170.46
7505,2497,3,1,404.17,404.17
7506,2498,104,2,828.75,1657.5
7507,2498,103,2,552.16,1104.32
7508,2498,76,1,133.18,133.18
7509,2498,5,4,183.5,734.0
7510,2499,116,4,633.37,2533.48
7511,2499,56,2,614.64,1229.28
7512,2499,58,2,29.56,59.12
7513,2500,7,3,247.03,741.09
7514,2500,59,3,584.4,1753.2
