order_item_id,order_id,product_id,quantity,unit_price
1,1,113,2,590.85
2,1,42,3,291.17
3,1,65,4,238.72
4,1,50,2,125.27
5,1,54,3,177.51
6,2,88,2,378.0
7,2,45,2,508.59
8,2,118,3,742.97
9,3,87,3,536.55
10,3,96,4,732.78
11,3,115,1,107.04
12,3,108,2,580.83
13,4,108,3,580.83
14,4,8,1,728.74
15,5,66,3,810.21
16,5,101,1,123.59
17,6,26,4,319.34
18,6,80,3,803.34
19,6,112,2,366.07
20,7,23,1,740.38
21,7,95,4,581.67
22,8,6,3,704.8
23,8,20,3,517.54
24,9,9,4,94.61
25,9,101,2,123.59
26,9,65,3,238.72
27,9,21,3,167.95
28,9,54,4,177.51
29,10,116,2,633.37
30,10,83,3,413.04
31,11,117,3,232.58
32,12,66,2,810.21
33,12,11,1,216.7
34,12,13,2,162.11
35,13,83,2,413.04
36,13,105,3,16.05
37,13,10,1,520.23
38,13,96,3,732.78
39,14,56,1,614.64
40,14,41,1,117.93
41,14,3,1,404.17
42,14,50,1,125.27
43,15,49,1,307.38
44,15,51,2,546.45
45,15,106,4,469.58
46,15,85,3,209.42
47,16,19,4,600.64
48,16,16,1,864.69
49,16,6,3,704.8
50,16,1,2,50.31
51,16,74,2,427.63
52,17,109,4,677.52
53,18,63,2,559.46
54,18,43,2,771.67
55,18,46,4,241.39
56,18,17,3,275.07
57,18,86,2,333.09
58,19,92,4,634.57
59,19,95,3,581.67
60,20,63,2,78.36
61,20,71,3,119.5
62,20,14,2,5.6
63,21,81,2,565.87
64,21,4,3,373.72
65,21,105,4,16.05
66,21,75,2,53.38
67,21,52,2,684.74
68,22,51,3,546.45
69,23,23,2,740.38
70,23,73,4,337.65
71,24,6,2,704.8
72,24,86,3,333.09
73,25,91,3,707.35
74,26,84,3,896.53
75,26,115,2,107.04
76,26,107,3,314.44
77,26,10,3,520.23
78,26,67,4,650.54
79,27,83,2,413.04
80,27,36,1,421.22
81,27,28,4,71.4
82,27,20,1,433.53
83,27,24,2,192.66
84,28,21,2,167.95
85,28,18,3,160.9
86,28,81,4,565.87
87,28,66,1,810.21
88,28,6,3,704.8
89,29,77,2,285.5
90,29,19,3,600.64
91,29,102,3,820.54
92,29,75,1,53.38
93,30,88,1,378.0
94,30,54,1,177.51
95,30,106,1,469.58
96,30,20,2,487.65
97,30,78,1,443.16
98,31,90,4,379.84
99,32,13,2,162.11
100,32,55,1,826.63
101,32,18,4,160.9
102,32,33,1,91.79
103,32,62,1,806.45
104,33,53,2,283.45
105,33,47,3,365.65
106,33,14,4,5.6
107,34,62,3,806.45
108,34,23,4,740.38
109,34,48,1,623.0
110,34,72,4,590.71
111,34,33,2,91.79
112,35,21,4,167.95
113,36,9,3,94.61
114,37,37,2,602.98
115,37,92,-1,634.57
116,37,77,2,285.5
117,37,8,2,728.74
118,37,100,1,622.45
119,38,86,2,333.09
120,38,51,1,546.45
121,38,52,3,684.74
122,39,78,4,443.16
123,39,25,1,350.4
124,40,103,3,552.16
125,41,62,4,806.45
126,41,99,1,734.38
127,41,32,3,572.12
128,41,97,2,665.98
129,41,44,2,105.69
130,42,32,4,739.85
131,42,37,1,602.98
132,42,12,2,853.06
133,43,64,2,272.13
134,43,95,2,581.67
135,44,16,1,864.69
136,45,109,4,677.52
137,46,36,2,421.22
138,46,51,4,546.45
139,46,29,1,536.65
140,46,97,4,665.98
141,46,74,2,427.63
142,47,49,1,307.38
143,47,75,3,53.38
144,48,64,2,272.13
145,48,55,3,826.63
146,49,105,3,16.05
147,49,13,4,162.11
148,50,64,3,272.13
149,50,18,3,160.9
150,50,115,1,107.04
151,50,109,2,677.52
152,51,47,3,365.65
153,51,72,4,590.71
154,51,120,2,8.87
155,52,87,4,536.55
156,52,66,4,810.21
157,52,63,4,134.63
158,53,109,2,677.52
159,53,117,3,232.58
160,53,10,3,520.23
161,53,11,4,216.7
162,54,53,1,283.45
163,54,22,2,130.87
164,54,24,1,192.66
165,54,110,4,365.92
166,55,68,3,352.5
167,55,98,1,299.14
168,55,11,4,216.7
169,55,14,2,5.6
170,56,85,3,209.42
171,57,71,2,119.5
172,57,57,4,313.09
173,57,18,4,160.9
174,58,57,3,313.09
175,59,45,4,508.59
176,59,37,4,602.98
177,60,71,3,119.5
178,61,107,1,314.44
179,61,49,2,307.38
180,61,29,3,536.65
181,61,34,3,280.97
182,62,58,2,29.56
183,62,35,2,170.46
184,62,90,1,379.84
185,62,80,1,803.34
186,62,63,2,655.75
187,63,101,3,123.59
188,63,103,1,552.16
189,63,64,2,272.13
190,64,105,1,16.05
191,64,49,2,307.38
192,64,107,4,314.44
193,65,50,3,125.27
194,65,88,1,378.0
195,65,40,1,854.57
196,65,120,3,8.87
197,66,42,3,291.17
198,66,2,4,347.53
199,66,22,1,130.87
200,66,102,4,820.54
201,67,44,1,105.69
202,67,120,2,8.87
203,67,98,1,299.14
204,67,81,2,565.87
205,67,8,3,728.74
206,68,33,1,91.79
207,68,116,4,633.37
208,69,94,2,138.47
209,69,60,2,429.31
210,69,36,3,421.22
211,70,80,3,803.34
212,71,25,2,350.4
213,71,68,3,352.5
214,71,88,3,378.0
215,71,64,1,272.13
216,72,5,4,183.5
217,73,2,2,347.53
218,74,72,4,590.71
219,74,96,1,732.78
220,74,114,3,302.11
221,75,13,2,162.11
222,75,93,2,853.01
223,75,30,4,145.6
224,75,69,3,655.25
225,75,50,4,125.27
226,76,77,3,285.5
227,76,57,3,313.09
228,76,120,4,8.87
229,76,46,4,241.39
230,76,116,3,633.37
231,77,47,1,365.65
232,77,58,3,29.56
233,77,51,2,546.45
234,78,118,2,742.97
235,78,71,4,119.5
236,78,66,2,810.21
237,79,52,1,684.74
238,79,73,4,337.65
239,79,118,1,742.97
240,79,28,3,71.4
241,79,94,4,138.47
242,80,120,2,8.87
243,80,112,1,366.07
244,80,16,4,864.69
245,80,99,1,734.38
246,81,58,1,29.56
247,81,97,3,665.98
248,81,77,2,285.5
249,81,74,1,427.63
250,82,100,2,622.45
251,82,90,2,379.84
252,82,17,2,275.07
253,82,98,2,299.14
254,83,86,4,333.09
255,84,22,4,130.87
256,84,45,4,508.59
257,84,79,2,-388.97
258,85,119,0,696.06
259,85,19,3,600.64
260,85,112,1,366.07
261,85,107,2,314.44
262,85,105,3,16.05
263,86,75,1,53.38
264,86,116,1,633.37
265,86,85,3,209.42
266,86,68,1,352.5
267,87,30,1,145.6
268,87,49,4,307.38
269,87,66,1,810.21
270,87,91,4,707.35
271,88,51,3,546.45
272,88,96,3,732.78
273,88,21,2,167.95
274,88,3,3,404.17
275,89,72,3,590.71
276,90,112,2,366.07
277,90,81,4,565.87
278,90,88,3,378.0
279,90,30,2,145.6
280,90,54,2,177.51
281,91,117,2,232.58
282,91,18,1,160.9
283,91,56,2,614.64
284,91,99,3,734.38
285,91,19,4,600.64
286,92,24,3,192.66
287,92,4,2,373.72
288,93,65,4,238.72
289,93,109,3,677.52
290,94,98,4,299.14
291,94,2,2,347.53
292,94,119,1,696.06
293,94,35,4,170.46
294,95,78,4,443.16
295,96,67,1,650.54
296,97,72,4,590.71
297,98,100,4,622.45
298,98,106,3,469.58
299,98,37,1,602.98
300,99,100,2,622.45
301,99,75,3,53.38
302,100,89,2,627.19
303,100,84,1,896.53
304,100,117,4,232.58
305,101,21,2,167.95
306,101,49,2,307.38
307,101,71,2,119.5
308,101,6,1,704.8
309,101,99,3,734.38
310,102,1,-1,50.31
311,102,80,4,803.34
312,103,59,1,584.4
313,103,53,3,283.45
314,103,57,2,313.09
315,103,11,2,216.7
316,104,43,1,771.67
317,104,118,2,742.97
318,104,12,3,853.06
319,105,120,3,8.87
320,105,5,4,183.5
321,105,12,4,853.06
322,106,68,2,352.5
323,106,53,1,283.45
324,106,27,1,408.89
325,107,68,3,352.5
326,107,74,4,427.63
327,107,80,4,803.34
328,108,16,1,864.69
329,109,6,0,704.8
330,109,43,3,771.67
331,109,45,1,508.59
332,109,72,3,590.71
333,110,107,2,314.44
334,111,62,4,806.45
335,111,20,3,733.67
336,112,72,2,590.71
337,112,69,3,655.25
338,112,3,3,404.17
339,113,108,2,580.83
340,113,22,3,130.87
341,113,74,3,427.63
342,113,78,3,443.16
343,113,50,4,125.27
344,114,48,1,623.0
345,115,20,3,133.24
346,115,25,1,350.4
347,115,44,2,105.69
348,115,119,1,696.06
349,115,62,0,806.45
350,116,67,3,650.54
351,117,69,4,655.25
352,117,41,3,117.93
353,117,99,3,734.38
354,118,41,3,117.93
355,118,35,2,170.46
356,118,19,3,600.64
357,118,91,1,707.35
358,118,103,4,552.16
359,119,115,4,107.04
360,119,76,3,133.18
361,119,81,2,565.87
362,119,108,1,580.83
363,119,89,4,627.19
364,120,61,3,549.46
365,120,30,4,145.6
366,120,29,3,536.65
367,120,19,3,600.64
368,121,37,3,602.98
369,121,99,2,734.38
370,122,69,4,655.25
371,122,60,2,429.31
372,122,52,4,684.74
373,123,70,2,761.64
374,123,89,1,627.19
375,123,31,4,271.16
376,124,9,4,94.61
377,124,77,1,285.5
378,124,14,2,5.6
379,124,88,1,378.0
380,125,26,3,319.34
381,125,27,3,408.89
382,125,88,4,378.0
383,125,113,3,590.85
384,126,48,-1,623.0
385,127,81,4,565.87
386,127,41,2,117.93
387,127,92,4,634.57
388,127,49,4,307.38
389,128,18,1,160.9
390,128,2,2,347.53
391,129,111,4,771.64
392,129,59,4,584.4
393,129,115,4,107.04
394,129,101,2,123.59
395,130,74,3,427.63
396,130,47,4,365.65
397,130,5,1,183.5
398,130,73,3,337.65
399,130,62,1,806.45
400,131,88,3,378.0
401,132,74,3,427.63
402,132,94,3,138.47
403,132,43,1,771.67
404,132,54,3,177.51
405,133,104,1,828.75
406,133,95,1,581.67
407,133,80,1,803.34
408,134,78,2,443.16
409,135,63,1,80.53
410,135,24,2,192.66
411,136,31,2,271.16
412,136,85,3,209.42
413,136,57,3,313.09
414,136,93,1,420.28
415,137,61,-1,549.46
416,137,34,4,280.97
417,137,19,1,600.64
418,137,68,3,352.5
419,138,33,4,91.79
420,139,41,1,117.93
421,139,71,0,119.5
422,140,25,1,350.4
423,140,5,2,183.5
424,140,4,1,373.72
425,141,103,2,552.16
426,141,24,4,192.66
427,141,115,1,107.04
428,141,15,3,58.29
429,141,90,3,379.84
430,142,34,3,280.97
431,143,14,4,5.6
432,143,19,1,600.64
433,143,70,3,761.64
434,143,99,1,734.38
435,144,120,1,8.87
436,145,91,4,707.35
437,145,99,1,734.38
438,145,63,1,621.88
439,145,62,4,806.45
440,145,56,3,614.64
441,146,11,3,216.7
442,146,108,2,580.83
443,146,59,4,584.4
444,147,114,4,302.11
445,148,50,3,125.27
446,148,9,4,94.61
447,148,102,1,820.54
448,148,70,1,761.64
449,149,59,2,584.4
450,149,87,1,536.55
451,149,112,4,366.07
452,149,69,4,655.25
453,149,20,1,585.65
454,150,59,2,584.4
455,151,29,3,536.65
456,151,9,4,94.61
457,151,103,2,552.16
458,151,26,2,319.34
459,151,55,2,826.63
460,152,57,1,313.09
461,152,32,4,18.98
462,153,114,4,302.11
463,153,37,2,602.98
464,153,54,3,177.51
465,153,89,4,627.19
466,153,104,2,828.75
467,154,45,2,508.59
468,154,54,1,177.51
469,154,1,2,50.31
470,155,88,4,378.0
471,155,109,2,677.52
472,156,79,4,-388.97
473,156,104,1,828.75
474,156,114,2,302.11
475,157,76,2,133.18
476,157,75,3,53.38
477,157,42,1,291.17
478,157,54,1,177.51
479,158,63,2,412.21
480,158,7,4,247.03
481,158,114,4,302.11
482,158,56,3,614.64
483,158,19,2,600.64
484,159,59,3,584.4
485,159,54,3,177.51
486,159,22,2,130.87
487,159,98,2,299.14
488,160,2,2,347.53
489,160,94,4,138.47
490,160,55,2,826.63
491,161,5,1,183.5
492,161,55,2,826.63
493,161,68,1,352.5
494,161,51,4,546.45
495,161,62,2,806.45
496,162,91,1,707.35
497,162,59,4,584.4
498,163,91,1,707.35
499,163,82,3,348.27
500,163,1,3,50.31
501,163,111,3,771.64
502,164,95,3,581.67
503,164,120,1,8.87
504,164,8,4,728.74
505,165,43,1,771.67
506,165,31,2,271.16
507,166,36,3,421.22
508,166,7,1,247.03
509,166,9,3,94.61
510,166,48,3,623.0
511,167,11,4,216.7
512,168,64,2,272.13
513,168,20,1,872.76
514,169,38,2,757.5
515,170,84,3,896.53
516,170,83,4,413.04
517,170,101,2,123.59
518,171,99,2,734.38
519,171,109,4,677.52
520,171,7,2,247.03
521,172,21,1,167.95
522,172,31,3,271.16
523,173,45,4,508.59
524,173,19,2,600.64
525,173,48,1,623.0
526,174,1,3,50.31
527,174,95,3,581.67
528,175,44,4,105.69
529,175,89,2,627.19
530,175,15,1,58.29
531,175,94,4,138.47
532,176,75,2,53.38
533,176,68,3,352.5
534,177,51,1,546.45
535,177,25,3,350.4
536,177,63,4,338.67
537,177,41,3,117.93
538,177,78,3,443.16
539,178,103,4,552.16
540,178,57,4,313.09
541,178,37,1,602.98
542,178,21,3,167.95
543,179,12,3,853.06
544,179,1,4,50.31
545,179,53,2,283.45
546,179,82,4,348.27
547,180,95,1,581.67
548,180,60,3,429.31
549,180,29,4,536.65
550,180,4,3,373.72
551,180,102,4,820.54
552,181,77,3,285.5
553,182,48,1,623.0
554,183,46,1,241.39
555,183,21,4,167.95
556,184,66,2,810.21
557,185,35,3,170.46
558,185,88,3,378.0
559,185,90,1,379.84
560,186,14,2,5.6
561,186,28,2,71.4
562,187,54,4,177.51
563,188,18,3,160.9
564,188,105,3,16.05
565,188,57,1,313.09
566,189,55,1,826.63
567,190,76,3,133.18
568,190,8,3,728.74
569,190,61,1,549.46
570,190,16,2,864.69
571,190,117,2,232.58
572,191,45,2,508.59
573,191,46,1,241.39
574,191,21,1,167.95
575,191,110,2,365.92
576,191,65,2,238.72
577,192,47,4,365.65
578,192,90,1,379.84
579,192,76,3,133.18
580,192,24,4,192.66
581,193,64,3,272.13
582,193,98,1,299.14
583,194,29,4,536.65
584,194,71,1,119.5
585,194,53,4,283.45
586,194,38,3,757.5
587,195,16,2,864.69
588,196,9,2,94.61
589,196,47,4,365.65
590,197,76,4,133.18
591,197,35,4,170.46
592,197,97,3,665.98
593,197,102,4,820.54
594,197,103,3,552.16
595,198,64,1,272.13
596,199,98,1,299.14
597,200,65,1,238.72
598,200,34,1,280.97
599,200,70,1,761.64
600,200,44,3,105.69
601,201,114,4,302.11
602,201,91,3,707.35
603,201,22,4,130.87
604,202,8,4,728.74
605,202,51,3,546.45
606,202,34,3,280.97
607,202,64,1,272.13
608,202,76,2,133.18
609,203,13,4,162.11
610,203,55,2,826.63
611,203,45,3,508.59
612,203,46,1,241.39
613,204,73,3,337.65
614,204,66,4,810.21
615,204,116,3,633.37
616,204,54,4,177.51
617,205,65,3,238.72
618,205,104,3,828.75
619,205,98,4,299.14
620,205,86,1,333.09
621,206,103,1,552.16
622,206,29,1,536.65
623,206,80,3,803.34
624,206,96,4,732.78
625,207,41,4,117.93
626,207,26,2,319.34
627,207,54,2,177.51
628,207,52,2,684.74
629,207,33,4,91.79
630,208,67,2,650.54
631,209,82,2,348.27
632,210,31,1,271.16
633,210,15,3,58.29
634,210,20,4,815.55
635,210,25,2,350.4
636,211,93,4,54.51
637,212,115,1,107.04
638,212,47,2,365.65
639,212,86,1,333.09
640,212,85,3,209.42
641,213,95,4,581.67
642,213,50,1,125.27
643,213,104,3,828.75
644,213,96,3,732.78
645,213,31,1,271.16
646,214,36,2,421.22
647,214,113,3,590.85
648,215,89,2,627.19
649,216,111,1,771.64
650,216,31,4,271.16
651,216,110,3,365.92
652,216,57,2,313.09
653,216,50,2,125.27
654,217,106,4,469.58
655,218,106,2,469.58
656,219,59,1,584.4
657,219,89,2,627.19
658,219,4,0,373.72
659,220,109,4,677.52
660,220,77,3,285.5
661,221,103,1,552.16
662,221,37,2,602.98
663,221,26,4,319.34
664,222,81,2,565.87
665,222,30,2,145.6
666,222,117,4,232.58
667,222,12,2,853.06
668,222,60,3,429.31
669,223,106,2,469.58
670,223,87,2,536.55
671,223,64,3,272.13
672,223,16,4,864.69
673,224,54,4,177.51
674,224,24,1,192.66
675,225,11,3,216.7
676,225,2,4,347.53
677,225,61,4,549.46
678,225,18,3,160.9
679,226,78,-1,443.16
680,226,86,3,333.09
681,226,103,3,552.16
682,227,113,1,590.85
683,227,60,4,429.31
684,227,17,1,275.07
685,228,116,3,633.37
686,228,113,4,590.85
687,228,34,3,280.97
688,229,7,2,247.03
689,229,25,3,350.4
690,229,20,4,895.7
691,229,30,4,145.6
692,230,16,1,864.69
693,230,45,3,508.59
694,231,75,2,53.38
695,231,1,1,50.31
696,232,51,3,546.45
697,233,59,1,584.4
698,233,81,1,565.87
699,233,35,4,170.46
700,233,77,2,285.5
701,234,71,4,119.5
702,235,50,4,125.27
703,235,100,2,622.45
704,236,86,3,333.09
705,236,13,4,162.11
706,236,107,4,314.44
707,237,24,1,192.66
708,237,56,4,614.64
709,237,81,2,565.87
710,237,55,1,826.63
711,237,12,4,853.06
712,238,108,4,580.83
713,238,32,1,825.98
714,238,67,1,650.54
715,239,3,2,404.17
716,239,15,4,58.29
717,239,95,4,581.67
718,239,85,3,209.42
719,239,60,4,429.31
720,240,28,1,71.4
721,240,24,3,192.66
722,241,84,4,896.53
723,241,62,4,806.45
724,242,103,0,552.16
725,242,39,1,431.24
726,242,12,2,853.06
727,242,17,2,275.07
728,243,25,2,350.4
729,243,12,1,853.06
730,243,39,2,431.24
731,243,99,4,734.38
732,243,60,4,429.31
733,244,7,4,247.03
734,244,43,4,771.67
735,244,2,3,347.53
736,244,14,4,5.6
737,245,55,3,826.63
738,246,83,1,413.04
739,246,45,2,508.59
740,246,58,4,29.56
741,246,90,2,379.84
742,246,56,3,614.64
743,247,54,3,177.51
744,247,107,2,314.44
745,247,87,3,536.55
746,247,84,1,896.53
747,248,64,1,272.13
748,248,39,3,431.24
749,248,31,3,271.16
750,248,27,2,408.89
751,249,16,2,864.69
752,249,72,3,590.71
753,250,78,4,443.16
754,250,86,1,333.09
755,250,14,1,5.6
756,250,91,1,707.35
757,250,7,2,247.03
758,251,98,1,299.14
759,251,65,3,238.72
760,251,64,2,272.13
761,251,94,2,138.47
762,252,37,1,602.98
763,252,65,4,238.72
764,252,22,2,130.87
765,253,115,3,107.04
766,253,59,4,584.4
767,253,110,1,365.92
768,253,67,1,650.54
769,254,85,2,209.42
770,255,112,-1,366.07
771,255,39,2,431.24
772,255,93,4,799.37
773,255,96,4,732.78
774,255,41,4,117.93
775,256,67,3,650.54
776,256,70,3,761.64
777,257,34,4,280.97
778,257,31,1,271.16
779,257,107,3,314.44
780,257,100,3,622.45
781,257,39,1,431.24
782,258,73,2,337.65
783,258,92,3,634.57
784,258,115,2,107.04
785,258,81,2,565.87
786,258,86,2,333.09
787,259,12,1,853.06
788,260,76,4,133.18
789,260,72,4,590.71
790,260,67,4,650.54
791,260,100,4,622.45
792,261,17,1,275.07
793,261,91,4,707.35
794,261,66,2,810.21
795,261,111,3,771.64
796,262,6,1,704.8
797,262,67,3,650.54
798,262,20,4,132.86
799,263,28,-1,71.4
800,263,24,1,192.66
801,263,105,4,16.05
802,264,17,4,275.07
803,264,98,4,299.14
804,264,18,3,160.9
805,264,65,4,238.72
806,264,82,4,348.27
807,265,91,3,707.35
808,265,4,1,373.72
809,266,65,2,238.72
810,266,115,3,107.04
811,266,3,2,404.17
812,266,16,4,864.69
813,267,44,4,105.69
814,268,70,2,761.64
815,269,8,3,728.74
816,269,79,1,-388.97
817,270,7,2,247.03
818,271,35,1,170.46
819,272,35,1,170.46
820,273,109,2,677.52
821,274,117,1,232.58
822,274,72,3,590.71
823,274,58,-1,29.56
824,274,6,3,704.8
825,275,37,1,602.98
826,275,6,4,704.8
827,275,21,2,167.95
828,275,95,3,581.67
829,275,69,2,655.25
830,276,35,3,170.46
831,276,32,3,624.19
832,276,85,1,209.42
833,276,42,1,291.17
834,277,69,1,655.25
835,278,46,1,241.39
836,278,50,3,125.27
837,278,23,0,740.38
838,278,108,3,580.83
839,278,99,3,734.38
840,279,47,-1,365.65
841,279,5,1,183.5
842,279,36,4,421.22
843,279,64,2,272.13
844,280,17,3,275.07
845,281,89,3,627.19
846,282,110,3,365.92
847,283,114,2,302.11
848,284,11,1,216.7
849,284,113,2,590.85
850,284,74,4,427.63
851,285,4,4,373.72
852,286,31,3,271.16
853,286,44,2,105.69
854,286,107,4,314.44
855,286,7,4,247.03
856,287,101,2,123.59
857,288,87,1,536.55
858,289,111,1,771.64
859,289,77,4,285.5
860,290,59,3,584.4
861,291,17,4,275.07
862,291,82,4,348.27
863,291,66,2,810.21
864,291,33,1,91.79
865,291,46,4,241.39
866,292,19,3,600.64
867,292,61,3,549.46
868,293,110,2,365.92
869,293,7,2,247.03
870,293,55,3,826.63
871,293,45,4,508.59
872,293,26,4,319.34
873,294,14,1,5.6
874,294,59,1,584.4
875,295,104,2,828.75
876,295,95,1,581.67
877,295,49,1,307.38
878,296,6,2,704.8
879,296,4,2,373.72
880,296,26,2,319.34
881,297,3,2,404.17
882,298,48,3,623.0
883,298,104,4,828.75
884,299,89,4,627.19
885,299,48,2,623.0
886,299,41,2,117.93
887,299,77,3,285.5
888,300,114,4,302.11
889,300,63,1,352.35
890,300,27,3,408.89
891,300,94,4,138.47
892,300,11,3,216.7
893,301,84,2,896.53
894,301,5,2,183.5
895,301,27,3,408.89
896,301,29,4,536.65
897,301,115,3,107.04
898,302,75,4,53.38
899,302,6,3,704.8
900,303,4,3,373.72
901,303,23,3,740.38
902,303,57,3,313.09
903,303,30,1,145.6
904,304,43,3,771.67
905,304,26,3,319.34
906,305,101,1,123.59
907,305,52,2,684.74
908,305,106,2,469.58
909,306,93,1,173.11
910,306,105,4,16.05
911,306,60,4,429.31
912,306,44,1,105.69
913,307,44,4,105.69
914,307,29,4,536.65
915,307,54,3,177.51
916,308,73,4,337.65
917,308,81,2,565.87
918,308,103,1,552.16
919,309,12,2,853.06
920,309,22,4,130.87
921,309,14,2,5.6
922,310,59,1,584.4
923,311,69,4,655.25
924,311,54,4,177.51
925,312,21,2,167.95
926,312,78,4,443.16
927,312,74,1,427.63
928,312,40,4,854.57
929,313,59,1,584.4
930,313,60,4,429.31
931,313,74,3,427.63
932,313,6,2,704.8
933,314,90,1,379.84
934,314,73,1,337.65
935,315,117,4,232.58
936,315,64,1,272.13
937,316,22,1,130.87
938,316,33,1,91.79
939,316,27,4,408.89
940,316,65,4,238.72
941,317,86,4,333.09
942,317,96,1,732.78
943,317,60,2,429.31
944,318,78,1,443.16
945,319,87,3,536.55
946,320,90,1,379.84
947,320,7,3,247.03
948,320,108,1,580.83
949,320,82,4,348.27
950,321,2,3,347.53
951,322,93,1,101.37
952,322,22,3,130.87
953,323,16,3,864.69
954,323,30,1,145.6
955,323,28,0,71.4
956,323,14,4,5.6
957,324,39,1,431.24
958,324,99,2,734.38
959,324,77,1,285.5
960,324,64,4,272.13
961,325,109,1,677.52
962,325,86,4,333.09
963,325,62,2,806.45
964,326,40,2,854.57
965,327,26,2,319.34
966,327,20,2,540.27
967,327,49,4,307.38
968,328,102,1,820.54
969,328,54,3,177.51
970,328,83,2,413.04
971,328,105,2,16.05
972,328,37,2,602.98
973,329,9,2,94.61
974,329,25,2,350.4
975,329,7,2,247.03
976,329,82,1,348.27
977,330,39,4,431.24
978,330,37,2,602.98
979,331,55,4,826.63
980,331,65,4,238.72
981,331,79,4,-388.97
982,331,95,1,581.67
983,332,60,4,429.31
984,332,40,4,854.57
985,332,59,2,584.4
986,332,37,2,602.98
987,333,96,3,732.78
988,333,48,1,623.0
989,333,50,1,125.27
990,333,63,1,511.21
991,334,66,3,810.21
992,334,91,4,707.35
993,334,63,2,35.87
994,335,78,2,443.16
995,335,59,0,584.4
996,335,88,4,378.0
997,336,22,3,130.87
998,336,107,4,314.44
999,336,55,4,826.63
1000,336,33,1,91.79
1001,337,120,4,8.87
1002,337,96,1,732.78
1003,338,54,2,177.51
1004,338,84,2,896.53
1005,338,37,2,602.98
1006,338,94,1,138.47
1007,338,56,2,614.64
1008,339,57,1,313.09
1009,339,81,2,565.87
1010,339,117,1,232.58
1011,339,80,3,803.34
1012,340,8,3,728.74
1013,341,49,3,307.38
1014,342,41,3,117.93
1015,342,105,4,16.05
1016,342,31,3,271.16
1017,343,4,1,373.72
1018,343,78,3,443.16
1019,344,66,1,810.21
1020,344,53,3,283.45
1021,344,85,3,209.42
1022,344,25,3,350.4
1023,345,55,1,826.63
1024,345,120,3,8.87
1025,345,61,2,549.46
1026,346,39,4,431.24
1027,347,22,1,130.87
1028,347,97,1,665.98
1029,348,86,1,333.09
1030,348,61,4,549.46
1031,348,115,3,107.04
1032,349,84,4,896.53
1033,349,83,2,413.04
1034,349,101,3,123.59
1035,349,72,1,590.71
1036,350,49,1,307.38
1037,350,74,2,427.63
1038,350,95,4,581.67
1039,351,14,1,5.6
1040,351,51,4,546.45
1041,352,37,1,602.98
1042,352,19,3,600.64
1043,352,96,1,732.78
1044,352,86,4,333.09
1045,352,109,2,677.52
1046,353,109,2,677.52
1047,353,94,1,138.47
1048,354,3,4,404.17
1049,354,71,4,119.5
1050,355,90,4,379.84
1051,355,110,3,365.92
1052,356,84,4,896.53
1053,356,21,3,167.95
1054,356,74,2,427.63
1055,356,18,2,160.9
1056,357,49,2,307.38
1057,357,55,1,826.63
1058,358,76,4,133.18
1059,358,56,1,614.64
1060,358,20,4,538.55
1061,359,100,4,622.45
1062,360,16,4,864.69
1063,361,36,2,421.22
1064,361,89,4,627.19
1065,361,96,2,732.78
1066,361,13,1,162.11
1067,362,72,4,590.71
1068,362,105,1,16.05
1069,362,69,2,655.25
1070,362,101,1,123.59
1071,363,6,2,704.8
1072,364,65,3,238.72
1073,365,116,4,633.37
1074,365,101,4,123.59
1075,365,38,3,757.5
1076,365,85,2,209.42
1077,365,69,1,655.25
1078,366,76,3,133.18
1079,366,46,4,241.39
1080,367,87,2,536.55
1081,367,55,1,826.63
1082,367,89,3,627.19
1083,368,78,3,443.16
1084,368,21,4,167.95
1085,368,54,2,177.51
1086,368,106,1,469.58
1087,368,20,4,577.95
1088,369,2,2,347.53
1089,369,13,1,162.11
1090,369,49,1,307.38
1091,370,111,1,771.64
1092,370,37,2,602.98
1093,370,71,4,119.5
1094,370,35,4,170.46
1095,370,78,2,443.16
1096,371,95,3,581.67
1097,371,35,2,170.46
1098,371,7,4,247.03
1099,371,118,2,742.97
1100,371,93,3,454.49
1101,372,40,1,854.57
1102,372,82,4,348.27
1103,373,22,1,130.87
1104,374,87,2,536.55
1105,374,66,1,810.21
1106,374,120,2,8.87
1107,374,94,1,138.47
1108,375,88,2,378.0
1109,375,78,3,443.16
1110,375,6,3,704.8
1111,375,58,4,29.56
1112,375,22,2,130.87
1113,376,38,3,757.5
1114,377,106,4,469.58
1115,377,115,1,107.04
1116,377,5,3,183.5
1117,377,120,0,8.87
1118,377,60,4,429.31
1119,378,53,-1,283.45
1120,378,16,2,864.69
1121,379,14,4,5.6
1122,379,57,3,313.09
1123,379,85,1,209.42
1124,380,54,1,177.51
1125,380,96,2,732.78
1126,380,43,3,771.67
1127,380,116,4,633.37
1128,381,65,4,238.72
1129,381,93,1,117.87
1130,381,119,3,696.06
1131,381,95,2,581.67
1132,382,11,2,216.7
1133,382,98,2,299.14
1134,382,55,1,826.63
1135,382,32,2,389.09
1136,383,25,2,350.4
1137,383,110,2,365.92
1138,384,111,1,771.64
1139,385,66,4,810.21
1140,386,32,2,51.65
1141,386,41,3,117.93
1142,386,115,4,107.04
1143,386,7,1,247.03
1144,387,88,2,378.0
1145,388,27,1,408.89
1146,388,75,2,53.38
1147,388,50,1,125.27
1148,389,10,3,520.23
1149,390,25,3,350.4
1150,390,54,3,177.51
1151,391,68,1,352.5
1152,391,120,3,8.87
1153,391,65,2,238.72
1154,391,102,1,820.54
1155,392,10,4,520.23
1156,392,22,4,130.87
1157,392,57,3,313.09
1158,392,97,1,665.98
1159,392,66,2,810.21
1160,393,34,3,280.97
1161,393,39,2,431.24
1162,393,110,2,365.92
1163,393,29,2,536.65
1164,393,38,3,757.5
1165,394,69,1,655.25
1166,394,15,3,58.29
1167,395,38,1,757.5
1168,395,42,2,291.17
1169,395,8,3,728.74
1170,395,81,1,565.87
1171,395,105,1,16.05
1172,396,27,3,408.89
1173,396,105,4,16.05
1174,396,57,2,313.09
1175,396,29,4,536.65
1176,396,42,4,291.17
1177,397,83,1,413.04
1178,397,37,2,602.98
1179,398,117,2,232.58
1180,398,83,1,413.04
1181,398,52,4,684.74
1182,398,13,1,162.11
1183,399,19,1,600.64
1184,399,81,1,565.87
1185,399,77,1,285.5
1186,400,115,3,107.04
1187,400,57,2,313.09
1188,400,105,3,16.05
1189,400,21,1,167.95
1190,400,40,1,854.57
1191,401,30,4,145.6
1192,402,63,2,205.94
1193,403,119,1,696.06
1194,403,118,2,742.97
1195,403,11,3,216.7
1196,404,35,4,170.46
1197,405,100,2,622.45
1198,405,84,4,896.53
1199,406,94,3,138.47
1200,406,36,2,421.22
1201,406,19,3,600.64
1202,406,12,4,853.06
1203,407,50,4,125.27
1204,407,54,4,177.51
1205,408,100,1,622.45
1206,408,89,1,627.19
1207,408,104,1,828.75
1208,408,96,4,732.78
1209,408,29,1,536.65
1210,409,120,2,8.87
1211,409,117,2,232.58
1212,409,54,2,177.51
1213,409,32,1,385.1
1214,409,27,1,408.89
1215,410,19,3,600.64
1216,411,96,3,732.78
1217,411,68,3,352.5
1218,412,78,2,443.16
1219,413,92,3,634.57
1220,413,107,4,314.44
1221,413,34,3,280.97
1222,413,118,4,742.97
1223,413,74,2,427.63
1224,414,78,4,443.16
1225,414,108,4,580.83
1226,414,10,2,520.23
1227,414,105,3,16.05
1228,414,89,2,627.19
1229,415,14,3,5.6
1230,415,9,2,94.61
1231,415,28,1,71.4
1232,415,77,1,285.5
1233,415,2,1,347.53
1234,416,46,3,241.39
1235,417,43,4,771.67
1236,418,76,3,133.18
1237,418,112,4,366.07
1238,418,110,1,365.92
1239,418,5,2,183.5
1240,419,67,3,650.54
1241,419,94,2,138.47
1242,419,78,3,443.16
1243,419,84,4,896.53
1244,419,120,4,8.87
1245,420,104,1,828.75
1246,421,120,2,8.87
1247,421,38,3,757.5
1248,422,98,2,299.14
1249,422,113,4,590.85
1250,422,57,3,313.09
1251,423,41,4,117.93
1252,423,48,1,623.0
1253,423,11,1,216.7
1254,423,88,2,378.0
1255,423,53,1,283.45
1256,424,50,4,125.27
1257,424,112,3,366.07
1258,425,118,4,742.97
1259,426,28,1,71.4
1260,426,90,1,379.84
1261,426,95,4,581.67
1262,426,61,2,549.46
1263,427,61,1,549.46
1264,427,28,4,71.4
1265,427,7,2,247.03
1266,427,112,1,366.07
1267,428,24,1,192.66
1268,428,107,4,314.44
1269,428,7,3,247.03
1270,429,90,3,379.84
1271,429,56,4,614.64
1272,430,19,-1,600.64
1273,430,42,2,291.17
1274,430,86,3,333.09
1275,430,106,4,469.58
1276,430,94,1,138.47
1277,431,13,4,162.11
1278,431,5,2,183.5
1279,431,28,2,71.4
1280,431,96,2,732.78
1281,431,25,1,350.4
1282,432,84,3,896.53
1283,432,59,4,584.4
1284,432,53,3,283.45
1285,432,46,2,241.39
1286,433,82,1,348.27
1287,433,37,1,602.98
1288,433,90,1,379.84
1289,433,80,4,803.34
1290,434,86,3,333.09
1291,435,16,4,864.69
1292,435,45,-1,508.59
1293,435,102,2,820.54
1294,435,117,3,232.58
1295,436,5,3,183.5
1296,436,2,3,347.53
1297,436,4,4,373.72
1298,436,20,4,581.76
1299,437,52,3,684.74
1300,437,116,4,633.37
1301,438,108,3,580.83
1302,438,98,2,299.14
1303,438,81,2,565.87
1304,438,118,1,742.97
1305,439,74,4,427.63
1306,440,31,2,271.16
1307,440,84,2,896.53
1308,441,81,1,565.87
1309,441,3,1,404.17
1310,442,117,4,232.58
1311,442,108,1,580.83
1312,442,27,4,408.89
1313,443,104,1,828.75
1314,443,21,1,167.95
1315,443,24,3,192.66
1316,443,39,4,431.24
1317,444,25,1,350.4
1318,445,4,2,373.72
1319,445,42,2,291.17
1320,446,60,4,429.31
1321,446,96,4,732.78
1322,446,104,3,828.75
1323,447,40,4,854.57
1324,447,22,4,130.87
1325,447,102,3,820.54
1326,447,27,1,408.89
1327,447,93,4,320.85
1328,448,33,3,91.79
1329,448,76,1,133.18
1330,448,53,3,283.45
1331,448,38,2,757.5
1332,448,78,1,443.16
1333,449,92,3,634.57
1334,450,28,1,71.4
1335,450,68,4,352.5
1336,450,14,4,5.6
1337,450,72,3,590.71
1338,450,36,1,421.22
1339,451,77,4,285.5
1340,451,42,1,291.17
1341,452,5,1,183.5
1342,452,115,1,107.04
1343,452,69,1,655.25
1344,452,118,4,742.97
1345,453,64,4,272.13
1346,453,79,4,-388.97
1347,453,7,1,247.03
1348,454,14,4,5.6
1349,454,42,1,291.17
1350,455,114,1,302.11
1351,455,101,3,123.59
1352,455,6,3,704.8
1353,456,59,2,584.4
1354,456,16,4,864.69
1355,456,17,1,275.07
1356,456,41,2,117.93
1357,456,111,4,771.64
1358,457,92,2,634.57
1359,457,11,2,216.7
1360,457,46,1,241.39
1361,458,14,3,5.6
1362,458,44,3,105.69
1363,458,27,2,408.89
1364,458,105,1,16.05
1365,459,26,3,319.34
1366,459,100,3,622.45
1367,459,52,1,684.74
1368,459,25,1,350.4
1369,459,9,2,94.61
1370,460,34,1,280.97
1371,460,16,2,864.69
1372,460,119,4,696.06
1373,461,25,3,350.4
1374,461,38,4,757.5
1375,461,52,1,684.74
1376,461,23,2,740.38
1377,462,13,4,162.11
1378,462,36,1,421.22
1379,462,29,3,536.65
1380,462,113,2,590.85
1381,462,80,3,803.34
1382,463,62,2,806.45
1383,463,95,1,581.67
1384,463,40,3,854.57
1385,463,110,2,365.92
1386,463,117,4,232.58
1387,464,77,3,285.5
1388,465,88,2,378.0
1389,465,38,1,757.5
1390,465,107,3,314.44
1391,465,30,3,145.6
1392,465,68,3,352.5
1393,466,115,4,107.04
1394,466,67,1,650.54
1395,466,100,4,622.45
1396,467,47,2,365.65
1397,467,27,4,408.89
1398,467,96,3,732.78
1399,467,12,4,853.06
1400,468,51,3,546.45
1401,468,76,1,133.18
1402,468,54,3,177.51
1403,469,37,4,602.98
1404,469,15,2,58.29
1405,469,2,2,347.53
1406,470,2,2,347.53
1407,470,59,1,584.4
1408,470,6,-1,704.8
1409,471,101,2,123.59
1410,471,110,3,365.92
1411,471,65,2,238.72
1412,472,104,4,828.75
1413,472,87,1,536.55
1414,473,103,2,552.16
1415,473,75,4,53.38
1416,473,18,3,160.9
1417,474,13,3,162.11
1418,474,18,3,160.9
1419,474,68,4,352.5
1420,474,57,4,313.09
1421,475,101,3,123.59
1422,475,32,3,761.36
1423,475,75,2,53.38
1424,476,35,1,170.46
1425,477,95,1,581.67
1426,478,39,3,431.24
1427,478,81,1,565.87
1428,479,67,1,650.54
1429,480,39,4,431.24
1430,481,16,2,864.69
1431,481,56,2,614.64
1432,481,19,2,600.64
1433,481,82,3,348.27
1434,481,3,1,404.17
1435,482,60,4,429.31
1436,483,39,4,431.24
1437,483,5,3,183.5
1438,483,83,4,413.04
1439,483,84,4,896.53
1440,483,115,2,107.04
1441,484,66,2,810.21
1442,484,9,3,94.61
1443,484,23,2,740.38
1444,484,84,3,896.53
1445,485,74,3,427.63
1446,485,91,3,707.35
1447,486,30,1,145.6
1448,486,13,4,162.11
1449,487,97,1,665.98
1450,487,54,1,177.51
1451,487,119,1,696.06
1452,487,9,3,94.61
1453,488,18,2,160.9
1454,488,82,4,348.27
1455,488,74,3,427.63
1456,488,72,2,590.71
1457,489,27,1,408.89
1458,490,24,4,192.66
1459,490,88,2,378.0
1460,490,94,4,138.47
1461,491,112,2,366.07
1462,491,10,3,520.23
1463,491,73,4,337.65
1464,491,11,3,216.7
1465,492,37,2,602.98
1466,492,10,3,520.23
1467,493,84,3,896.53
1468,493,4,2,373.72
1469,493,5,1,183.5
1470,494,31,4,271.16
1471,495,77,1,285.5
1472,495,95,4,581.67
1473,495,79,3,-388.97
1474,495,119,1,696.06
1475,496,3,1,404.17
1476,496,120,2,8.87
1477,497,90,2,379.84
1478,497,17,1,275.07
1479,497,56,3,614.64
1480,497,55,3,826.63
1481,498,73,2,337.65
1482,498,6,1,704.8
1483,498,103,4,552.16
1484,498,2,1,347.53
1485,498,112,2,366.07
1486,499,33,2,91.79
1487,500,100,2,622.45
1488,500,71,3,119.5
1489,500,38,1,757.5
1490,501,108,2,580.83
1491,501,67,2,650.54
1492,502,84,1,896.53
1493,502,98,1,299.14
1494,502,59,4,584.4
1495,502,15,1,58.29
1496,503,6,2,704.8
1497,503,29,1,536.65
1498,503,27,1,408.89
1499,503,49,3,307.38
1500,504,28,4,71.4
1501,504,97,1,665.98
1502,504,4,4,373.72
1503,504,44,3,105.69
1504,504,93,4,648.69
1505,505,17,1,275.07
1506,505,117,3,232.58
1507,506,36,1,421.22
1508,506,47,3,365.65
1509,506,35,2,170.46
1510,506,85,1,209.42
1511,506,33,4,91.79
1512,507,36,3,421.22
1513,508,81,2,565.87
1514,508,23,1,740.38
1515,509,71,2,119.5
1516,510,70,2,761.64
1517,510,92,1,634.57
1518,510,6,1,704.8
1519,511,83,4,413.04
1520,512,61,1,549.46
1521,512,38,1,757.5
1522,512,80,2,803.34
1523,513,101,4,123.59
1524,513,75,1,53.38
1525,513,92,2,634.57
1526,513,45,1,508.59
1527,513,28,2,71.4
1528,514,103,4,552.16
1529,514,7,2,247.03
1530,514,78,3,443.16
1531,514,61,3,549.46
1532,514,85,3,209.42
1533,515,47,1,365.65
1534,515,11,4,216.7
1535,515,46,4,241.39
1536,515,72,2,590.71
1537,516,86,3,333.09
1538,516,18,1,160.9
1539,516,78,4,443.16
1540,516,34,2,280.97
1541,516,102,2,820.54
1542,517,92,2,634.57
1543,517,120,4,8.87
1544,517,61,2,549.46
1545,517,96,2,732.78
1546,517,13,4,162.11
1547,518,76,1,133.18
1548,518,78,1,443.16
1549,518,79,3,-388.97
1550,519,90,1,379.84
1551,519,18,1,160.9
1552,519,94,3,138.47
1553,519,24,4,192.66
1554,520,64,4,272.13
1555,520,44,4,105.69
1556,520,7,2,247.03
1557,521,41,1,117.93
1558,521,13,4,162.11
1559,521,45,2,508.59
1560,521,37,3,602.98
1561,521,22,1,130.87
1562,522,4,1,373.72
1563,522,77,0,285.5
1564,523,38,1,757.5
1565,523,118,4,742.97
1566,523,15,1,58.29
1567,523,92,3,634.57
1568,524,42,2,291.17
1569,525,115,4,107.04
1570,525,119,3,696.06
1571,525,5,1,183.5
1572,526,34,2,280.97
1573,526,61,2,549.46
1574,527,1,1,50.31
1575,527,56,2,614.64
1576,528,82,4,348.27
1577,528,45,2,508.59
1578,529,77,3,285.5
1579,529,46,1,241.39
1580,529,70,3,761.64
1581,529,62,4,806.45
1582,530,45,4,508.59
1583,531,38,3,757.5
1584,532,87,4,536.55
1585,532,41,4,117.93
1586,532,53,1,283.45
1587,533,113,1,590.85
1588,533,22,3,130.87
1589,533,69,1,655.25
1590,533,27,1,408.89
1591,533,100,1,622.45
1592,534,69,4,655.25
1593,534,26,2,319.34
1594,534,21,2,167.95
1595,535,97,1,665.98
1596,536,5,1,183.5
1597,536,35,4,170.46
1598,537,93,0,90.51
1599,537,91,4,707.35
1600,537,98,3,299.14
1601,537,94,4,138.47
1602,537,54,1,177.51
1603,538,38,4,757.5
1604,538,55,4,826.63
1605,538,12,2,853.06
1606,538,29,4,536.65
1607,539,51,2,546.45
1608,540,13,2,162.11
1609,541,67,2,650.54
1610,541,93,4,283.74
1611,541,108,3,580.83
1612,541,73,1,337.65
1613,542,102,2,820.54
1614,542,63,4,773.48
1615,542,70,1,761.64
1616,542,64,4,272.13
1617,542,41,4,117.93
1618,543,5,4,183.5
1619,544,52,4,684.74
1620,544,2,3,347.53
1621,544,38,3,757.5
1622,544,16,2,864.69
1623,545,27,2,408.89
1624,545,120,-1,8.87
1625,545,43,2,771.67
1626,545,119,1,696.06
1627,546,43,4,771.67
1628,546,13,1,162.11
1629,546,8,2,728.74
1630,546,80,1,803.34
1631,547,99,2,734.38
1632,547,52,2,684.74
1633,547,120,2,8.87
1634,547,33,3,91.79
1635,547,72,2,590.71
1636,548,78,4,443.16
1637,548,36,1,421.22
1638,548,104,2,828.75
1639,548,95,2,581.67
1640,548,112,4,366.07
1641,549,86,1,333.09
1642,549,61,4,549.46
1643,549,42,4,291.17
1644,549,39,3,431.24
1645,550,82,3,348.27
1646,550,107,4,314.44
1647,551,84,3,896.53
1648,551,45,3,508.59
1649,551,23,2,740.38
1650,551,4,2,373.72
1651,552,1,3,50.31
1652,552,76,3,133.18
1653,553,51,3,546.45
1654,553,6,1,704.8
1655,553,90,1,379.84
1656,553,91,4,707.35
1657,554,104,2,828.75
1658,554,14,2,5.6
1659,554,5,2,183.5
1660,554,48,1,623.0
1661,554,4,1,373.72
1662,555,108,3,580.83
1663,555,87,2,536.55
1664,555,109,3,677.52
1665,556,25,2,350.4
1666,557,53,1,283.45
1667,557,23,3,740.38
1668,557,82,4,348.27
1669,557,96,1,732.78
1670,557,108,4,580.83
1671,558,99,2,734.38
1672,559,40,2,854.57
1673,559,108,2,580.83
1674,560,29,2,536.65
1675,560,107,3,314.44
1676,560,25,4,350.4
1677,560,35,4,170.46
1678,561,5,4,183.5
1679,561,107,2,314.44
1680,562,71,1,119.5
1681,562,107,2,314.44
1682,562,96,4,732.78
1683,562,102,1,820.54
1684,562,35,2,170.46
1685,563,42,1,291.17
1686,564,24,3,192.66
1687,565,74,4,427.63
1688,565,89,3,627.19
1689,565,56,3,614.64
1690,565,94,4,138.47
1691,565,52,2,684.74
1692,566,52,2,684.74
1693,566,76,2,133.18
1694,566,4,2,373.72
1695,566,21,3,167.95
1696,566,66,1,810.21
1697,567,59,2,584.4
1698,567,1,2,50.31
1699,568,88,0,378.0
1700,568,72,3,590.71
1701,569,91,1,707.35
1702,569,32,3,124.5
1703,569,98,3,299.14
1704,569,118,4,742.97
1705,570,29,2,536.65
1706,571,118,2,742.97
1707,571,10,1,520.23
1708,571,83,4,413.04
1709,571,30,4,145.6
1710,572,34,4,280.97
1711,573,84,4,896.53
1712,574,2,4,347.53
1713,574,63,1,236.48
1714,574,84,1,896.53
1715,574,86,4,333.09
1716,575,101,2,123.59
1717,576,34,4,280.97
1718,576,26,4,319.34
1719,576,66,1,810.21
1720,576,105,4,16.05
1721,576,79,3,-388.97
1722,577,54,3,177.51
1723,577,3,1,404.17
1724,577,58,3,29.56
1725,578,94,4,138.47
1726,578,19,3,600.64
1727,579,73,3,337.65
1728,579,59,1,584.4
1729,579,6,1,704.8
1730,579,10,3,520.23
1731,579,42,1,291.17
1732,580,102,2,820.54
1733,581,61,3,549.46
1734,581,28,2,71.4
1735,581,98,1,299.14
1736,581,120,2,8.87
1737,581,56,0,614.64
1738,582,13,3,162.11
1739,582,29,3,536.65
1740,582,3,4,404.17
1741,583,44,4,105.69
1742,583,41,4,117.93
1743,583,45,2,508.59
1744,584,11,3,216.7
1745,584,27,3,408.89
1746,584,96,4,732.78
1747,585,97,3,665.98
1748,586,109,2,677.52
1749,586,16,3,864.69
1750,586,13,2,162.11
1751,586,51,4,546.45
1752,586,28,3,71.4
1753,587,86,3,333.09
1754,588,21,4,167.95
1755,588,119,3,696.06
1756,588,112,2,366.07
1757,588,23,1,740.38
1758,589,29,1,536.65
1759,589,18,4,160.9
1760,589,79,3,-388.97
1761,589,80,2,803.34
1762,589,65,4,238.72
1763,590,59,2,584.4
1764,590,48,2,623.0
1765,591,88,4,378.0
1766,591,78,2,443.16
1767,592,60,0,429.31
1768,592,93,4,895.99
1769,593,16,1,864.69
1770,593,92,1,634.57
1771,593,100,4,622.45
1772,593,78,1,443.16
1773,593,83,4,413.04
1774,594,93,2,592.59
1775,595,59,4,584.4
1776,596,90,1,379.84
1777,596,34,2,280.97
1778,596,73,1,337.65
1779,596,36,3,421.22
1780,597,87,2,536.55
1781,597,38,3,757.5
1782,597,20,3,30.05
1783,597,96,2,732.78
1784,598,52,3,684.74
1785,598,62,3,806.45
1786,598,80,4,803.34
1787,598,116,4,633.37
1788,598,22,4,130.87
1789,599,20,1,324.06
1790,599,36,4,421.22
1791,600,86,1,333.09
1792,600,5,1,183.5
1793,600,52,1,684.74
1794,601,89,2,627.19
1795,601,120,4,8.87
1796,602,116,2,633.37
1797,603,13,1,162.11
1798,603,69,1,655.25
1799,603,113,1,590.85
1800,603,101,4,123.59
1801,604,111,4,771.64
1802,604,116,2,633.37
1803,604,15,4,58.29
1804,604,93,3,543.2
1805,605,34,2,280.97
1806,605,112,3,366.07
1807,605,69,1,655.25
1808,606,64,4,272.13
1809,606,21,1,167.95
1810,606,23,4,740.38
1811,606,9,2,94.61
1812,607,61,2,549.46
1813,607,14,2,5.6
1814,607,88,2,378.0
1815,607,39,2,431.24
1816,607,119,2,696.06
1817,608,61,3,549.46
1818,608,120,3,8.87
1819,608,110,3,365.92
1820,609,98,4,299.14
1821,610,105,2,16.05
1822,611,42,2,291.17
1823,611,72,4,590.71
1824,611,95,1,581.67
1825,611,26,2,319.34
1826,612,89,2,627.19
1827,612,117,4,232.58
1828,612,91,1,707.35
1829,612,63,3,397.11
1830,613,106,3,469.58
1831,613,20,1,298.41
1832,613,112,3,366.07
1833,613,76,3,133.18
1834,614,110,4,365.92
1835,614,47,2,365.65
1836,614,116,4,633.37
1837,615,18,1,160.9
1838,616,117,3,232.58
1839,617,63,1,510.94
1840,617,37,1,602.98
1841,617,74,1,427.63
1842,617,43,4,771.67
1843,617,82,2,348.27
1844,618,84,1,896.53
1845,618,43,3,771.67
1846,619,1,4,50.31
1847,619,80,2,803.34
1848,619,107,2,314.44
1849,620,99,3,734.38
1850,620,106,2,469.58
1851,621,100,2,622.45
1852,622,39,4,431.24
1853,622,21,2,167.95
1854,623,16,4,864.69
1855,623,107,2,314.44
1856,623,49,4,307.38
1857,623,4,2,373.72
1858,624,93,2,442.74
1859,624,67,3,650.54
1860,624,16,3,864.69
1861,624,21,2,167.95
1862,624,97,3,665.98
1863,625,52,3,684.74
1864,625,110,1,365.92
1865,625,13,3,162.11
1866,625,46,1,241.39
1867,626,6,2,704.8
1868,626,19,1,600.64
1869,626,109,2,677.52
1870,627,48,2,623.0
1871,627,80,2,803.34
1872,627,54,2,177.51
1873,628,4,2,373.72
1874,628,64,3,272.13
1875,629,5,4,183.5
1876,629,95,4,581.67
1877,629,112,2,366.07
1878,629,19,1,600.64
1879,630,110,2,365.92
1880,630,115,1,107.04
1881,630,69,4,655.25
1882,630,57,3,313.09
1883,631,26,2,319.34
1884,631,17,1,275.07
1885,631,29,4,536.65
1886,631,66,1,810.21
1887,631,104,3,828.75
1888,632,114,3,302.11
1889,632,35,2,170.46
1890,632,98,1,299.14
1891,632,116,4,633.37
1892,632,17,2,275.07
1893,633,42,4,291.17
1894,633,2,2,347.53
1895,633,74,4,427.63
1896,633,62,2,806.45
1897,634,119,3,696.06
1898,634,44,4,105.69
1899,634,115,4,107.04
1900,634,24,3,192.66
1901,634,33,3,91.79
1902,635,59,1,584.4
1903,635,107,3,314.44
1904,636,24,2,192.66
1905,636,51,2,546.45
1906,636,105,2,16.05
1907,636,114,3,302.11
1908,636,66,2,810.21
1909,637,22,2,130.87
1910,637,48,2,623.0
1911,637,21,2,167.95
1912,637,13,4,162.11
1913,637,88,3,378.0
1914,638,115,2,107.04
1915,638,61,-1,549.46
1916,638,60,3,429.31
1917,638,42,1,291.17
1918,639,51,2,546.45
1919,639,101,4,123.59
1920,640,115,1,107.04
1921,640,52,2,684.74
1922,641,68,4,352.5
1923,641,14,4,5.6
1924,641,99,1,734.38
1925,642,113,4,590.85
1926,642,35,3,170.46
1927,642,6,4,704.8
1928,643,12,3,853.06
1929,644,108,3,580.83
1930,644,93,3,753.48
1931,644,94,3,138.47
1932,645,56,4,614.64
1933,645,86,4,333.09
1934,645,35,4,170.46
1935,645,14,1,5.6
1936,645,100,1,622.45
1937,646,54,1,177.51
1938,646,105,4,16.05
1939,646,51,1,546.45
1940,646,92,4,634.57
1941,646,96,1,732.78
1942,647,94,4,138.47
1943,648,58,3,29.56
1944,648,101,3,123.59
1945,648,7,2,247.03
1946,649,109,1,677.52
1947,649,64,2,272.13
1948,650,82,2,348.27
1949,650,24,4,192.66
1950,650,97,4,665.98
1951,650,49,2,307.38
1952,651,38,4,757.5
1953,651,97,1,665.98
1954,651,72,1,590.71
1955,651,69,4,655.25
1956,651,23,2,740.38
1957,652,79,3,-388.97
1958,652,73,4,337.65
1959,652,11,2,216.7
1960,653,32,2,731.31
1961,653,113,0,590.85
1962,654,73,4,337.65
1963,654,25,4,350.4
1964,654,53,3,283.45
1965,654,24,3,192.66
1966,654,109,3,677.52
1967,655,111,2,771.64
1968,655,106,2,469.58
1969,655,90,4,379.84
1970,656,106,1,469.58
1971,656,29,4,536.65
1972,656,60,4,429.31
1973,656,35,2,170.46
1974,656,74,4,427.63
1975,657,9,3,94.61
1976,657,93,1,444.26
1977,657,36,2,421.22
1978,658,30,4,145.6
1979,658,73,3,337.65
1980,658,103,1,552.16
1981,659,94,2,138.47
1982,659,25,2,350.4
1983,660,52,4,684.74
1984,661,46,4,241.39
1985,661,23,4,740.38
1986,661,91,3,707.35
1987,662,33,1,91.79
1988,662,3,1,404.17
1989,662,113,-1,590.85
1990,662,78,3,443.16
1991,662,8,3,728.74
1992,663,13,2,162.11
1993,663,112,2,366.07
1994,663,88,2,378.0
1995,664,104,3,828.75
1996,665,64,2,272.13
1997,666,101,1,123.59
1998,666,58,3,29.56
1999,666,15,4,58.29
2000,666,86,4,333.09
2001,667,13,3,162.11
2002,667,109,4,677.52
2003,667,67,2,650.54
2004,667,12,2,853.06
2005,667,85,2,209.42
2006,668,14,4,5.6
2007,668,42,3,291.17
2008,668,72,1,590.71
2009,668,62,1,806.45
2010,669,4,3,373.72
2011,669,7,1,247.03
2012,669,39,4,431.24
2013,669,50,2,125.27
2014,669,25,1,350.4
2015,670,92,2,634.57
2016,671,119,0,696.06
2017,672,48,4,623.0
2018,672,118,2,742.97
2019,673,27,3,408.89
2020,673,113,1,590.85
2021,673,84,4,896.53
2022,674,6,2,704.8
2023,674,90,2,379.84
2024,674,99,1,734.38
2025,674,58,4,29.56
2026,675,37,3,602.98
2027,675,69,1,655.25
2028,675,110,2,365.92
2029,675,73,4,337.65
2030,676,107,4,314.44
2031,677,95,1,581.67
2032,677,19,2,600.64
2033,677,57,3,313.09
2034,677,77,1,285.5
2035,678,116,1,633.37
2036,678,83,2,413.04
2037,679,4,2,373.72
2038,679,112,3,366.07
2039,679,57,2,313.09
2040,679,9,3,94.61
2041,680,93,3,133.41
2042,680,120,1,8.87
2043,681,110,2,365.92
2044,682,120,3,8.87
2045,682,74,4,427.63
2046,682,83,2,413.04
2047,682,50,3,125.27
2048,683,19,2,600.64
2049,683,37,4,602.98
2050,684,59,4,584.4
2051,685,52,4,684.74
2052,685,54,4,177.51
2053,686,27,2,408.89
2054,686,32,3,495.63
2055,686,28,4,71.4
2056,686,92,3,634.57
2057,686,25,2,350.4
2058,687,53,2,283.45
2059,687,7,4,247.03
2060,687,26,4,319.34
2061,687,28,2,71.4
2062,687,44,2,105.69
2063,688,20,3,781.88
2064,688,53,2,283.45
2065,689,101,1,123.59
2066,690,26,2,319.34
2067,690,96,1,732.78
2068,690,20,3,746.28
2069,691,21,1,167.95
2070,691,116,4,633.37
2071,691,113,4,590.85
2072,691,20,3,813.76
2073,691,54,1,177.51
2074,692,61,1,549.46
2075,692,49,3,307.38
2076,692,62,2,806.45
2077,692,22,1,130.87
2078,693,9,3,94.61
2079,693,23,2,740.38
2080,693,18,2,160.9
2081,694,3,4,404.17
2082,694,80,3,803.34
2083,694,115,2,107.04
2084,694,76,1,133.18
2085,695,44,4,105.69
2086,695,6,3,704.8
2087,695,35,2,170.46
2088,695,96,1,732.78
2089,696,89,3,627.19
2090,697,91,3,707.35
2091,697,44,4,105.69
2092,697,17,1,275.07
2093,697,45,1,508.59
2094,698,104,1,828.75
2095,698,98,2,299.14
2096,699,93,1,310.31
2097,700,81,1,565.87
2098,700,112,1,366.07
2099,700,43,2,771.67
2100,700,101,1,123.59
2101,701,7,1,247.03
2102,701,92,2,634.57
2103,702,94,1,138.47
2104,702,87,1,536.55
2105,702,76,2,133.18
2106,703,25,2,350.4
2107,704,77,3,285.5
2108,704,53,3,283.45
2109,704,65,2,238.72
2110,705,9,4,94.61
2111,706,2,3,347.53
2112,706,96,3,732.78
2113,706,87,1,536.55
2114,706,12,3,853.06
2115,707,70,2,761.64
2116,707,96,1,732.78
2117,707,25,4,350.4
2118,708,20,4,26.9
2119,708,19,2,600.64
2120,708,95,4,581.67
2121,708,97,2,665.98
2122,709,13,4,162.11
2123,709,3,3,404.17
2124,710,36,4,421.22
2125,710,30,2,145.6
2126,710,25,1,350.4
2127,710,63,1,294.33
2128,710,78,4,443.16
2129,711,40,2,854.57
2130,712,37,2,602.98
2131,712,44,4,105.69
2132,712,93,4,225.26
2133,712,48,3,623.0
2134,712,104,3,828.75
2135,713,90,2,379.84
2136,713,25,2,350.4
2137,713,116,2,633.37
2138,714,50,2,125.27
2139,715,9,2,94.61
2140,715,58,3,29.56
2141,715,50,3,125.27
2142,716,62,3,806.45
2143,716,72,3,590.71
2144,716,19,2,600.64
2145,716,101,2,123.59
2146,716,35,1,170.46
2147,717,102,4,820.54
2148,717,49,1,307.38
2149,718,11,2,216.7
2150,718,48,4,623.0
2151,718,60,4,429.31
2152,718,100,1,622.45
2153,719,3,3,404.17
2154,719,16,3,864.69
2155,719,7,4,247.03
2156,720,83,3,413.04
2157,721,64,1,272.13
2158,721,9,1,94.61
2159,722,11,1,216.7
2160,722,53,1,283.45
2161,722,44,4,105.69
2162,723,30,1,145.6
2163,723,31,2,271.16
2164,723,8,1,728.74
2165,724,3,4,404.17
2166,724,66,4,810.21
2167,724,98,1,299.14
2168,724,38,1,757.5
2169,725,66,2,810.21
2170,725,116,2,633.37
2171,725,107,3,314.44
2172,726,43,3,771.67
2173,726,26,3,319.34
2174,726,42,4,291.17
2175,727,103,2,552.16
2176,727,14,3,5.6
2177,727,96,2,732.78
2178,727,120,3,8.87
2179,728,28,0,71.4
2180,728,66,3,810.21
2181,728,4,4,373.72
2182,729,37,1,602.98
2183,729,102,1,820.54
2184,729,86,1,333.09
2185,729,110,3,365.92
2186,729,32,3,657.22
2187,730,95,3,581.67
2188,730,113,1,590.85
2189,730,48,1,623.0
2190,730,10,3,520.23
2191,731,113,4,590.85
2192,732,35,1,170.46
2193,732,3,2,404.17
2194,732,90,4,379.84
2195,732,73,1,337.65
2196,732,62,4,806.45
2197,733,99,3,734.38
2198,734,31,4,271.16
2199,734,89,1,627.19
2200,735,37,3,602.98
2201,736,93,2,577.18
2202,736,71,4,119.5
2203,736,70,4,761.64
2204,737,87,4,536.55
2205,737,70,3,761.64
2206,737,53,3,283.45
2207,737,47,4,365.65
2208,738,77,2,285.5
2209,738,44,2,105.69
2210,739,65,1,238.72
2211,740,63,3,358.48
2212,740,15,4,58.29
2213,740,42,3,291.17
2214,741,107,2,314.44
2215,741,89,1,627.19
2216,742,70,1,761.64
2217,742,82,2,348.27
2218,743,9,3,94.61
2219,744,39,3,431.24
2220,744,44,4,105.69
2221,744,50,1,125.27
2222,744,48,1,623.0
2223,744,27,3,408.89
2224,745,89,3,627.19
2225,745,76,4,133.18
2226,745,80,4,803.34
2227,745,113,4,590.85
2228,746,59,4,584.4
2229,747,28,1,71.4
2230,747,79,1,-388.97
2231,747,53,4,283.45
2232,747,13,2,162.11
2233,748,63,2,542.99
2234,748,23,4,740.38
2235,748,116,2,633.37
2236,748,58,1,29.56
2237,748,38,4,757.5
2238,749,29,4,536.65
2239,749,44,4,105.69
2240,750,73,4,337.65
2241,750,4,3,373.72
2242,750,57,1,313.09
2243,750,64,1,272.13
2244,750,47,4,365.65
2245,751,117,2,232.58
2246,751,119,2,696.06
2247,752,34,2,280.97
2248,752,62,1,806.45
2249,752,9,2,94.61
2250,752,102,3,820.54
2251,752,85,0,209.42
2252,753,2,3,347.53
2253,753,39,4,431.24
2254,753,113,2,590.85
2255,753,104,4,828.75
2256,753,18,1,160.9
2257,754,19,1,600.64
2258,754,111,2,771.64
2259,754,98,4,299.14
2260,754,9,3,94.61
2261,754,62,3,806.45
2262,755,51,2,546.45
2263,755,58,2,29.56
2264,755,78,4,443.16
2265,756,56,1,614.64
2266,757,51,3,546.45
2267,757,36,3,421.22
2268,757,60,4,429.31
2269,758,44,1,105.69
2270,758,69,3,655.25
2271,758,67,3,650.54
2272,758,79,2,-388.97
2273,759,25,4,350.4
2274,759,106,4,469.58
2275,759,43,2,771.67
2276,760,71,2,119.5
2277,760,42,3,291.17
2278,760,27,2,408.89
2279,760,103,3,552.16
2280,760,60,4,429.31
2281,761,19,1,600.64
2282,761,33,4,91.79
2283,761,78,0,443.16
2284,762,106,2,469.58
2285,762,36,4,421.22
2286,762,66,4,810.21
2287,762,73,4,337.65
2288,762,54,3,177.51
2289,763,71,3,119.5
2290,764,8,3,728.74
2291,764,2,2,347.53
2292,764,15,3,58.29
2293,764,44,3,105.69
2294,764,80,2,803.34
2295,765,27,2,408.89
2296,765,70,3,761.64
2297,765,79,1,-388.97
2298,765,3,4,404.17
2299,766,31,3,271.16
2300,767,53,4,283.45
2301,768,113,4,590.85
2302,768,87,3,536.55
2303,769,19,4,600.64
2304,769,91,4,707.35
2305,769,10,3,520.23
2306,770,4,2,373.72
2307,770,88,1,378.0
2308,770,120,1,8.87
2309,770,73,3,337.65
2310,771,45,3,508.59
2311,771,30,3,145.6
2312,771,35,2,170.46
2313,772,47,1,365.65
2314,772,7,2,247.03
2315,772,98,1,299.14
2316,772,30,3,145.6
2317,773,53,2,283.45
2318,773,40,2,854.57
2319,774,115,2,107.04
2320,774,22,1,130.87
2321,774,31,1,271.16
2322,774,3,2,404.17
2323,775,32,1,158.75
2324,775,101,3,123.59
2325,776,20,3,254.94
2326,776,109,2,677.52
2327,776,17,1,275.07
2328,776,31,2,271.16
2329,777,103,4,552.16
2330,777,63,4,849.23
2331,777,87,3,536.55
2332,777,97,4,665.98
2333,777,51,4,546.45
2334,778,108,4,580.83
2335,778,39,3,431.24
2336,778,15,3,58.29
2337,779,111,2,771.64
2338,779,76,3,133.18
2339,779,102,2,820.54
2340,779,98,2,299.14
2341,780,60,4,429.31
2342,780,17,2,275.07
2343,781,117,4,232.58
2344,781,50,3,125.27
2345,781,114,4,302.11
2346,781,84,4,896.53
2347,782,96,3,732.78
2348,782,92,2,634.57
2349,783,80,3,803.34
2350,783,42,1,291.17
2351,783,37,4,602.98
2352,784,43,3,771.67
2353,784,85,2,209.42
2354,784,92,4,634.57
2355,784,57,2,313.09
2356,785,103,4,552.16
2357,785,106,3,469.58
2358,785,114,0,302.11
2359,785,20,2,242.62
2360,786,15,3,58.29
2361,786,11,3,216.7
2362,786,86,3,333.09
2363,786,59,3,584.4
2364,787,29,1,536.65
2365,787,105,3,16.05
2366,788,14,2,5.6
2367,788,106,2,469.58
2368,788,19,2,600.64
2369,789,73,2,337.65
2370,789,43,4,771.67
2371,789,39,1,431.24
2372,789,11,1,216.7
2373,790,16,4,864.69
2374,790,40,4,854.57
2375,790,31,4,271.16
2376,791,44,3,105.69
2377,791,21,1,167.95
2378,792,120,2,8.87
2379,793,87,3,536.55
2380,793,88,1,378.0
2381,793,118,3,742.97
2382,794,102,4,820.54
2383,794,22,4,130.87
2384,795,9,3,94.61
2385,795,60,1,429.31
2386,796,89,4,627.19
2387,796,61,3,549.46
2388,797,86,2,333.09
2389,797,42,2,291.17
2390,797,27,1,408.89
2391,798,99,3,734.38
2392,798,43,4,771.67
2393,798,89,1,627.19
2394,799,84,4,896.53
2395,799,5,1,183.5
2396,799,47,3,365.65
2397,799,21,4,167.95
2398,800,85,0,209.42
2399,800,41,3,117.93
2400,800,118,4,742.97
2401,800,97,3,665.98
2402,801,93,4,13.25
2403,801,24,3,192.66
2404,802,26,3,319.34
2405,802,28,2,71.4
2406,802,19,1,600.64
2407,802,43,3,771.67
2408,802,88,4,378.0
2409,803,118,2,742.97
2410,803,114,2,302.11
2411,803,78,3,443.16
2412,803,74,1,427.63
2413,804,6,4,704.8
2414,804,29,1,536.65
2415,805,3,3,404.17
2416,805,65,1,238.72
2417,805,112,2,366.07
2418,805,94,3,138.47
2419,806,84,1,896.53
2420,806,26,2,319.34
2421,806,2,1,347.53
2422,806,88,3,378.0
2423,806,55,3,826.63
2424,807,98,3,299.14
2425,808,110,1,365.92
2426,809,44,4,105.69
2427,809,16,4,864.69
2428,809,65,3,238.72
2429,809,99,3,734.38
2430,810,117,1,232.58
2431,811,62,3,806.45
2432,811,119,4,696.06
2433,812,25,4,350.4
2434,812,80,1,803.34
2435,813,83,1,413.04
2436,813,48,-1,623.0
2437,813,26,1,319.34
2438,814,111,2,771.64
2439,814,60,1,429.31
2440,814,11,4,216.7
2441,815,32,4,773.49
2442,815,40,1,854.57
2443,815,69,2,655.25
2444,816,68,3,352.5
2445,817,24,2,192.66
2446,817,92,1,634.57
2447,817,12,1,853.06
2448,818,30,1,145.6
2449,819,112,3,366.07
2450,819,89,4,627.19
2451,819,70,1,761.64
2452,819,39,4,431.24
2453,819,117,3,232.58
2454,820,115,4,107.04
2455,821,115,2,107.04
2456,821,102,1,820.54
2457,821,32,1,657.22
2458,821,11,2,216.7
2459,821,43,2,771.67
2460,822,64,2,272.13
2461,822,71,2,119.5
2462,823,53,2,283.45
2463,823,117,1,232.58
2464,823,75,3,53.38
2465,823,37,0,602.98
2466,823,35,4,170.46
2467,824,16,1,864.69
2468,824,86,2,333.09
2469,824,32,1,123.99
2470,824,17,2,275.07
2471,824,92,1,634.57
2472,825,44,2,105.69
2473,826,49,3,307.38
2474,826,85,2,209.42
2475,826,67,2,650.54
2476,826,88,3,378.0
2477,827,7,4,247.03
2478,827,33,1,91.79
2479,827,1,3,50.31
2480,827,56,1,614.64
2481,828,9,2,94.61
2482,828,76,3,133.18
2483,828,59,4,584.4
2484,828,45,4,508.59
2485,828,39,2,431.24
2486,829,83,3,413.04
2487,829,120,1,8.87
2488,829,19,3,600.64
2489,829,15,1,58.29
2490,829,35,1,170.46
2491,830,110,2,365.92
2492,830,79,1,-388.97
2493,830,74,1,427.63
2494,830,103,4,552.16
2495,830,119,1,696.06
2496,831,76,4,133.18
2497,831,26,3,319.34
2498,831,81,4,565.87
2499,832,69,4,655.25
2500,832,43,1,771.67
2501,833,60,1,429.31
2502,833,53,4,283.45
2503,834,118,4,742.97
2504,835,79,1,-388.97
2505,835,16,2,864.69
2506,836,119,4,696.06
2507,837,119,-1,696.06
2508,837,74,3,427.63
2509,838,3,2,404.17
2510,838,86,1,333.09
2511,838,36,2,421.22
2512,838,25,2,350.4
2513,838,23,4,740.38
2514,839,47,3,365.65
2515,839,81,4,565.87
2516,840,5,4,183.5
2517,840,69,2,655.25
2518,840,23,2,740.38
2519,841,114,3,302.11
2520,841,87,2,536.55
2521,841,68,2,352.5
2522,841,116,4,633.37
2523,841,120,4,8.87
2524,842,60,1,429.31
2525,842,119,2,696.06
2526,842,12,2,853.06
2527,842,112,1,366.07
2528,842,75,4,53.38
2529,843,103,2,552.16
2530,843,17,1,275.07
2531,844,71,2,119.5
2532,844,18,4,160.9
2533,844,106,2,469.58
2534,845,55,1,826.63
2535,846,98,1,299.14
2536,847,42,2,291.17
2537,848,57,3,313.09
2538,849,49,3,307.38
2539,849,87,3,536.55
2540,849,15,2,58.29
2541,850,20,2,263.62
2542,851,60,-1,429.31
2543,851,4,2,373.72
2544,851,6,3,704.8
2545,851,77,3,285.5
2546,852,66,3,810.21
2547,852,30,3,145.6
2548,852,42,2,291.17
2549,853,31,4,271.16
2550,853,53,1,283.45
2551,854,103,1,552.16
2552,854,7,3,247.03
2553,854,119,1,696.06
2554,855,71,4,119.5
2555,855,61,2,549.46
2556,856,32,1,363.06
2557,856,20,3,471.93
2558,856,87,3,536.55
2559,857,56,3,614.64
2560,857,28,1,71.4
2561,857,14,3,5.6
2562,857,40,4,854.57
2563,857,100,3,622.45
2564,858,44,2,105.69
2565,858,70,1,761.64
2566,858,88,4,378.0
2567,859,65,1,238.72
2568,859,118,2,742.97
2569,859,3,3,404.17
2570,859,99,2,734.38
2571,859,29,1,536.65
2572,860,118,2,742.97
2573,860,28,3,71.4
2574,861,104,1,828.75
2575,861,19,4,600.64
2576,862,31,1,271.16
2577,862,76,2,133.18
2578,863,110,1,365.92
2579,863,5,4,183.5
2580,863,93,3,90.29
2581,863,10,4,520.23
2582,864,104,1,828.75
2583,865,119,3,696.06
2584,865,2,4,347.53
2585,865,32,3,538.47
2586,865,89,4,627.19
2587,865,49,2,307.38
2588,866,10,3,520.23
2589,866,104,3,828.75
2590,866,16,4,864.69
2591,866,112,3,366.07
2592,866,68,2,352.5
2593,867,19,3,600.64
2594,867,10,1,520.23
2595,867,31,1,271.16
2596,867,58,3,29.56
2597,867,36,4,421.22
2598,868,120,1,8.87
2599,868,51,1,546.45
2600,868,55,2,826.63
2601,868,56,1,614.64
2602,869,51,1,546.45
2603,869,114,4,302.11
2604,869,78,2,443.16
2605,869,12,2,853.06
2606,870,24,4,192.66
2607,870,56,2,614.64
2608,870,74,3,427.63
2609,870,14,1,5.6
2610,870,63,3,9.43
2611,871,95,1,581.67
2612,871,115,3,107.04
2613,871,68,1,352.5
2614,871,18,3,160.9
2615,871,53,1,283.45
2616,872,120,4,8.87
2617,872,3,2,404.17
2618,873,112,4,366.07
2619,873,100,3,622.45
2620,873,85,3,209.42
2621,873,38,2,757.5
2622,874,80,2,803.34
2623,874,102,2,820.54
2624,874,110,2,365.92
2625,874,25,4,350.4
2626,874,23,1,740.38
2627,875,98,4,299.14
2628,875,54,2,177.51
2629,875,115,2,107.04
2630,875,4,2,373.72
2631,876,18,1,160.9
2632,876,85,3,209.42
2633,876,115,3,107.04
2634,876,72,1,590.71
2635,876,97,4,665.98
2636,877,87,1,536.55
2637,877,19,4,600.64
2638,877,56,3,614.64
2639,877,85,1,209.42
2640,877,35,-1,170.46
2641,878,74,1,427.63
2642,878,44,2,105.69
2643,878,119,4,696.06
2644,879,110,1,365.92
2645,880,56,4,614.64
2646,880,77,1,285.5
2647,880,51,4,546.45
2648,880,117,1,232.58
2649,880,114,2,302.11
2650,881,8,3,728.74
2651,881,79,1,-388.97
2652,881,83,3,413.04
2653,881,36,4,421.22
2654,881,11,2,216.7
2655,882,29,3,536.65
2656,882,82,4,348.27
2657,882,36,3,421.22
2658,883,86,3,333.09
2659,883,17,1,275.07
2660,883,77,4,285.5
2661,883,18,4,160.9
2662,884,99,3,734.38
2663,885,26,2,319.34
2664,885,59,2,584.4
2665,886,14,1,5.6
2666,886,60,2,429.31
2667,886,70,2,761.64
2668,886,119,1,696.06
2669,887,86,3,333.09
2670,887,41,2,117.93
2671,887,17,1,275.07
2672,887,60,3,429.31
2673,887,64,1,272.13
2674,888,66,1,810.21
2675,888,6,3,704.8
2676,888,105,2,16.05
2677,889,116,4,633.37
2678,889,60,2,429.31
2679,890,69,2,655.25
2680,890,106,4,469.58
2681,890,24,3,192.66
2682,890,14,4,5.6
2683,890,81,4,565.87
2684,891,109,2,677.52
2685,892,64,4,272.13
2686,893,31,2,271.16
2687,893,116,1,633.37
2688,893,52,1,684.74
2689,893,67,2,650.54
2690,894,12,-1,853.06
2691,894,51,4,546.45
2692,895,10,2,520.23
2693,895,74,4,427.63
2694,896,31,3,271.16
2695,896,56,1,614.64
2696,896,80,2,803.34
2697,897,85,4,209.42
2698,897,108,3,580.83
2699,898,66,1,810.21
2700,898,71,4,119.5
2701,898,81,4,565.87
2702,898,9,1,94.61
2703,898,83,4,413.04
2704,899,99,4,734.38
2705,899,85,1,209.42
2706,899,24,1,192.66
2707,899,4,4,373.72
2708,899,120,4,8.87
2709,900,108,2,580.83
2710,900,107,2,314.44
2711,901,83,2,413.04
2712,901,24,3,192.66
2713,901,88,3,378.0
2714,901,81,4,565.87
2715,902,22,3,130.87
2716,903,120,4,8.87
2717,903,68,4,352.5
2718,904,88,3,378.0
2719,904,69,2,655.25
2720,905,88,3,378.0
2721,906,22,2,130.87
2722,906,74,2,427.63
2723,906,52,3,684.74
2724,906,76,1,133.18
2725,907,50,3,125.27
2726,907,109,3,677.52
2727,907,72,3,590.71
2728,908,10,4,520.23
2729,908,119,2,696.06
2730,908,107,3,314.44
2731,908,15,3,58.29
2732,908,117,1,232.58
2733,909,106,1,469.58
2734,909,42,2,291.17
2735,909,26,2,319.34
2736,910,109,3,677.52
2737,910,41,2,117.93
2738,910,6,1,704.8
2739,910,3,1,404.17
2740,911,90,4,379.84
2741,912,17,3,275.07
2742,912,31,2,271.16
2743,912,109,4,677.52
2744,913,57,2,313.09
2745,913,36,3,421.22
2746,913,39,3,431.24
2747,913,111,3,771.64
2748,913,22,4,130.87
2749,914,117,4,232.58
2750,914,16,1,864.69
2751,914,11,1,216.7
2752,914,104,1,828.75
2753,914,89,3,627.19
2754,915,103,3,552.16
2755,916,82,2,348.27
2756,916,55,3,826.63
2757,917,19,2,600.64
2758,917,64,4,272.13
2759,917,109,3,677.52
2760,917,89,2,627.19
2761,918,37,2,602.98
2762,918,27,2,408.89
2763,918,9,1,94.61
2764,919,81,3,565.87
2765,920,34,4,280.97
2766,920,63,2,366.59
2767,920,21,1,167.95
2768,920,27,2,408.89
2769,921,72,4,590.71
2770,921,81,2,565.87
2771,921,35,1,170.46
2772,922,94,4,138.47
2773,922,14,2,5.6
2774,923,26,2,319.34
2775,923,57,2,313.09
2776,924,117,2,232.58
2777,924,79,4,-388.97
2778,924,28,1,71.4
2779,924,95,2,581.67
2780,924,53,2,283.45
2781,925,110,3,365.92
2782,925,115,1,107.04
2783,925,70,4,761.64
2784,925,27,4,408.89
2785,925,41,4,117.93
2786,926,79,2,-388.97
2787,926,92,0,634.57
2788,926,93,4,54.61
2789,926,15,2,58.29
2790,927,63,3,856.35
2791,927,91,2,707.35
2792,928,71,2,119.5
2793,929,67,4,650.54
2794,929,65,2,238.72
2795,929,111,3,771.64
2796,929,73,3,337.65
2797,930,26,1,319.34
2798,931,42,2,291.17
2799,931,15,1,58.29
2800,931,59,2,584.4
2801,931,9,2,94.61
2802,931,45,3,508.59
2803,932,25,1,350.4
2804,932,8,4,728.74
2805,932,79,4,-388.97
2806,932,106,1,469.58
2807,932,26,1,319.34
2808,933,53,2,283.45
2809,933,60,1,429.31
2810,933,97,4,665.98
2811,933,85,2,209.42
2812,934,98,2,299.14
2813,934,57,2,313.09
2814,934,120,3,8.87
2815,934,32,1,412.52
2816,934,26,3,319.34
2817,935,102,4,820.54
2818,936,20,3,20.31
2819,936,77,2,285.5
2820,937,104,1,828.75
2821,938,106,2,469.58
2822,938,3,1,404.17
2823,938,100,2,622.45
2824,938,13,3,162.11
2825,939,34,1,280.97
2826,940,16,4,864.69
2827,940,47,4,365.65
2828,940,79,2,-388.97
2829,940,21,1,167.95
2830,941,30,1,145.6
2831,941,17,3,275.07
2832,941,111,2,771.64
2833,941,37,1,602.98
2834,942,47,4,365.65
2835,942,117,3,232.58
2836,942,116,3,633.37
2837,942,52,3,684.74
2838,942,64,4,272.13
2839,943,60,1,429.31
2840,943,56,1,614.64
2841,943,1,1,50.31
2842,944,36,2,421.22
2843,944,98,1,299.14
2844,944,12,1,853.06
2845,944,63,3,137.57
2846,945,11,4,216.7
2847,945,26,2,319.34
2848,945,66,2,810.21
2849,945,6,1,704.8
2850,946,103,2,552.16
2851,946,52,2,684.74
2852,947,58,4,29.56
2853,947,55,4,826.63
2854,947,91,1,707.35
2855,948,119,4,696.06
2856,948,33,2,91.79
2857,948,108,1,580.83
2858,948,56,2,614.64
2859,949,13,1,162.11
2860,949,40,1,854.57
2861,949,43,4,771.67
2862,949,81,1,565.87
2863,950,9,3,94.61
2864,950,106,3,469.58
2865,950,92,1,634.57
2866,950,73,2,337.65
2867,950,97,1,665.98
2868,951,68,1,352.5
2869,951,64,4,272.13
2870,951,82,4,348.27
2871,951,29,3,536.65
2872,951,83,4,413.04
2873,952,35,3,170.46
2874,952,32,2,870.49
2875,952,30,3,145.6
2876,952,107,1,314.44
2877,952,23,4,740.38
2878,953,4,4,373.72
2879,953,28,4,71.4
2880,954,85,1,209.42
2881,954,86,3,333.09
2882,955,74,4,427.63
2883,955,66,1,810.21
2884,955,77,4,285.5
2885,955,65,3,238.72
2886,955,114,1,302.11
2887,956,21,1,167.95
2888,956,98,3,299.14
2889,957,70,2,761.64
2890,958,107,2,314.44
2891,959,120,2,8.87
2892,960,72,4,590.71
2893,960,116,4,633.37
2894,960,65,4,238.72
2895,960,20,1,532.0
2896,961,55,2,826.63
2897,961,15,3,58.29
2898,961,46,2,241.39
2899,961,6,4,704.8
2900,961,64,4,272.13
2901,962,119,4,696.06
2902,962,54,2,177.51
2903,962,90,4,379.84
2904,962,82,4,348.27
2905,962,37,2,602.98
2906,963,75,4,53.38
2907,963,98,0,299.14
2908,963,32,3,481.76
2909,964,51,4,546.45
2910,964,62,1,806.45
2911,964,20,1,71.09
2912,965,82,2,348.27
2913,965,105,1,16.05
2914,965,21,4,167.95
2915,965,106,1,469.58
2916,965,112,2,366.07
2917,966,117,2,232.58
2918,967,13,2,162.11
2919,967,55,3,826.63
2920,967,41,4,117.93
2921,967,84,1,896.53
2922,967,5,4,183.5
2923,968,74,1,427.63
2924,968,97,4,665.98
2925,968,70,2,761.64
2926,968,81,1,565.87
2927,968,6,4,704.8
2928,969,34,2,280.97
2929,969,70,4,761.64
2930,969,55,4,826.63
2931,969,79,4,-388.97
2932,970,103,1,552.16
2933,970,85,2,209.42
2934,970,7,2,247.03
2935,971,45,1,508.59
2936,972,104,2,828.75
2937,972,51,2,546.45
2938,972,27,3,408.89
2939,972,54,1,177.51
2940,972,41,1,117.93
2941,973,33,4,91.79
2942,973,23,3,740.38
2943,973,7,4,247.03
2944,973,38,4,757.5
2945,973,118,4,742.97
2946,974,97,1,665.98
2947,974,57,3,313.09
2948,974,44,2,105.69
2949,974,69,1,655.25
2950,975,101,2,123.59
2951,975,17,3,275.07
2952,975,110,1,365.92
2953,975,82,3,348.27
2954,976,21,2,167.95
2955,976,110,2,365.92
2956,976,24,4,192.66
2957,976,16,4,864.69
2958,977,4,3,373.72
2959,977,14,1,5.6
2960,977,11,3,216.7
2961,977,23,4,740.38
2962,978,62,2,806.45
2963,978,92,1,634.57
2964,978,64,3,272.13
2965,978,72,1,590.71
2966,979,10,2,520.23
2967,979,19,3,600.64
2968,979,94,4,138.47
2969,979,15,4,58.29
2970,980,48,2,623.0
2971,980,34,1,280.97
2972,981,7,4,247.03
2973,981,5,3,183.5
2974,981,87,4,536.55
2975,982,120,4,8.87
2976,982,92,4,634.57
2977,983,98,3,299.14
2978,983,27,2,408.89
2979,983,32,1,750.17
2980,983,86,4,333.09
2981,984,8,4,728.74
2982,984,103,1,552.16
2983,984,109,2,677.52
2984,984,9,2,94.61
2985,984,78,2,443.16
2986,985,66,1,810.21
2987,986,45,3,508.59
2988,986,23,3,740.38
2989,986,36,4,421.22
2990,986,33,2,91.79
2991,987,91,1,707.35
2992,987,101,3,123.59
2993,987,71,1,119.5
2994,987,14,4,5.6
2995,988,76,2,133.18
2996,988,68,1,352.5
2997,988,66,3,810.21
2998,988,100,2,622.45
2999,989,5,1,183.5
3000,989,104,4,828.75
3001,990,58,1,29.56
3002,990,21,1,167.95
3003,990,67,4,650.54
3004,990,31,2,271.16
3005,990,73,2,337.65
3006,991,22,1,130.87
3007,991,19,0,600.64
3008,992,56,1,614.64
3009,992,49,4,307.38
3010,992,15,0,58.29
3011,992,6,3,704.8
3012,993,38,1,757.5
3013,993,119,1,696.06
3014,993,41,3,117.93
3015,993,84,2,896.53
3016,993,32,3,884.28
3017,994,59,4,584.4
3018,995,49,1,307.38
3019,995,57,1,313.09
3020,995,107,4,314.44
3021,995,10,1,520.23
3022,995,43,4,771.67
3023,996,37,4,602.98
3024,996,1,1,50.31
3025,997,79,2,-388.97
3026,997,2,2,347.53
3027,997,48,2,623.0
3028,997,99,4,734.38
3029,997,72,4,590.71
3030,998,16,4,864.69
3031,998,61,1,549.46
3032,998,68,3,352.5
3033,998,88,4,378.0
3034,998,85,4,209.42
3035,999,3,2,404.17
3036,999,12,3,853.06
3037,1000,71,1,119.5
3038,1001,43,1,771.67
3039,1001,66,4,810.21
3040,1001,41,1,117.93
3041,1002,70,2,761.64
3042,1003,21,4,167.95
3043,1003,19,1,600.64
3044,1004,14,3,5.6
3045,1004,106,3,469.58
3046,1005,19,4,600.64
3047,1005,17,1,275.07
3048,1005,109,1,677.52
3049,1005,112,4,366.07
3050,1005,47,3,365.65
3051,1006,23,3,740.38
3052,1006,65,0,238.72
3053,1006,21,4,167.95
3054,1006,118,2,742.97
3055,1007,50,0,125.27
3056,1008,79,2,-388.97
3057,1009,96,3,732.78
3058,1010,6,4,704.8
3059,1010,5,4,183.5
3060,1011,113,3,590.85
3061,1012,67,2,650.54
3062,1012,60,4,429.31
3063,1012,53,3,283.45
3064,1012,76,4,133.18
3065,1012,72,4,590.71
3066,1013,104,1,828.75
3067,1013,40,1,854.57
3068,1014,29,4,536.65
3069,1014,88,2,378.0
3070,1014,24,3,192.66
3071,1014,9,2,94.61
3072,1015,56,2,614.64
3073,1015,5,2,183.5
3074,1015,96,3,732.78
3075,1015,55,2,826.63
3076,1015,58,2,29.56
3077,1016,43,3,771.67
3078,1017,80,3,803.34
3079,1017,43,2,771.67
3080,1017,46,2,241.39
3081,1017,11,1,216.7
3082,1018,94,1,138.47
3083,1018,4,1,373.72
3084,1018,86,1,333.09
3085,1019,43,3,771.67
3086,1019,104,4,828.75
3087,1020,48,3,623.0
3088,1020,118,1,742.97
3089,1020,30,1,145.6
3090,1020,41,2,117.93
3091,1020,105,3,16.05
3092,1021,11,3,216.7
3093,1022,34,3,280.97
3094,1022,57,3,313.09
3095,1022,82,4,348.27
3096,1022,114,4,302.11
3097,1022,80,2,803.34
3098,1023,83,2,413.04
3099,1023,4,1,373.72
3100,1023,117,4,232.58
3101,1024,16,1,864.69
3102,1024,1,4,50.31
3103,1024,36,3,421.22
3104,1024,45,3,508.59
3105,1024,17,1,275.07
3106,1025,117,3,232.58
3107,1025,48,3,623.0
3108,1026,51,4,546.45
3109,1027,62,2,806.45
3110,1027,34,3,280.97
3111,1027,6,2,704.8
3112,1027,100,2,622.45
3113,1028,111,1,771.64
3114,1028,29,4,536.65
3115,1028,3,2,404.17
3116,1029,49,3,307.38
3117,1029,41,4,117.93
3118,1030,85,2,209.42
3119,1030,74,2,427.63
3120,1031,83,4,413.04
3121,1032,117,1,232.58
3122,1032,53,1,283.45
3123,1032,66,4,810.21
3124,1032,33,2,91.79
3125,1032,32,1,612.1
3126,1033,72,2,590.71
3127,1033,102,4,820.54
3128,1033,70,4,761.64
3129,1033,58,2,29.56
3130,1033,42,2,291.17
3131,1034,33,4,91.79
3132,1035,103,3,552.16
3133,1036,13,2,162.11
3134,1036,83,1,413.04
3135,1037,14,4,5.6
3136,1037,99,3,734.38
3137,1037,15,1,58.29
3138,1037,65,3,238.72
3139,1038,72,1,590.71
3140,1038,67,3,650.54
3141,1038,6,4,704.8
3142,1038,91,2,707.35
3143,1039,103,3,552.16
3144,1039,66,3,810.21
3145,1040,21,2,167.95
3146,1040,1,2,50.31
3147,1040,7,2,247.03
3148,1040,23,2,740.38
3149,1041,119,1,696.06
3150,1041,96,3,732.78
3151,1042,17,1,275.07
3152,1043,64,2,272.13
3153,1043,46,1,241.39
3154,1043,109,2,677.52
3155,1043,120,2,8.87
3156,1044,88,1,378.0
3157,1045,13,1,162.11
3158,1045,79,2,-388.97
3159,1045,69,1,655.25
3160,1045,29,1,536.65
3161,1045,17,4,275.07
3162,1046,16,1,864.69
3163,1046,101,3,123.59
3164,1047,16,0,864.69
3165,1047,54,3,177.51
3166,1048,97,4,665.98
3167,1048,113,4,590.85
3168,1048,115,1,107.04
3169,1048,6,4,704.8
3170,1049,84,4,896.53
3171,1049,5,2,183.5
3172,1049,57,2,313.09
3173,1050,59,2,584.4
3174,1050,25,4,350.4
3175,1051,101,2,123.59
3176,1051,53,3,283.45
3177,1052,109,4,677.52
3178,1052,66,1,810.21
3179,1052,82,4,348.27
3180,1052,114,2,302.11
3181,1052,6,1,704.8
3182,1053,114,3,302.11
3183,1053,18,2,160.9
3184,1054,105,2,16.05
3185,1054,5,3,183.5
3186,1055,111,4,771.64
3187,1055,60,3,429.31
3188,1055,100,4,622.45
3189,1056,26,4,319.34
3190,1056,47,4,365.65
3191,1056,31,3,271.16
3192,1057,27,1,408.89
3193,1057,116,3,633.37
3194,1057,36,1,421.22
3195,1057,17,3,275.07
3196,1058,74,3,427.63
3197,1058,49,2,307.38
3198,1058,51,-1,546.45
3199,1059,7,2,247.03
3200,1059,86,2,333.09
3201,1059,34,1,280.97
3202,1060,53,2,283.45
3203,1060,29,1,536.65
3204,1060,85,1,209.42
3205,1060,99,3,734.38
3206,1060,59,2,584.4
3207,1061,41,3,117.93
3208,1061,21,3,167.95
3209,1061,27,2,408.89
3210,1062,7,2,247.03
3211,1062,15,1,58.29
3212,1062,64,4,272.13
3213,1062,25,2,350.4
3214,1063,53,1,283.45
3215,1063,25,1,350.4
3216,1063,60,1,429.31
3217,1064,4,3,373.72
3218,1065,110,2,365.92
3219,1065,88,2,378.0
3220,1065,23,2,740.38
3221,1065,94,1,138.47
3222,1066,68,1,352.5
3223,1066,104,2,828.75
3224,1066,81,2,565.87
3225,1066,89,4,627.19
3226,1067,77,2,285.5
3227,1068,46,2,241.39
3228,1068,106,2,469.58
3229,1068,115,4,107.04
3230,1068,111,2,771.64
3231,1068,85,-1,209.42
3232,1069,55,3,826.63
3233,1069,12,4,853.06
3234,1070,64,2,272.13
3235,1070,101,2,123.59
3236,1070,16,0,864.69
3237,1070,98,2,299.14
3238,1070,65,3,238.72
3239,1071,81,4,565.87
3240,1071,24,4,192.66
3241,1071,91,3,707.35
3242,1071,12,3,853.06
3243,1071,110,4,365.92
3244,1072,89,2,627.19
3245,1072,20,1,680.16
3246,1073,20,2,862.72
3247,1073,92,4,634.57
3248,1073,105,2,16.05
3249,1073,86,3,333.09
3250,1073,88,1,378.0
3251,1074,69,1,655.25
3252,1075,86,3,333.09
3253,1075,41,3,117.93
3254,1075,30,1,145.6
3255,1075,110,4,365.92
3256,1076,85,3,209.42
3257,1076,47,4,365.65
3258,1076,50,3,125.27
3259,1076,9,1,94.61
3260,1077,10,3,520.23
3261,1077,73,3,337.65
3262,1077,99,1,734.38
3263,1078,46,4,241.39
3264,1078,104,2,828.75
3265,1078,24,2,192.66
3266,1078,8,2,728.74
3267,1079,20,3,185.59
3268,1080,69,4,655.25
3269,1080,73,4,337.65
3270,1080,83,2,413.04
3271,1080,59,4,584.4
3272,1081,59,3,584.4
3273,1082,108,2,580.83
3274,1082,82,3,348.27
3275,1083,87,3,536.55
3276,1083,93,1,146.88
3277,1083,101,1,123.59
3278,1083,75,1,53.38
3279,1083,82,4,348.27
3280,1084,92,-1,634.57
3281,1085,64,4,272.13
3282,1085,52,3,684.74
3283,1085,39,1,431.24
3284,1085,74,2,427.63
3285,1086,53,2,283.45
3286,1087,73,2,337.65
3287,1087,55,4,826.63
3288,1087,79,3,-388.97
3289,1088,60,3,429.31
3290,1088,93,2,608.6
3291,1088,2,4,347.53
3292,1088,23,1,740.38
3293,1088,48,3,623.0
3294,1089,53,2,283.45
3295,1089,85,3,209.42
3296,1089,56,3,614.64
3297,1090,51,2,546.45
3298,1091,74,3,427.63
3299,1091,113,3,590.85
3300,1092,65,4,238.72
3301,1092,54,2,177.51
3302,1092,17,3,275.07
3303,1093,17,1,275.07
3304,1093,8,1,728.74
3305,1093,89,3,627.19
3306,1093,23,3,740.38
3307,1094,17,1,275.07
3308,1094,110,3,365.92
3309,1094,100,3,622.45
3310,1094,5,1,183.5
3311,1094,32,2,741.54
3312,1095,94,4,138.47
3313,1095,111,4,771.64
3314,1096,1,1,50.31
3315,1096,72,2,590.71
3316,1096,56,3,614.64
3317,1096,104,3,828.75
3318,1097,71,3,119.5
3319,1097,48,2,623.0
3320,1097,7,2,247.03
3321,1097,114,2,302.11
3322,1097,27,2,408.89
3323,1098,39,2,431.24
3324,1099,101,1,123.59
3325,1099,106,3,469.58
3326,1099,70,2,761.64
3327,1099,107,3,314.44
3328,1100,57,4,313.09
3329,1100,114,1,302.11
3330,1100,37,3,602.98
3331,1100,9,2,94.61
3332,1101,36,4,421.22
3333,1101,55,2,826.63
3334,1101,51,2,546.45
3335,1101,44,2,105.69
3336,1101,24,0,192.66
3337,1102,3,2,404.17
3338,1102,29,4,536.65
3339,1103,57,4,313.09
3340,1104,23,3,740.38
3341,1105,99,2,734.38
3342,1105,34,3,280.97
3343,1105,105,2,16.05
3344,1105,63,3,852.15
3345,1105,22,1,130.87
3346,1106,113,3,590.85
3347,1107,60,4,429.31
3348,1107,94,4,138.47
3349,1107,100,3,622.45
3350,1107,14,2,5.6
3351,1107,107,1,314.44
3352,1108,44,1,105.69
3353,1108,65,3,238.72
3354,1109,92,2,634.57
3355,1109,33,4,91.79
3356,1109,118,2,742.97
3357,1110,16,4,864.69
3358,1111,7,1,247.03
3359,1111,86,1,333.09
3360,1111,118,4,742.97
3361,1111,115,1,107.04
3362,1111,116,2,633.37
3363,1112,95,1,581.67
3364,1112,114,2,302.11
3365,1112,115,4,107.04
3366,1113,47,3,365.65
3367,1114,76,4,133.18
3368,1114,113,2,590.85
3369,1114,83,1,413.04
3370,1115,40,4,854.57
3371,1116,2,3,347.53
3372,1116,111,4,771.64
3373,1117,33,2,91.79
3374,1117,80,2,803.34
3375,1117,90,3,379.84
3376,1117,116,3,633.37
3377,1118,73,4,337.65
3378,1118,20,4,79.91
3379,1118,3,2,404.17
3380,1119,42,4,291.17
3381,1120,30,2,145.6
3382,1120,56,2,614.64
3383,1120,32,3,858.78
3384,1120,60,1,429.31
3385,1121,44,1,105.69
3386,1121,13,1,162.11
3387,1121,25,2,350.4
3388,1121,27,2,408.89
3389,1121,93,1,140.89
3390,1122,92,3,634.57
3391,1123,115,1,107.04
3392,1123,2,3,347.53
3393,1123,14,1,5.6
3394,1124,119,4,696.06
3395,1124,65,4,238.72
3396,1124,118,3,742.97
3397,1124,120,4,8.87
3398,1124,64,3,272.13
3399,1125,38,2,757.5
3400,1125,85,2,209.42
3401,1126,89,3,627.19
3402,1126,9,3,94.61
3403,1126,6,1,704.8
3404,1127,20,3,476.52
3405,1127,106,2,469.58
3406,1127,98,2,299.14
3407,1127,53,1,283.45
3408,1128,91,0,707.35
3409,1128,1,2,50.31
3410,1129,42,2,291.17
3411,1130,71,4,119.5
3412,1130,89,2,627.19
3413,1130,21,1,167.95
3414,1131,120,2,8.87
3415,1131,32,2,453.92
3416,1131,110,4,365.92
3417,1131,30,2,145.6
3418,1132,117,4,232.58
3419,1132,104,4,828.75
3420,1132,97,4,665.98
3421,1132,106,0,469.58
3422,1132,99,2,734.38
3423,1133,13,2,162.11
3424,1133,87,2,536.55
3425,1134,52,4,684.74
3426,1135,22,1,130.87
3427,1135,1,3,50.31
3428,1135,82,1,348.27
3429,1135,116,4,633.37
3430,1135,120,4,8.87
3431,1136,110,3,365.92
3432,1136,69,4,655.25
3433,1136,83,1,413.04
3434,1136,32,2,342.29
3435,1136,70,4,761.64
3436,1137,58,2,29.56
3437,1137,27,2,408.89
3438,1137,40,4,854.57
3439,1138,3,2,404.17
3440,1138,57,4,313.09
3441,1138,35,3,170.46
3442,1138,81,4,565.87
3443,1138,61,4,549.46
3444,1139,72,3,590.71
3445,1139,46,1,241.39
3446,1139,88,2,378.0
3447,1140,108,3,580.83
3448,1140,59,1,584.4
3449,1140,67,3,650.54
3450,1141,85,4,209.42
3451,1141,82,3,348.27
3452,1142,6,1,704.8
3453,1142,51,2,546.45
3454,1142,52,3,684.74
3455,1142,38,1,757.5
3456,1143,62,2,806.45
3457,1143,40,4,854.57
3458,1143,86,1,333.09
3459,1144,101,0,123.59
3460,1144,48,3,623.0
3461,1144,118,4,742.97
3462,1144,2,3,347.53
3463,1145,99,4,734.38
3464,1145,73,3,337.65
3465,1145,25,1,350.4
3466,1146,54,1,177.51
3467,1146,113,2,590.85
3468,1147,33,1,91.79
3469,1147,17,3,275.07
3470,1147,77,4,285.5
3471,1148,19,1,600.64
3472,1148,101,3,123.59
3473,1148,100,4,622.45
3474,1148,17,2,275.07
3475,1149,2,3,347.53
3476,1149,43,1,771.67
3477,1149,31,3,271.16
3478,1149,28,4,71.4
3479,1149,120,3,8.87
3480,1150,109,2,677.52
3481,1151,14,0,5.6
3482,1151,22,4,130.87
3483,1152,119,2,696.06
3484,1152,100,4,622.45
3485,1153,71,2,119.5
3486,1153,42,3,291.17
3487,1153,22,3,130.87
3488,1154,48,1,623.0
3489,1154,79,1,-388.97
3490,1154,11,1,216.7
3491,1154,58,1,29.56
3492,1155,46,2,241.39
3493,1155,99,3,734.38
3494,1156,59,2,584.4
3495,1156,26,2,319.34
3496,1156,34,1,280.97
3497,1156,38,1,757.5
3498,1156,109,4,677.52
3499,1157,24,4,192.66
3500,1157,55,2,826.63
3501,1157,120,1,8.87
3502,1157,5,2,183.5
3503,1157,66,4,810.21
3504,1158,24,3,192.66
3505,1158,16,2,864.69
3506,1158,57,2,313.09
3507,1159,46,4,241.39
3508,1160,96,4,732.78
3509,1160,49,1,307.38
3510,1160,120,2,8.87
3511,1160,21,4,167.95
3512,1161,7,1,247.03
3513,1161,79,1,-388.97
3514,1161,76,3,133.18
3515,1162,21,1,167.95
3516,1162,13,4,162.11
3517,1162,91,3,707.35
3518,1163,39,4,431.24
3519,1163,80,4,803.34
3520,1163,97,3,665.98
3521,1163,116,4,633.37
3522,1163,108,3,580.83
3523,1164,10,4,520.23
3524,1164,57,1,313.09
3525,1165,116,3,633.37
3526,1165,11,3,216.7
3527,1165,60,3,429.31
3528,1165,2,1,347.53
3529,1166,51,2,546.45
3530,1166,67,2,650.54
3531,1166,14,3,5.6
3532,1166,11,1,216.7
3533,1166,24,2,192.66
3534,1167,2,2,347.53
3535,1167,114,4,302.11
3536,1167,106,1,469.58
3537,1167,3,2,404.17
3538,1167,95,4,581.67
3539,1168,96,1,732.78
3540,1168,65,4,238.72
3541,1168,69,1,655.25
3542,1169,16,2,864.69
3543,1170,40,3,854.57
3544,1170,18,2,160.9
3545,1170,83,1,413.04
3546,1170,111,3,771.64
3547,1171,8,3,728.74
3548,1171,113,4,590.85
3549,1171,18,1,160.9
3550,1172,18,2,160.9
3551,1172,118,4,742.97
3552,1172,57,2,313.09
3553,1172,11,1,216.7
3554,1173,12,4,853.06
3555,1173,47,1,365.65
3556,1173,82,4,348.27
3557,1173,38,2,757.5
3558,1174,38,1,757.5
3559,1174,32,2,167.62
3560,1174,51,1,546.45
3561,1174,87,4,536.55
3562,1175,67,4,650.54
3563,1175,11,3,216.7
3564,1176,42,3,291.17
3565,1176,82,3,348.27
3566,1176,115,3,107.04
3567,1176,27,3,408.89
3568,1177,34,2,280.97
3569,1178,87,1,536.55
3570,1178,35,2,170.46
3571,1178,59,2,584.4
3572,1179,81,2,565.87
3573,1179,89,3,627.19
3574,1179,118,4,742.97
3575,1179,1,3,50.31
3576,1179,73,3,337.65
3577,1180,109,1,677.52
3578,1180,63,2,871.2
3579,1181,100,1,622.45
3580,1181,93,2,685.2
3581,1181,99,1,734.38
3582,1182,29,3,536.65
3583,1182,94,-1,138.47
3584,1182,30,1,145.6
3585,1182,28,1,71.4
3586,1182,52,1,684.74
3587,1183,51,3,546.45
3588,1183,18,2,160.9
3589,1184,79,1,-388.97
3590,1185,3,1,404.17
3591,1186,48,1,623.0
3592,1186,100,4,622.45
3593,1186,31,3,271.16
3594,1187,4,4,373.72
3595,1187,76,4,133.18
3596,1187,94,4,138.47
3597,1187,95,2,581.67
3598,1188,23,1,740.38
3599,1188,54,1,177.51
3600,1189,61,1,549.46
3601,1190,5,3,183.5
3602,1191,26,-1,319.34
3603,1191,53,4,283.45
3604,1191,70,1,761.64
3605,1192,4,4,373.72
3606,1193,14,2,5.6
3607,1194,64,1,272.13
3608,1194,19,3,600.64
3609,1194,24,3,192.66
3610,1194,16,1,864.69
3611,1195,40,1,854.57
3612,1195,32,2,684.81
3613,1195,53,3,283.45
3614,1196,2,2,347.53
3615,1196,19,3,600.64
3616,1196,44,2,105.69
3617,1196,24,1,192.66
3618,1197,49,1,307.38
3619,1197,79,2,-388.97
3620,1198,11,3,216.7
3621,1198,84,1,896.53
3622,1198,60,2,429.31
3623,1198,78,3,443.16
3624,1199,14,1,5.6
3625,1200,97,4,665.98
3626,1200,90,4,379.84
3627,1200,37,4,602.98
3628,1200,94,4,138.47
3629,1201,4,2,373.72
3630,1201,66,1,810.21
3631,1201,96,1,732.78
3632,1202,52,2,684.74
3633,1203,36,3,421.22
3634,1203,70,3,761.64
3635,1204,53,2,283.45
3636,1204,41,1,117.93
3637,1204,36,2,421.22
3638,1204,56,4,614.64
3639,1204,24,2,192.66
3640,1205,8,1,728.74
3641,1206,31,0,271.16
3642,1206,76,1,133.18
3643,1206,15,4,58.29
3644,1206,79,1,-388.97
3645,1207,106,2,469.58
3646,1207,31,2,271.16
3647,1208,95,-1,581.67
3648,1208,92,3,634.57
3649,1208,80,1,803.34
3650,1208,6,4,704.8
3651,1209,66,4,810.21
3652,1209,36,1,421.22
3653,1209,88,2,378.0
3654,1209,29,1,536.65
3655,1209,32,1,597.62
3656,1210,104,3,828.75
3657,1210,40,1,854.57
3658,1210,20,2,219.05
3659,1210,3,4,404.17
3660,1210,25,4,350.4
3661,1211,111,4,771.64
3662,1211,52,1,684.74
3663,1211,56,2,614.64
3664,1212,89,2,627.19
3665,1213,20,4,480.13
3666,1214,60,3,429.31
3667,1214,30,2,145.6
3668,1215,38,1,757.5
3669,1216,15,2,58.29
3670,1216,88,3,378.0
3671,1216,54,1,177.51
3672,1216,9,4,94.61
3673,1216,81,1,565.87
3674,1217,11,2,216.7
3675,1218,26,2,319.34
3676,1218,116,4,633.37
3677,1219,64,4,272.13
3678,1220,84,2,896.53
3679,1220,23,4,740.38
3680,1220,115,3,107.04
3681,1221,93,2,281.66
3682,1221,96,2,732.78
3683,1221,103,3,552.16
3684,1221,81,4,565.87
3685,1222,106,2,469.58
3686,1222,59,1,584.4
3687,1223,20,1,561.14
3688,1223,110,4,365.92
3689,1223,17,4,275.07
3690,1223,36,4,421.22
3691,1224,75,2,53.38
3692,1224,8,1,728.74
3693,1225,19,3,600.64
3694,1225,17,2,275.07
3695,1225,31,3,271.16
3696,1226,12,4,853.06
3697,1226,44,3,105.69
3698,1227,103,1,552.16
3699,1227,37,1,602.98
3700,1227,83,4,413.04
3701,1228,30,3,145.6
3702,1228,40,2,854.57
3703,1228,29,3,536.65
3704,1228,44,4,105.69
3705,1229,6,2,704.8
3706,1230,103,2,552.16
3707,1231,55,2,826.63
3708,1231,1,4,50.31
3709,1231,106,1,469.58
3710,1231,31,1,271.16
3711,1231,64,2,272.13
3712,1232,2,2,347.53
3713,1233,96,4,732.78
3714,1233,13,4,162.11
3715,1233,76,1,133.18
3716,1233,106,4,469.58
3717,1234,93,3,584.96
3718,1235,118,1,742.97
3719,1235,2,4,347.53
3720,1235,81,3,565.87
3721,1236,67,2,650.54
3722,1236,96,1,732.78
3723,1236,1,4,50.31
3724,1236,61,4,549.46
3725,1237,17,2,275.07
3726,1237,115,4,107.04
3727,1238,58,4,29.56
3728,1239,87,3,536.55
3729,1240,86,2,333.09
3730,1240,112,2,366.07
3731,1240,38,4,757.5
3732,1241,78,3,443.16
3733,1241,86,3,333.09
3734,1241,98,4,299.14
3735,1241,49,4,307.38
3736,1242,90,2,379.84
3737,1242,96,1,732.78
3738,1242,113,4,590.85
3739,1243,26,1,319.34
3740,1243,47,3,365.65
3741,1244,69,3,655.25
3742,1244,111,3,771.64
3743,1244,29,2,536.65
3744,1244,74,3,427.63
3745,1244,18,4,160.9
3746,1245,13,1,162.11
3747,1245,48,3,623.0
3748,1246,30,3,145.6
3749,1246,86,1,333.09
3750,1247,54,4,177.51
3751,1247,34,4,280.97
3752,1247,99,1,734.38
3753,1247,20,2,292.24
3754,1248,117,1,232.58
3755,1248,64,3,272.13
3756,1248,43,4,771.67
3757,1248,104,3,828.75
3758,1249,21,1,167.95
3759,1249,30,3,145.6
3760,1249,94,3,138.47
3761,1249,50,4,125.27
3762,1250,27,4,408.89
3763,1250,8,4,728.74
3764,1250,106,4,469.58
3765,1250,65,2,238.72
3766,1251,68,2,352.5
3767,1251,3,3,404.17
3768,1252,7,3,247.03
3769,1252,21,4,167.95
3770,1252,73,4,337.65
3771,1252,23,4,740.38
3772,1253,2,4,347.53
3773,1253,58,2,29.56
3774,1254,118,2,742.97
3775,1254,52,2,684.74
3776,1254,61,4,549.46
3777,1254,54,4,177.51
3778,1254,89,4,627.19
3779,1255,76,1,133.18
3780,1255,87,3,536.55
3781,1255,30,0,145.6
3782,1255,23,2,740.38
3783,1256,55,3,826.63
3784,1256,33,3,91.79
3785,1256,100,1,622.45
3786,1256,2,4,347.53
3787,1257,31,3,271.16
3788,1258,24,2,192.66
3789,1258,8,2,728.74
3790,1259,55,1,826.63
3791,1259,78,1,443.16
3792,1259,16,2,864.69
3793,1259,63,3,245.03
3794,1260,107,4,314.44
3795,1261,73,1,337.65
3796,1261,102,3,820.54
3797,1261,71,4,119.5
3798,1261,2,1,347.53
3799,1262,118,2,742.97
3800,1263,88,3,378.0
3801,1263,2,2,347.53
3802,1263,5,4,183.5
3803,1264,21,4,167.95
3804,1264,73,2,337.65
3805,1264,36,1,421.22
3806,1264,101,1,123.59
3807,1265,94,1,138.47
3808,1265,79,2,-388.97
3809,1265,105,2,16.05
3810,1265,71,2,119.5
3811,1265,42,4,291.17
3812,1266,39,4,431.24
3813,1267,59,2,584.4
3814,1267,111,3,771.64
3815,1268,3,1,404.17
3816,1268,58,4,29.56
3817,1268,93,1,448.16
3818,1269,73,2,337.65
3819,1270,113,1,590.85
3820,1270,105,1,16.05
3821,1270,31,2,271.16
3822,1271,32,1,729.57
3823,1271,46,3,241.39
3824,1272,29,4,536.65
3825,1273,97,2,665.98
3826,1273,100,2,622.45
3827,1274,4,2,373.72
3828,1274,45,3,508.59
3829,1274,73,1,337.65
3830,1274,96,1,732.78
3831,1274,95,3,581.67
3832,1275,64,2,272.13
3833,1275,52,4,684.74
3834,1276,100,2,622.45
3835,1276,111,3,771.64
3836,1276,35,1,170.46
3837,1276,83,2,413.04
3838,1276,12,1,853.06
3839,1277,110,2,365.92
3840,1277,36,4,421.22
3841,1277,61,1,549.46
3842,1277,41,2,117.93
3843,1278,1,2,50.31
3844,1279,25,2,350.4
3845,1280,13,2,162.11
3846,1280,35,1,170.46
3847,1280,27,1,408.89
3848,1281,17,2,275.07
3849,1281,48,1,623.0
3850,1281,89,2,627.19
3851,1281,95,3,581.67
3852,1281,33,3,91.79
3853,1282,99,4,734.38
3854,1282,70,4,761.64
3855,1282,62,2,806.45
3856,1283,46,1,241.39
3857,1283,13,4,162.11
3858,1283,112,3,366.07
3859,1283,80,3,803.34
3860,1284,68,2,352.5
3861,1284,25,3,350.4
3862,1284,107,4,314.44
3863,1284,95,2,581.67
3864,1284,70,3,761.64
3865,1285,95,4,581.67
3866,1285,48,2,623.0
3867,1285,11,0,216.7
3868,1286,58,4,29.56
3869,1286,23,3,740.38
3870,1286,71,1,119.5
3871,1287,73,1,337.65
3872,1287,74,4,427.63
3873,1287,23,4,740.38
3874,1288,75,3,53.38
3875,1289,79,1,-388.97
3876,1289,10,1,520.23
3877,1290,39,4,431.24
3878,1290,108,2,580.83
3879,1291,60,1,429.31
3880,1291,63,3,831.49
3881,1292,51,2,546.45
3882,1292,37,-1,602.98
3883,1293,85,1,209.42
3884,1293,19,2,600.64
3885,1293,110,-1,365.92
3886,1293,29,3,536.65
3887,1294,45,3,508.59
3888,1294,36,2,421.22
3889,1294,116,4,633.37
3890,1294,105,4,16.05
3891,1295,78,1,443.16
3892,1295,38,4,757.5
3893,1295,24,4,192.66
3894,1296,80,2,803.34
3895,1296,79,2,-388.97
3896,1296,73,2,337.65
3897,1296,25,2,350.4
3898,1297,45,3,508.59
3899,1297,55,4,826.63
3900,1297,100,4,622.45
3901,1298,49,2,307.38
3902,1298,108,1,580.83
3903,1299,84,1,896.53
3904,1300,62,2,806.45
3905,1300,95,3,581.67
3906,1300,35,1,170.46
3907,1301,7,4,247.03
3908,1301,40,3,854.57
3909,1301,63,3,414.04
3910,1301,109,4,677.52
3911,1302,113,4,590.85
3912,1302,54,2,177.51
3913,1302,33,4,91.79
3914,1303,67,3,650.54
3915,1304,119,-1,696.06
3916,1304,90,3,379.84
3917,1304,22,4,130.87
3918,1304,74,4,427.63
3919,1305,116,2,633.37
3920,1305,5,4,183.5
3921,1305,30,2,145.6
3922,1306,61,1,549.46
3923,1306,90,2,379.84
3924,1306,102,2,820.54
3925,1306,114,4,302.11
3926,1307,66,3,810.21
3927,1307,83,3,413.04
3928,1307,65,1,238.72
3929,1307,56,2,614.64
3930,1308,97,3,665.98
3931,1308,62,3,806.45
3932,1308,52,3,684.74
3933,1308,4,2,373.72
3934,1308,95,4,581.67
3935,1309,111,1,771.64
3936,1309,52,2,684.74
3937,1309,88,1,378.0
3938,1309,93,4,522.19
3939,1309,57,1,313.09
3940,1310,11,2,216.7
3941,1310,87,2,536.55
3942,1310,73,3,337.65
3943,1310,105,2,16.05
3944,1310,69,2,655.25
3945,1311,79,4,-388.97
3946,1311,34,2,280.97
3947,1311,22,2,130.87
3948,1312,89,4,627.19
3949,1312,3,4,404.17
3950,1312,15,1,58.29
3951,1312,37,4,602.98
3952,1312,46,3,241.39
3953,1313,85,1,209.42
3954,1313,101,1,123.59
3955,1313,32,1,454.28
3956,1314,87,3,536.55
3957,1314,15,1,58.29
3958,1315,43,1,771.67
3959,1316,53,3,283.45
3960,1316,81,1,565.87
3961,1317,59,2,584.4
3962,1318,107,3,314.44
3963,1318,39,1,431.24
3964,1318,108,1,580.83
3965,1319,81,4,565.87
3966,1319,36,4,421.22
3967,1319,12,1,853.06
3968,1319,10,4,520.23
3969,1320,68,2,352.5
3970,1321,119,2,696.06
3971,1321,54,3,177.51
3972,1322,43,4,771.67
3973,1322,67,1,650.54
3974,1322,88,3,378.0
3975,1323,53,1,283.45
3976,1323,77,2,285.5
3977,1324,58,1,29.56
3978,1324,52,4,684.74
3979,1324,106,-1,469.58
3980,1324,105,2,16.05
3981,1324,119,2,696.06
3982,1325,33,4,91.79
3983,1325,65,3,238.72
3984,1325,97,2,665.98
3985,1325,11,3,216.7
3986,1326,58,3,29.56
3987,1326,64,4,272.13
3988,1326,32,2,211.57
3989,1326,67,1,650.54
3990,1326,48,4,623.0
3991,1327,75,4,53.38
3992,1327,40,2,854.57
3993,1327,73,1,337.65
3994,1328,80,4,803.34
3995,1328,17,4,275.07
3996,1328,2,4,347.53
3997,1328,50,3,125.27
3998,1328,54,2,177.51
3999,1329,111,4,771.64
4000,1329,52,4,684.74
4001,1329,72,3,590.71
4002,1329,66,0,810.21
4003,1330,115,2,107.04
4004,1330,78,2,443.16
4005,1330,105,2,16.05
4006,1331,38,3,757.5
4007,1332,102,3,820.54
4008,1333,10,2,520.23
4009,1333,28,4,71.4
4010,1333,39,4,431.24
4011,1333,16,4,864.69
4012,1333,3,4,404.17
4013,1334,91,2,707.35
4014,1334,84,2,896.53
4015,1334,20,4,388.15
4016,1334,8,1,728.74
4017,1334,67,3,650.54
4018,1335,69,1,655.25
4019,1335,17,3,275.07
4020,1335,113,1,590.85
4021,1335,1,4,50.31
4022,1336,109,2,677.52
4023,1336,1,3,50.31
4024,1336,40,1,854.57
4025,1337,41,1,117.93
4026,1337,109,4,677.52
4027,1337,52,2,684.74
4028,1337,13,3,162.11
4029,1337,2,4,347.53
4030,1338,107,1,314.44
4031,1338,80,4,803.34
4032,1338,96,4,732.78
4033,1339,37,3,602.98
4034,1339,71,1,119.5
4035,1339,78,4,443.16
4036,1339,1,2,50.31
4037,1340,10,1,520.23
4038,1340,100,1,622.45
4039,1340,97,3,665.98
4040,1341,35,3,170.46
4041,1342,45,3,508.59
4042,1343,35,4,170.46
4043,1343,92,2,634.57
4044,1343,103,1,552.16
4045,1344,32,3,284.01
4046,1344,115,3,107.04
4047,1344,107,2,314.44
4048,1344,103,2,552.16
4049,1344,2,1,347.53
4050,1345,31,3,271.16
4051,1346,85,4,209.42
4052,1347,116,4,633.37
4053,1348,93,2,174.93
4054,1348,54,4,177.51
4055,1348,17,1,275.07
4056,1349,72,1,590.71
4057,1349,62,1,806.45
4058,1349,6,1,704.8
4059,1349,77,3,285.5
4060,1349,22,1,130.87
4061,1350,43,3,771.67
4062,1351,15,4,58.29
4063,1352,116,3,633.37
4064,1352,61,3,549.46
4065,1352,87,1,536.55
4066,1352,1,2,50.31
4067,1352,62,2,806.45
4068,1353,44,4,105.69
4069,1353,94,4,138.47
4070,1353,32,4,369.65
4071,1353,74,2,427.63
4072,1353,35,4,170.46
4073,1354,39,-1,431.24
4074,1354,3,4,404.17
4075,1354,17,1,275.07
4076,1354,48,1,623.0
4077,1354,63,2,12.48
4078,1355,35,0,170.46
4079,1355,108,1,580.83
4080,1355,2,2,347.53
4081,1355,80,2,803.34
4082,1356,99,3,734.38
4083,1356,59,3,584.4
4084,1357,92,4,634.57
4085,1357,69,4,655.25
4086,1357,56,3,614.64
4087,1357,6,3,704.8
4088,1357,18,2,160.9
4089,1358,66,1,810.21
4090,1358,12,1,853.06
4091,1359,98,4,299.14
4092,1359,43,2,771.67
4093,1359,51,3,546.45
4094,1360,31,4,271.16
4095,1361,38,4,757.5
4096,1362,47,3,365.65
4097,1363,55,4,826.63
4098,1364,17,3,275.07
4099,1364,23,2,740.38
4100,1364,33,3,91.79
4101,1365,28,3,71.4
4102,1365,13,4,162.11
4103,1365,88,3,378.0
4104,1366,69,3,655.25
4105,1366,51,4,546.45
4106,1366,56,4,614.64
4107,1366,96,1,732.78
4108,1366,120,2,8.87
4109,1367,71,4,119.5
4110,1367,1,2,50.31
4111,1367,48,4,623.0
4112,1367,88,1,378.0
4113,1368,47,2,365.65
4114,1368,56,2,614.64
4115,1368,63,4,615.93
4116,1368,31,2,271.16
4117,1368,28,4,71.4
4118,1369,120,4,8.87
4119,1369,103,2,552.16
4120,1369,115,4,107.04
4121,1369,59,2,584.4
4122,1370,18,2,160.9
4123,1371,79,2,-388.97
4124,1371,25,3,350.4
4125,1371,30,3,145.6
4126,1371,98,1,299.14
4127,1372,111,3,771.64
4128,1372,11,2,216.7
4129,1372,43,1,771.67
4130,1373,4,1,373.72
4131,1374,81,2,565.87
4132,1374,93,4,187.35
4133,1374,100,1,622.45
4134,1374,20,1,364.61
4135,1375,72,1,590.71
4136,1375,47,1,365.65
4137,1376,11,1,216.7
4138,1376,94,3,138.47
4139,1376,106,2,469.58
4140,1377,22,3,130.87
4141,1377,55,1,826.63
4142,1377,59,4,584.4
4143,1377,54,1,177.51
4144,1377,18,2,160.9
4145,1378,114,1,302.11
4146,1378,102,4,820.54
4147,1378,34,4,280.97
4148,1378,53,2,283.45
4149,1379,108,1,580.83
4150,1379,77,4,285.5
4151,1379,102,3,820.54
4152,1380,38,2,757.5
4153,1380,28,3,71.4
4154,1380,17,1,275.07
4155,1380,96,2,732.78
4156,1381,43,3,771.67
4157,1382,56,2,614.64
4158,1382,95,2,581.67
4159,1382,90,3,379.84
4160,1382,118,3,742.97
4161,1383,90,2,379.84
4162,1383,63,2,475.63
4163,1383,9,4,94.61
4164,1383,109,3,677.52
4165,1383,66,1,810.21
4166,1384,52,3,684.74
4167,1384,40,3,854.57
4168,1384,60,4,429.31
4169,1385,1,4,50.31
4170,1385,110,4,365.92
4171,1386,50,4,125.27
4172,1387,53,4,283.45
4173,1387,36,3,421.22
4174,1387,43,3,771.67
4175,1387,64,2,272.13
4176,1387,86,4,333.09
4177,1388,104,3,828.75
4178,1388,68,3,352.5
4179,1388,110,4,365.92
4180,1388,17,3,275.07
4181,1389,79,2,-388.97
4182,1389,61,2,549.46
4183,1389,120,4,8.87
4184,1389,38,4,757.5
4185,1389,1,2,50.31
4186,1390,53,1,283.45
4187,1390,25,3,350.4
4188,1391,6,3,704.8
4189,1391,103,2,552.16
4190,1392,2,1,347.53
4191,1392,75,4,53.38
4192,1392,99,4,734.38
4193,1392,56,3,614.64
4194,1392,82,2,348.27
4195,1393,41,4,117.93
4196,1393,118,4,742.97
4197,1393,6,4,704.8
4198,1394,74,1,427.63
4199,1394,33,1,91.79
4200,1395,103,2,552.16
4201,1396,60,2,429.31
4202,1397,61,4,549.46
4203,1397,37,3,602.98
4204,1397,69,1,655.25
4205,1397,56,1,614.64
4206,1398,67,3,650.54
4207,1398,97,4,665.98
4208,1398,93,3,381.14
4209,1398,17,2,275.07
4210,1398,108,2,580.83
4211,1399,97,4,665.98
4212,1399,36,2,421.22
4213,1399,22,4,130.87
4214,1399,59,1,584.4
4215,1399,54,2,177.51
4216,1400,119,4,696.06
4217,1400,115,2,107.04
4218,1400,103,2,552.16
4219,1400,98,3,299.14
4220,1400,12,3,853.06
4221,1401,18,2,160.9
4222,1401,59,4,584.4
4223,1402,61,1,549.46
4224,1402,87,4,536.55
4225,1403,104,3,828.75
4226,1403,60,1,429.31
4227,1403,58,4,29.56
4228,1404,70,4,761.64
4229,1404,80,4,803.34
4230,1404,88,3,378.0
4231,1404,6,3,704.8
4232,1404,108,1,580.83
4233,1405,65,4,238.72
4234,1405,34,1,280.97
4235,1406,52,1,684.74
4236,1406,88,3,378.0
4237,1406,14,1,5.6
4238,1406,24,4,192.66
4239,1406,15,1,58.29
4240,1407,50,1,125.27
4241,1407,92,1,634.57
4242,1407,98,2,299.14
4243,1407,109,2,677.52
4244,1408,85,4,209.42
4245,1408,120,2,8.87
4246,1408,109,1,677.52
4247,1408,56,3,614.64
4248,1408,39,4,431.24
4249,1409,89,4,627.19
4250,1409,58,1,29.56
4251,1409,2,2,347.53
4252,1410,87,2,536.55
4253,1410,116,4,633.37
4254,1410,5,2,183.5
4255,1410,46,3,241.39
4256,1411,40,1,854.57
4257,1412,109,4,677.52
4258,1412,7,4,247.03
4259,1412,26,4,319.34
4260,1413,113,4,590.85
4261,1413,112,2,366.07
4262,1413,58,3,29.56
4263,1413,80,3,803.34
4264,1414,4,2,373.72
4265,1414,118,4,742.97
4266,1414,98,4,299.14
4267,1415,62,4,806.45
4268,1415,28,2,71.4
4269,1415,98,3,299.14
4270,1416,85,2,209.42
4271,1416,57,4,313.09
4272,1417,72,3,590.71
4273,1417,48,2,623.0
4274,1417,118,3,742.97
4275,1418,69,4,655.25
4276,1418,32,1,819.78
4277,1418,75,3,53.38
4278,1419,96,3,732.78
4279,1419,81,1,565.87
4280,1419,74,4,427.63
4281,1420,2,2,347.53
4282,1420,21,1,167.95
4283,1420,115,1,107.04
4284,1421,86,1,333.09
4285,1421,62,3,806.45
4286,1421,50,2,125.27
4287,1422,69,3,655.25
4288,1422,52,2,684.74
4289,1423,120,4,8.87
4290,1423,96,2,732.78
4291,1423,4,2,373.72
4292,1424,1,2,50.31
4293,1425,18,2,160.9
4294,1426,116,2,633.37
4295,1427,95,4,581.67
4296,1427,3,3,404.17
4297,1427,13,3,162.11
4298,1427,61,4,549.46
4299,1427,111,3,771.64
4300,1428,117,3,232.58
4301,1428,47,4,365.65
4302,1428,56,1,614.64
4303,1428,113,2,590.85
4304,1429,95,4,581.67
4305,1429,116,3,633.37
4306,1429,83,2,413.04
4307,1430,39,1,431.24
4308,1431,44,2,105.69
4309,1431,9,3,94.61
4310,1431,94,3,138.47
4311,1432,1,2,50.31
4312,1432,39,3,431.24
4313,1432,61,1,549.46
4314,1432,97,4,665.98
4315,1432,31,2,271.16
4316,1433,28,1,71.4
4317,1433,9,3,94.61
4318,1433,18,4,160.9
4319,1434,65,1,238.72
4320,1434,7,4,247.03
4321,1434,8,1,728.74
4322,1435,62,1,806.45
4323,1435,69,1,655.25
4324,1435,53,1,283.45
4325,1435,22,1,130.87
4326,1436,98,1,299.14
4327,1436,59,1,584.4
4328,1436,108,4,580.83
4329,1437,2,1,347.53
4330,1437,52,2,684.74
4331,1438,117,3,232.58
4332,1438,90,2,379.84
4333,1438,3,1,404.17
4334,1439,10,2,520.23
4335,1439,33,4,91.79
4336,1439,41,2,117.93
4337,1440,5,3,183.5
4338,1441,13,1,162.11
4339,1442,13,3,162.11
4340,1442,25,4,350.4
4341,1442,30,1,145.6
4342,1442,83,2,413.04
4343,1442,23,3,740.38
4344,1443,65,3,238.72
4345,1443,52,3,684.74
4346,1444,25,1,350.4
4347,1444,35,3,170.46
4348,1444,23,4,740.38
4349,1444,96,4,732.78
4350,1445,23,2,740.38
4351,1445,80,1,803.34
4352,1445,61,2,549.46
4353,1446,98,3,299.14
4354,1446,115,1,107.04
4355,1446,50,4,125.27
4356,1446,21,1,167.95
4357,1447,21,4,167.95
4358,1447,37,3,602.98
4359,1447,113,4,590.85
4360,1448,17,3,275.07
4361,1448,98,2,299.14
4362,1448,82,4,348.27
4363,1448,113,2,590.85
4364,1449,26,2,319.34
4365,1449,96,2,732.78
4366,1449,81,3,565.87
4367,1449,71,3,119.5
4368,1450,19,2,600.64
4369,1450,38,1,757.5
4370,1450,73,3,337.65
4371,1450,61,1,549.46
4372,1450,76,2,133.18
4373,1451,49,4,307.38
4374,1451,8,1,728.74
4375,1452,72,2,590.71
4376,1453,51,3,546.45
4377,1453,101,4,123.59
4378,1453,26,3,319.34
4379,1454,97,2,665.98
4380,1454,52,4,684.74
4381,1454,27,-1,408.89
4382,1455,24,4,192.66
4383,1456,53,2,283.45
4384,1457,45,1,508.59
4385,1457,101,2,123.59
4386,1458,30,3,145.6
4387,1458,35,4,170.46
4388,1459,106,3,469.58
4389,1460,33,1,91.79
4390,1461,84,2,896.53
4391,1461,116,1,633.37
4392,1461,119,4,696.06
4393,1462,78,1,443.16
4394,1462,6,2,704.8
4395,1462,32,3,238.7
4396,1462,38,2,757.5
4397,1462,19,2,600.64
4398,1463,108,2,580.83
4399,1463,119,4,696.06
4400,1463,76,3,133.18
4401,1463,13,1,162.11
4402,1464,75,3,53.38
4403,1465,21,1,167.95
4404,1466,18,1,160.9
4405,1466,117,2,232.58
4406,1466,63,4,334.8
4407,1467,101,4,123.59
4408,1467,11,1,216.7
4409,1467,5,4,183.5
4410,1467,118,3,742.97
4411,1467,82,2,348.27
4412,1468,28,4,71.4
4413,1468,43,4,771.67
4414,1468,7,2,247.03
4415,1469,97,4,665.98
4416,1469,84,-1,896.53
4417,1470,77,3,285.5
4418,1470,91,3,707.35
4419,1470,79,2,-388.97
4420,1470,36,1,421.22
4421,1470,67,3,650.54
4422,1471,38,4,757.5
4423,1471,114,1,302.11
4424,1471,19,4,600.64
4425,1471,110,3,365.92
4426,1471,24,1,192.66
4427,1472,15,1,58.29
4428,1472,108,4,580.83
4429,1472,29,4,536.65
4430,1473,1,4,50.31
4431,1474,63,2,11.89
4432,1475,18,2,160.9
4433,1475,30,2,145.6
4434,1476,25,3,350.4
4435,1476,46,3,241.39
4436,1476,78,3,443.16
4437,1476,76,1,133.18
4438,1476,77,1,285.5
4439,1477,25,4,350.4
4440,1477,41,2,117.93
4441,1477,100,2,622.45
4442,1478,63,4,31.13
4443,1478,72,1,590.71
4444,1478,6,1,704.8
4445,1479,112,1,366.07
4446,1479,98,3,299.14
4447,1479,17,4,275.07
4448,1480,87,1,536.55
4449,1480,72,3,590.71
4450,1480,119,1,696.06
4451,1480,79,2,-388.97
4452,1480,29,1,536.65
4453,1481,106,4,469.58
4454,1481,93,1,302.07
4455,1482,90,3,379.84
4456,1482,99,1,734.38
4457,1482,3,4,404.17
4458,1483,55,1,826.63
4459,1483,2,4,347.53
4460,1483,49,2,307.38
4461,1483,9,3,94.61
4462,1483,94,1,138.47
4463,1484,9,1,94.61
4464,1484,39,2,431.24
4465,1484,76,3,133.18
4466,1484,116,4,633.37
4467,1484,71,2,119.5
4468,1485,111,1,771.64
4469,1485,117,2,232.58
4470,1485,24,2,192.66
4471,1485,42,2,291.17
4472,1486,15,3,58.29
4473,1486,93,4,298.22
4474,1486,43,3,771.67
4475,1487,104,2,828.75
4476,1487,49,1,307.38
4477,1487,2,2,347.53
4478,1487,21,2,167.95
4479,1487,36,3,421.22
4480,1488,118,2,742.97
4481,1488,104,1,828.75
4482,1488,18,2,160.9
4483,1488,68,4,352.5
4484,1488,50,1,125.27
4485,1489,39,1,431.24
4486,1490,76,4,133.18
4487,1490,23,2,740.38
4488,1491,16,2,864.69
4489,1491,108,1,580.83
4490,1492,13,1,162.11
4491,1492,86,2,333.09
4492,1492,75,2,53.38
4493,1492,7,4,247.03
4494,1493,56,2,614.64
4495,1493,13,3,162.11
4496,1493,49,3,307.38
4497,1494,94,4,138.47
4498,1495,94,2,138.47
4499,1495,103,1,552.16
4500,1495,28,4,71.4
4501,1496,94,0,138.47
4502,1496,37,3,602.98
4503,1496,108,3,580.83
4504,1496,32,1,604.71
4505,1497,23,4,740.38
4506,1497,85,1,209.42
4507,1497,61,2,549.46
4508,1498,103,1,552.16
4509,1499,4,4,373.72
4510,1499,50,2,125.27
4511,1499,81,2,565.87
4512,1499,106,4,469.58
4513,1500,93,4,450.68
4514,1500,37,1,602.98
4515,1500,83,2,413.04
4516,1500,66,2,810.21
4517,1500,48,1,623.0
4518,1501,73,2,337.65
4519,1501,117,1,232.58
4520,1501,90,3,379.84
4521,1501,20,4,191.77
4522,1501,112,4,366.07
4523,1502,53,3,283.45
4524,1502,44,2,105.69
4525,1502,73,1,337.65
4526,1502,10,1,520.23
4527,1503,111,3,771.64
4528,1503,102,2,820.54
4529,1503,113,3,590.85
4530,1503,29,3,536.65
4531,1504,41,4,117.93
4532,1504,120,3,8.87
4533,1504,97,3,665.98
4534,1504,50,2,125.27
4535,1505,40,4,854.57
4536,1506,69,1,655.25
4537,1506,119,1,696.06
4538,1506,43,2,771.67
4539,1506,110,4,365.92
4540,1507,57,3,313.09
4541,1507,75,1,53.38
4542,1507,100,1,622.45
4543,1507,28,3,71.4
4544,1507,33,2,91.79
4545,1508,37,3,602.98
4546,1509,90,4,379.84
4547,1509,84,2,896.53
4548,1509,7,2,247.03
4549,1510,89,3,627.19
4550,1510,8,4,728.74
4551,1511,86,4,333.09
4552,1511,18,1,160.9
4553,1512,115,3,107.04
4554,1513,27,2,408.89
4555,1513,97,4,665.98
4556,1514,78,1,443.16
4557,1514,52,-1,684.74
4558,1514,64,3,272.13
4559,1514,93,3,789.64
4560,1514,95,2,581.67
4561,1515,111,2,771.64
4562,1516,7,1,247.03
4563,1516,106,3,469.58
4564,1516,84,1,896.53
4565,1517,94,1,138.47
4566,1517,66,1,810.21
4567,1517,74,1,427.63
4568,1517,82,1,348.27
4569,1517,97,4,665.98
4570,1518,36,2,421.22
4571,1519,14,4,5.6
4572,1520,71,1,119.5
4573,1520,34,4,280.97
4574,1520,5,1,183.5
4575,1520,12,2,853.06
4576,1521,103,1,552.16
4577,1521,67,4,650.54
4578,1521,55,4,826.63
4579,1521,15,2,58.29
4580,1522,43,2,771.67
4581,1523,91,2,707.35
4582,1523,20,2,522.75
4583,1523,70,2,761.64
4584,1523,48,4,623.0
4585,1524,70,4,761.64
4586,1524,105,4,16.05
4587,1524,35,0,170.46
4588,1525,23,4,740.38
4589,1525,62,2,806.45
4590,1525,97,1,665.98
4591,1525,50,1,125.27
4592,1526,1,4,50.31
4593,1526,103,1,552.16
4594,1527,98,2,299.14
4595,1527,107,4,314.44
4596,1527,29,1,536.65
4597,1527,72,3,590.71
4598,1528,1,0,50.31
4599,1528,100,2,622.45
4600,1529,63,1,594.48
4601,1529,28,4,71.4
4602,1529,114,1,302.11
4603,1530,81,4,565.87
4604,1530,61,4,549.46
4605,1530,14,4,5.6
4606,1530,49,1,307.38
4607,1530,47,4,365.65
4608,1531,20,3,887.83
4609,1531,21,4,167.95
4610,1531,120,3,8.87
4611,1532,98,3,299.14
4612,1533,86,1,333.09
4613,1533,32,1,850.48
4614,1533,54,1,177.51
4615,1533,7,1,247.03
4616,1534,18,4,160.9
4617,1535,59,2,584.4
4618,1535,111,3,771.64
4619,1535,72,2,590.71
4620,1535,118,1,742.97
4621,1535,110,1,365.92
4622,1536,119,3,696.06
4623,1536,53,2,283.45
4624,1536,82,1,348.27
4625,1536,50,1,125.27
4626,1536,110,4,365.92
4627,1537,40,3,854.57
4628,1537,51,2,546.45
4629,1538,3,4,404.17
4630,1538,70,1,761.64
4631,1539,99,2,734.38
4632,1539,44,1,105.69
4633,1539,36,2,421.22
4634,1539,27,2,408.89
4635,1539,106,3,469.58
4636,1540,104,1,828.75
4637,1540,2,1,347.53
4638,1541,94,1,138.47
4639,1542,43,3,771.67
4640,1542,90,2,379.84
4641,1543,82,4,348.27
4642,1543,57,2,313.09
4643,1544,18,4,160.9
4644,1544,87,3,536.55
4645,1545,99,1,734.38
4646,1545,59,2,584.4
4647,1545,109,1,677.52
4648,1546,111,4,771.64
4649,1547,75,4,53.38
4650,1547,16,4,864.69
4651,1547,96,3,732.78
4652,1547,40,1,854.57
4653,1547,18,4,160.9
4654,1548,85,2,209.42
4655,1548,68,2,352.5
4656,1549,113,2,590.85
4657,1549,100,4,622.45
4658,1549,101,2,123.59
4659,1549,82,4,348.27
4660,1550,58,4,29.56
4661,1550,83,4,413.04
4662,1551,104,1,828.75
4663,1551,41,3,117.93
4664,1552,49,2,307.38
4665,1552,38,3,757.5
4666,1552,4,1,373.72
4667,1552,71,1,119.5
4668,1553,43,2,771.67
4669,1553,62,2,806.45
4670,1553,71,3,119.5
4671,1553,75,3,53.38
4672,1554,68,1,352.5
4673,1554,55,3,826.63
4674,1554,6,1,704.8
4675,1555,45,2,508.59
4676,1555,82,2,348.27
4677,1555,60,1,429.31
4678,1555,7,2,247.03
4679,1556,36,1,421.22
4680,1556,22,3,130.87
4681,1556,74,2,427.63
4682,1556,97,2,665.98
4683,1557,101,4,123.59
4684,1558,18,4,160.9
4685,1558,34,4,280.97
4686,1558,90,3,379.84
4687,1558,104,3,828.75
4688,1559,48,4,623.0
4689,1559,116,4,633.37
4690,1559,53,4,283.45
4691,1559,87,3,536.55
4692,1559,100,3,622.45
4693,1560,69,2,655.25
4694,1560,85,3,209.42
4695,1560,106,3,469.58
4696,1560,54,2,177.51
4697,1560,46,3,241.39
4698,1561,56,3,614.64
4699,1561,51,2,546.45
4700,1562,119,3,696.06
4701,1563,85,3,209.42
4702,1563,107,4,314.44
4703,1564,41,3,117.93
4704,1564,103,1,552.16
4705,1564,8,3,728.74
4706,1565,118,2,742.97
4707,1565,98,4,299.14
4708,1566,82,3,348.27
4709,1566,101,1,123.59
4710,1566,119,1,696.06
4711,1567,89,1,627.19
4712,1567,90,3,379.84
4713,1568,18,4,160.9
4714,1569,110,1,365.92
4715,1569,107,1,314.44
4716,1569,98,2,299.14
4717,1569,43,1,771.67
4718,1569,25,2,350.4
4719,1570,116,3,633.37
4720,1570,24,1,192.66
4721,1570,104,4,828.75
4722,1570,86,2,333.09
4723,1571,6,1,704.8
4724,1571,103,3,552.16
4725,1571,78,4,443.16
4726,1571,106,3,469.58
4727,1572,18,1,160.9
4728,1572,61,2,549.46
4729,1572,24,3,192.66
4730,1572,70,2,761.64
4731,1573,98,3,299.14
4732,1573,55,2,826.63
4733,1574,51,1,546.45
4734,1574,21,2,167.95
4735,1574,2,4,347.53
4736,1574,76,2,133.18
4737,1575,40,3,854.57
4738,1576,57,1,313.09
4739,1576,30,2,145.6
4740,1576,87,2,536.55
4741,1576,103,1,552.16
4742,1577,19,3,600.64
4743,1578,23,2,740.38
4744,1578,101,4,123.59
4745,1578,93,3,422.56
4746,1578,31,1,271.16
4747,1578,14,3,5.6
4748,1579,83,2,413.04
4749,1579,39,3,431.24
4750,1580,62,3,806.45
4751,1580,16,2,864.69
4752,1580,87,1,536.55
4753,1580,83,4,413.04
4754,1580,14,4,5.6
4755,1581,66,4,810.21
4756,1581,15,1,58.29
4757,1582,76,2,133.18
4758,1583,100,1,622.45
4759,1583,62,4,806.45
4760,1583,15,4,58.29
4761,1583,99,3,734.38
4762,1584,36,1,421.22
4763,1584,41,-1,117.93
4764,1584,7,2,247.03
4765,1585,113,3,590.85
4766,1585,8,4,728.74
4767,1585,22,1,130.87
4768,1586,35,4,170.46
4769,1586,53,3,283.45
4770,1587,13,2,162.11
4771,1587,6,1,704.8
4772,1587,10,3,520.23
4773,1587,114,2,302.11
4774,1587,32,1,282.89
4775,1588,99,2,734.38
4776,1589,29,2,536.65
4777,1589,54,1,177.51
4778,1589,108,4,580.83
4779,1589,2,4,347.53
4780,1590,6,3,704.8
4781,1590,3,3,404.17
4782,1591,31,1,271.16
4783,1591,35,3,170.46
4784,1591,72,2,590.71
4785,1591,47,3,365.65
4786,1592,47,3,365.65
4787,1592,34,4,280.97
4788,1592,120,4,8.87
4789,1593,57,1,313.09
4790,1593,58,4,29.56
4791,1594,98,4,299.14
4792,1594,107,1,314.44
4793,1594,49,4,307.38
4794,1594,119,1,696.06
4795,1595,22,2,130.87
4796,1596,39,4,431.24
4797,1596,101,4,123.59
4798,1596,51,0,546.45
4799,1597,81,1,565.87
4800,1597,86,3,333.09
4801,1598,34,3,280.97
4802,1598,62,4,806.45
4803,1598,4,4,373.72
4804,1598,108,4,580.83
4805,1599,63,2,208.17
4806,1599,88,1,378.0
4807,1600,15,1,58.29
4808,1600,85,2,209.42
4809,1600,83,1,413.04
4810,1600,22,1,130.87
4811,1600,62,2,806.45
4812,1601,16,1,864.69
4813,1601,67,4,650.54
4814,1601,25,4,350.4
4815,1601,3,4,404.17
4816,1602,115,4,107.04
4817,1602,37,1,602.98
4818,1602,75,2,53.38
4819,1602,79,1,-388.97
4820,1603,71,1,119.5
4821,1604,53,1,283.45
4822,1604,111,2,771.64
4823,1604,32,2,883.05
4824,1605,14,4,5.6
4825,1605,54,1,177.51
4826,1605,77,2,285.5
4827,1605,40,1,854.57
4828,1606,64,1,272.13
4829,1607,54,1,177.51
4830,1607,118,2,742.97
4831,1608,40,1,854.57
4832,1609,65,4,238.72
4833,1609,29,2,536.65
4834,1609,44,1,105.69
4835,1610,100,1,622.45
4836,1610,115,3,107.04
4837,1610,44,2,105.69
4838,1611,116,1,633.37
4839,1611,120,2,8.87
4840,1612,77,2,285.5
4841,1612,34,3,280.97
4842,1612,46,1,241.39
4843,1612,13,2,162.11
4844,1612,106,-1,469.58
4845,1613,55,4,826.63
4846,1613,90,3,379.84
4847,1613,85,1,209.42
4848,1613,40,2,854.57
4849,1613,47,4,365.65
4850,1614,54,4,177.51
4851,1615,58,2,29.56
4852,1615,4,2,373.72
4853,1615,62,1,806.45
4854,1615,89,2,627.19
4855,1616,89,2,627.19
4856,1617,40,1,854.57
4857,1617,116,1,633.37
4858,1617,2,3,347.53
4859,1618,21,3,167.95
4860,1619,45,1,508.59
4861,1619,90,4,379.84
4862,1619,115,3,107.04
4863,1619,12,-1,853.06
4864,1620,115,2,107.04
4865,1621,88,1,378.0
4866,1622,4,2,373.72
4867,1623,5,2,183.5
4868,1623,82,4,348.27
4869,1624,45,3,508.59
4870,1624,30,1,145.6
4871,1624,69,2,655.25
4872,1624,50,1,125.27
4873,1624,12,2,853.06
4874,1625,66,2,810.21
4875,1625,96,2,732.78
4876,1626,48,4,623.0
4877,1626,14,3,5.6
4878,1626,95,4,581.67
4879,1626,68,3,352.5
4880,1627,71,3,119.5
4881,1627,43,3,771.67
4882,1628,82,3,348.27
4883,1628,116,4,633.37
4884,1628,120,1,8.87
4885,1628,67,4,650.54
4886,1628,104,4,828.75
4887,1629,6,1,704.8
4888,1629,34,-1,280.97
4889,1629,59,3,584.4
4890,1630,83,4,413.04
4891,1630,52,3,684.74
4892,1630,86,4,333.09
4893,1630,49,4,307.38
4894,1630,67,1,650.54
4895,1631,117,2,232.58
4896,1631,11,3,216.7
4897,1631,4,4,373.72
4898,1631,98,4,299.14
4899,1632,94,1,138.47
4900,1632,65,3,238.72
4901,1632,55,2,826.63
4902,1632,3,2,404.17
4903,1632,88,3,378.0
4904,1633,42,1,291.17
4905,1633,98,4,299.14
4906,1633,117,2,232.58
4907,1634,10,2,520.23
4908,1634,61,4,549.46
4909,1634,107,1,314.44
4910,1634,90,3,379.84
4911,1635,55,4,826.63
4912,1635,96,3,732.78
4913,1635,23,1,740.38
4914,1635,97,2,665.98
4915,1636,26,2,319.34
4916,1636,42,1,291.17
4917,1636,66,1,810.21
4918,1636,45,2,508.59
4919,1637,1,3,50.31
4920,1637,98,3,299.14
4921,1638,7,3,247.03
4922,1638,115,1,107.04
4923,1638,28,4,71.4
4924,1638,50,3,125.27
4925,1639,96,2,732.78
4926,1639,95,1,581.67
4927,1639,92,2,634.57
4928,1639,32,3,382.39
4929,1640,114,4,302.11
4930,1641,114,4,302.11
4931,1641,18,3,160.9
4932,1641,50,4,125.27
4933,1641,32,3,869.73
4934,1642,108,3,580.83
4935,1642,65,3,238.72
4936,1642,92,4,634.57
4937,1643,50,4,125.27
4938,1643,60,3,429.31
4939,1643,54,1,177.51
4940,1643,72,4,590.71
4941,1644,41,4,117.93
4942,1645,83,1,413.04
4943,1646,20,3,475.16
4944,1646,31,3,271.16
4945,1646,96,4,732.78
4946,1646,38,3,757.5
4947,1646,93,2,121.46
4948,1647,111,1,771.64
4949,1648,75,3,53.38
4950,1648,97,1,665.98
4951,1648,86,4,333.09
4952,1649,96,3,732.78
4953,1649,58,1,29.56
4954,1650,66,3,810.21
4955,1650,63,4,587.54
4956,1650,86,4,333.09
4957,1650,1,2,50.31
4958,1651,76,1,133.18
4959,1651,48,2,623.0
4960,1651,3,0,404.17
4961,1651,68,2,352.5
4962,1651,83,3,413.04
4963,1652,23,3,740.38
4964,1652,118,1,742.97
4965,1652,20,1,341.6
4966,1652,9,3,94.61
4967,1653,59,3,584.4
4968,1653,94,4,138.47
4969,1653,95,3,581.67
4970,1654,118,2,742.97
4971,1654,93,4,755.27
4972,1655,62,1,806.45
4973,1655,39,3,431.24
4974,1655,13,-1,162.11
4975,1655,27,3,408.89
4976,1656,45,2,508.59
4977,1657,71,1,119.5
4978,1657,78,3,443.16
4979,1657,42,1,291.17
4980,1657,44,4,105.69
4981,1658,23,1,740.38
4982,1658,28,3,71.4
4983,1658,69,1,655.25
4984,1658,27,1,408.89
4985,1658,110,2,365.92
4986,1659,105,1,16.05
4987,1659,23,3,740.38
4988,1659,40,2,854.57
4989,1659,118,1,742.97
4990,1659,21,1,167.95
4991,1660,38,4,757.5
4992,1661,42,2,291.17
4993,1662,86,1,333.09
4994,1663,41,4,117.93
4995,1663,59,3,584.4
4996,1663,53,3,283.45
4997,1664,79,3,-388.97
4998,1664,110,1,365.92
4999,1664,116,1,633.37
5000,1664,77,1,285.5
5001,1665,12,2,853.06
5002,1665,3,3,404.17
5003,1665,8,1,728.74
5004,1665,115,2,107.04
5005,1665,97,2,665.98
5006,1666,84,4,896.53
5007,1666,101,4,123.59
5008,1667,96,0,732.78
5009,1668,81,2,565.87
5010,1668,59,1,584.4
5011,1668,7,4,247.03
5012,1668,91,3,707.35
5013,1668,26,4,319.34
5014,1669,12,2,853.06
5015,1669,38,1,757.5
5016,1669,43,1,771.67
5017,1670,37,1,602.98
5018,1671,114,4,302.11
5019,1671,62,4,806.45
5020,1671,34,3,280.97
5021,1672,65,3,238.72
5022,1672,43,1,771.67
5023,1672,56,3,614.64
5024,1672,51,3,546.45
5025,1672,89,2,627.19
5026,1673,45,2,508.59
5027,1673,55,4,826.63
5028,1673,90,1,379.84
5029,1673,117,2,232.58
5030,1674,72,1,590.71
5031,1674,49,4,307.38
5032,1675,79,2,-388.97
5033,1675,2,3,347.53
5034,1675,28,3,71.4
5035,1675,66,2,810.21
5036,1675,3,3,404.17
5037,1676,47,2,365.65
5038,1677,61,3,549.46
5039,1677,28,2,71.4
5040,1677,82,4,348.27
5041,1677,8,3,728.74
5042,1678,49,2,307.38
5043,1678,89,2,627.19
5044,1678,85,2,209.42
5045,1679,68,2,352.5
5046,1680,69,4,655.25
5047,1680,94,4,138.47
5048,1680,39,1,431.24
5049,1680,88,4,378.0
5050,1681,42,2,291.17
5051,1681,107,3,314.44
5052,1681,74,1,427.63
5053,1681,61,3,549.46
5054,1681,43,3,771.67
5055,1682,12,3,853.06
5056,1682,88,4,378.0
5057,1682,9,2,94.61
5058,1683,33,4,91.79
5059,1683,43,3,771.67
5060,1683,29,3,536.65
5061,1683,35,4,170.46
5062,1684,117,1,232.58
5063,1685,51,2,546.45
5064,1686,23,3,740.38
5065,1686,119,3,696.06
5066,1687,49,3,307.38
5067,1687,53,1,283.45
5068,1687,71,1,119.5
5069,1687,7,2,247.03
5070,1688,57,2,313.09
5071,1688,96,4,732.78
5072,1689,45,2,508.59
5073,1690,82,2,348.27
5074,1690,90,3,379.84
5075,1690,18,4,160.9
5076,1690,64,3,272.13
5077,1691,53,2,283.45
5078,1691,57,3,313.09
5079,1691,95,2,581.67
5080,1692,72,1,590.71
5081,1692,32,4,291.41
5082,1693,78,4,443.16
5083,1693,48,3,623.0
5084,1694,86,1,333.09
5085,1695,39,3,431.24
5086,1695,13,2,162.11
5087,1695,102,1,820.54
5088,1696,67,3,650.54
5089,1696,100,4,622.45
5090,1697,62,1,806.45
5091,1698,29,4,536.65
5092,1698,99,1,734.38
5093,1698,56,4,614.64
5094,1699,110,2,365.92
5095,1699,115,1,107.04
5096,1699,7,3,247.03
5097,1699,63,4,50.59
5098,1699,52,1,684.74
5099,1700,79,1,-388.97
5100,1700,34,3,280.97
5101,1700,31,4,271.16
5102,1701,14,3,5.6
5103,1701,29,4,536.65
5104,1701,44,4,105.69
5105,1702,31,2,271.16
5106,1702,111,3,771.64
5107,1703,47,4,365.65
5108,1703,119,2,696.06
5109,1703,65,3,238.72
5110,1703,13,1,162.11
5111,1704,57,1,313.09
5112,1704,1,3,50.31
5113,1704,39,4,431.24
5114,1705,38,3,757.5
5115,1705,16,3,864.69
5116,1706,5,2,183.5
5117,1706,16,4,864.69
5118,1706,60,1,429.31
5119,1706,4,1,373.72
5120,1707,74,1,427.63
5121,1707,102,4,820.54
5122,1707,83,2,413.04
5123,1707,35,3,170.46
5124,1708,104,4,828.75
5125,1708,100,2,622.45
5126,1708,31,2,271.16
5127,1708,86,4,333.09
5128,1708,71,3,119.5
5129,1709,59,2,584.4
5130,1710,105,2,16.05
5131,1710,14,1,5.6
5132,1710,97,1,665.98
5133,1711,30,2,145.6
5134,1711,56,4,614.64
5135,1711,52,1,684.74
5136,1711,109,3,677.52
5137,1711,87,1,536.55
5138,1712,103,4,552.16
5139,1712,47,2,365.65
5140,1713,31,3,271.16
5141,1713,115,1,107.04
5142,1713,94,4,138.47
5143,1713,61,1,549.46
5144,1714,81,3,565.87
5145,1714,85,4,209.42
5146,1714,22,1,130.87
5147,1715,51,4,546.45
5148,1715,98,3,299.14
5149,1715,41,3,117.93
5150,1716,67,1,650.54
5151,1717,25,3,350.4
5152,1717,66,2,810.21
5153,1717,3,1,404.17
5154,1717,88,2,378.0
5155,1718,111,3,771.64
5156,1718,64,2,272.13
5157,1718,11,1,216.7
5158,1719,15,2,58.29
5159,1720,113,3,590.85
5160,1720,100,4,622.45
5161,1720,51,1,546.45
5162,1720,118,4,742.97
5163,1721,1,4,50.31
5164,1721,62,1,806.45
5165,1721,54,2,177.51
5166,1722,72,1,590.71
5167,1722,7,2,247.03
5168,1722,85,2,209.42
5169,1722,39,3,431.24
5170,1723,11,2,216.7
5171,1723,52,1,684.74
5172,1723,5,3,183.5
5173,1723,42,1,291.17
5174,1723,92,4,634.57
5175,1724,58,1,29.56
5176,1724,88,3,378.0
5177,1724,7,1,247.03
5178,1724,16,2,864.69
5179,1724,71,4,119.5
5180,1725,77,2,285.5
5181,1726,18,2,160.9
5182,1727,102,1,820.54
5183,1727,36,2,421.22
5184,1727,66,3,810.21
5185,1728,1,4,50.31
5186,1729,118,2,742.97
5187,1729,33,3,91.79
5188,1729,49,2,307.38
5189,1730,12,3,853.06
5190,1730,74,4,427.63
5191,1731,13,4,162.11
5192,1731,64,2,272.13
5193,1731,119,4,696.06
5194,1731,11,1,216.7
5195,1732,43,1,771.67
5196,1733,42,3,291.17
5197,1733,27,4,408.89
5198,1733,31,4,271.16
5199,1733,58,4,29.56
5200,1733,50,1,125.27
5201,1734,108,4,580.83
5202,1734,11,1,216.7
5203,1735,43,3,771.67
5204,1735,117,3,232.58
5205,1735,97,1,665.98
5206,1735,64,3,272.13
5207,1736,108,1,580.83
5208,1736,15,4,58.29
5209,1737,115,3,107.04
5210,1737,47,4,365.65
5211,1737,105,1,16.05
5212,1737,75,4,53.38
5213,1737,92,4,634.57
5214,1738,60,4,429.31
5215,1738,20,4,193.02
5216,1738,66,3,810.21
5217,1739,88,3,378.0
5218,1739,49,1,307.38
5219,1739,68,4,352.5
5220,1740,101,4,123.59
5221,1740,71,4,119.5
5222,1740,61,3,549.46
5223,1740,5,2,183.5
5224,1741,24,4,192.66
5225,1741,113,1,590.85
5226,1741,96,4,732.78
5227,1741,104,3,828.75
5228,1741,98,4,299.14
5229,1742,37,2,602.98
5230,1742,26,2,319.34
5231,1743,105,4,16.05
5232,1743,91,3,707.35
5233,1743,114,1,302.11
5234,1743,4,3,373.72
5235,1744,12,3,853.06
5236,1744,18,1,160.9
5237,1744,65,4,238.72
5238,1745,32,1,329.08
5239,1745,14,3,5.6
5240,1745,15,1,58.29
5241,1746,62,4,806.45
5242,1747,93,2,227.94
5243,1747,76,1,133.18
5244,1748,72,2,590.71
5245,1748,52,2,684.74
5246,1748,54,4,177.51
5247,1749,33,2,91.79
5248,1750,118,3,742.97
5249,1750,86,0,333.09
5250,1750,74,2,427.63
5251,1750,51,1,546.45
5252,1751,88,1,378.0
5253,1751,11,2,216.7
5254,1751,20,1,799.26
5255,1752,80,1,803.34
5256,1752,18,3,160.9
5257,1752,85,2,209.42
5258,1752,111,3,771.64
5259,1753,58,1,29.56
5260,1753,33,4,91.79
5261,1753,36,3,421.22
5262,1753,22,2,130.87
5263,1753,106,3,469.58
5264,1754,91,1,707.35
5265,1754,83,3,413.04
5266,1754,2,2,347.53
5267,1754,55,4,826.63
5268,1754,7,3,247.03
5269,1755,47,1,365.65
5270,1756,45,2,508.59
5271,1756,10,2,520.23
5272,1757,58,2,29.56
5273,1757,108,3,580.83
5274,1757,1,1,50.31
5275,1757,107,3,314.44
5276,1757,35,1,170.46
5277,1758,116,4,633.37
5278,1759,39,4,431.24
5279,1759,72,4,590.71
5280,1760,23,3,740.38
5281,1761,91,2,707.35
5282,1761,102,3,820.54
5283,1761,60,3,429.31
5284,1761,62,3,806.45
5285,1762,47,4,365.65
5286,1762,61,3,549.46
5287,1762,15,1,58.29
5288,1762,44,1,105.69
5289,1763,38,4,757.5
5290,1763,61,1,549.46
5291,1764,62,2,806.45
5292,1764,54,2,177.51
5293,1765,119,2,696.06
5294,1765,5,2,183.5
5295,1766,117,1,232.58
5296,1767,24,1,192.66
5297,1767,105,3,16.05
5298,1767,51,1,546.45
5299,1767,40,1,854.57
5300,1768,95,2,581.67
5301,1768,35,2,170.46
5302,1768,58,3,29.56
5303,1768,103,4,552.16
5304,1768,40,4,854.57
5305,1769,22,2,130.87
5306,1769,56,4,614.64
5307,1770,73,1,337.65
5308,1770,3,4,404.17
5309,1770,74,3,427.63
5310,1770,5,4,183.5
5311,1770,91,2,707.35
5312,1771,23,1,740.38
5313,1771,83,4,413.04
5314,1771,32,1,401.36
5315,1772,40,4,854.57
5316,1772,30,3,145.6
5317,1773,66,2,810.21
5318,1773,61,2,549.46
5319,1774,30,2,145.6
5320,1774,36,2,421.22
5321,1774,44,1,105.69
5322,1774,32,2,430.7
5323,1775,8,2,728.74
5324,1775,31,3,271.16
5325,1776,63,1,324.05
5326,1777,82,3,348.27
5327,1777,90,3,379.84
5328,1777,7,4,247.03
5329,1778,17,3,275.07
5330,1779,109,2,677.52
5331,1780,94,3,138.47
5332,1780,89,3,627.19
5333,1781,46,4,241.39
5334,1781,64,2,272.13
5335,1781,16,2,864.69
5336,1782,86,3,333.09
5337,1783,59,4,584.4
5338,1784,65,4,238.72
5339,1784,104,4,828.75
5340,1784,46,3,241.39
5341,1784,86,2,333.09
5342,1785,14,1,5.6
5343,1786,77,4,285.5
5344,1786,20,1,190.37
5345,1787,72,1,590.71
5346,1787,67,4,650.54
5347,1788,120,1,8.87
5348,1788,77,4,285.5
5349,1788,6,4,704.8
5350,1788,45,2,508.59
5351,1789,21,1,167.95
5352,1789,106,3,469.58
5353,1789,1,2,50.31
5354,1789,93,3,20.87
5355,1790,78,3,443.16
5356,1790,57,3,313.09
5357,1790,114,3,302.11
5358,1790,67,2,650.54
5359,1791,49,4,307.38
5360,1791,68,1,352.5
5361,1791,66,3,810.21
5362,1791,93,1,277.36
5363,1792,32,1,824.9
5364,1792,119,4,696.06
5365,1792,97,2,665.98
5366,1793,98,2,299.14
5367,1793,102,4,820.54
5368,1793,28,2,71.4
5369,1794,101,3,123.59
5370,1794,21,4,167.95
5371,1794,108,1,580.83
5372,1794,54,2,177.51
5373,1794,14,1,5.6
5374,1795,44,3,105.69
5375,1796,108,4,580.83
5376,1796,27,2,408.89
5377,1796,73,4,337.65
5378,1796,109,4,677.52
5379,1796,64,-1,272.13
5380,1797,29,3,536.65
5381,1797,41,2,117.93
5382,1797,21,4,167.95
5383,1798,41,4,117.93
5384,1798,35,4,170.46
5385,1798,53,3,283.45
5386,1798,97,4,665.98
5387,1799,17,1,275.07
5388,1799,32,3,347.1
5389,1800,67,1,650.54
5390,1800,73,1,337.65
5391,1800,95,2,581.67
5392,1801,6,1,704.8
5393,1801,91,2,707.35
5394,1801,70,4,761.64
5395,1801,103,3,552.16
5396,1802,54,3,177.51
5397,1802,11,4,216.7
5398,1803,21,3,167.95
5399,1803,103,2,552.16
5400,1804,31,3,271.16
5401,1804,60,1,429.31
5402,1804,10,1,520.23
5403,1804,39,1,431.24
5404,1805,98,1,299.14
5405,1805,32,1,837.95
5406,1805,86,1,333.09
5407,1805,74,1,427.63
5408,1805,53,2,283.45
5409,1806,72,2,590.71
5410,1806,71,1,119.5
5411,1806,86,1,333.09
5412,1806,100,2,622.45
5413,1807,118,2,742.97
5414,1807,11,1,216.7
5415,1807,90,1,379.84
5416,1808,102,4,820.54
5417,1808,7,3,247.03
5418,1808,104,4,828.75
5419,1809,35,2,170.46
5420,1809,41,4,117.93
5421,1809,61,1,549.46
5422,1809,17,3,275.07
5423,1810,79,2,-388.97
5424,1810,118,1,742.97
5425,1810,68,4,352.5
5426,1810,58,3,29.56
5427,1810,1,4,50.31
5428,1811,45,1,508.59
5429,1811,30,4,145.6
5430,1811,9,1,94.61
5431,1811,90,4,379.84
5432,1812,50,3,125.27
5433,1813,49,3,307.38
5434,1813,100,1,622.45
5435,1813,82,2,348.27
5436,1813,75,1,53.38
5437,1813,105,1,16.05
5438,1814,84,3,896.53
5439,1814,62,3,806.45
5440,1815,57,1,313.09
5441,1816,22,1,130.87
5442,1817,36,3,421.22
5443,1817,30,4,145.6
5444,1817,86,3,333.09
5445,1817,85,2,209.42
5446,1818,32,1,626.77
5447,1818,117,2,232.58
5448,1818,1,4,50.31
5449,1819,31,3,271.16
5450,1819,14,2,5.6
5451,1819,59,4,584.4
5452,1819,28,2,71.4
5453,1820,85,2,209.42
5454,1820,32,4,599.07
5455,1820,107,3,314.44
5456,1821,118,1,742.97
5457,1821,78,3,443.16
5458,1821,50,1,125.27
5459,1821,57,2,313.09
5460,1822,44,4,105.69
5461,1822,4,2,373.72
5462,1823,69,1,655.25
5463,1823,89,3,627.19
5464,1823,77,1,285.5
5465,1823,58,2,29.56
5466,1823,2,2,347.53
5467,1824,96,3,732.78
5468,1824,75,1,53.38
5469,1824,20,2,52.96
5470,1824,47,1,365.65
5471,1825,105,3,16.05
5472,1826,99,1,734.38
5473,1826,96,1,732.78
5474,1826,80,1,803.34
5475,1827,86,1,333.09
5476,1827,49,4,307.38
5477,1827,107,2,314.44
5478,1828,87,2,536.55
5479,1828,114,4,302.11
5480,1828,60,3,429.31
5481,1828,81,4,565.87
5482,1829,113,1,590.85
5483,1829,18,1,160.9
5484,1830,107,2,314.44
5485,1830,4,3,373.72
5486,1831,76,4,133.18
5487,1831,9,2,94.61
5488,1831,53,1,283.45
5489,1831,109,2,677.52
5490,1831,60,3,429.31
5491,1832,49,2,307.38
5492,1832,114,3,302.11
5493,1833,54,3,177.51
5494,1833,98,2,299.14
5495,1833,33,4,91.79
5496,1833,34,4,280.97
5497,1833,39,1,431.24
5498,1834,91,4,707.35
5499,1834,67,3,650.54
5500,1834,4,3,373.72
5501,1834,42,1,291.17
5502,1834,72,4,590.71
5503,1835,119,1,696.06
5504,1835,46,1,241.39
5505,1836,114,4,302.11
5506,1836,93,1,175.27
5507,1837,76,2,133.18
5508,1837,73,2,337.65
5509,1837,63,3,768.17
5510,1837,60,3,429.31
5511,1837,99,1,734.38
5512,1838,10,1,520.23
5513,1839,19,4,600.64
5514,1839,46,1,241.39
5515,1839,51,3,546.45
5516,1839,84,3,896.53
5517,1840,51,2,546.45
5518,1840,32,2,894.82
5519,1840,5,2,183.5
5520,1841,88,2,378.0
5521,1841,92,4,634.57
5522,1841,67,4,650.54
5523,1841,68,3,352.5
5524,1842,109,2,677.52
5525,1842,3,3,404.17
5526,1842,71,1,119.5
5527,1842,38,2,757.5
5528,1843,80,3,803.34
5529,1843,94,1,138.47
5530,1844,80,3,803.34
5531,1845,89,1,627.19
5532,1845,7,1,247.03
5533,1846,30,3,145.6
5534,1846,1,3,50.31
5535,1846,91,4,707.35
5536,1846,116,2,633.37
5537,1846,25,4,350.4
5538,1847,91,4,707.35
5539,1847,51,4,546.45
5540,1847,29,4,536.65
5541,1847,16,0,864.69
5542,1848,50,1,125.27
5543,1849,101,1,123.59
5544,1849,95,1,581.67
5545,1849,43,3,771.67
5546,1850,13,1,162.11
5547,1850,16,1,864.69
5548,1850,46,4,241.39
5549,1851,48,2,623.0
5550,1851,21,2,167.95
5551,1851,90,1,379.84
5552,1852,45,3,508.59
5553,1852,118,3,742.97
5554,1853,47,1,365.65
5555,1853,6,2,704.8
5556,1853,99,3,734.38
5557,1853,14,4,5.6
5558,1853,12,4,853.06
5559,1854,36,2,421.22
5560,1854,69,3,655.25
5561,1854,76,1,133.18
5562,1854,3,4,404.17
5563,1855,115,3,107.04
5564,1855,29,3,536.65
5565,1855,48,2,623.0
5566,1855,90,3,379.84
5567,1855,43,4,771.67
5568,1856,76,1,133.18
5569,1856,103,3,552.16
5570,1856,71,2,119.5
5571,1856,29,3,536.65
5572,1857,115,4,107.04
5573,1857,109,1,677.52
5574,1857,46,1,241.39
5575,1857,68,2,352.5
5576,1857,74,2,427.63
5577,1858,35,4,170.46
5578,1858,59,1,584.4
5579,1859,88,4,378.0
5580,1860,78,2,443.16
5581,1860,97,3,665.98
5582,1860,82,1,348.27
5583,1860,62,2,806.45
5584,1860,74,4,427.63
5585,1861,94,4,138.47
5586,1861,83,1,413.04
5587,1861,72,3,590.71
5588,1862,2,4,347.53
5589,1862,83,3,413.04
5590,1862,1,3,50.31
5591,1862,61,3,549.46
5592,1862,31,3,271.16
5593,1863,96,2,732.78
5594,1863,55,3,826.63
5595,1864,89,4,627.19
5596,1865,27,1,408.89
5597,1865,118,4,742.97
5598,1865,79,3,-388.97
5599,1865,67,2,650.54
5600,1865,43,4,771.67
5601,1866,40,1,854.57
5602,1866,87,2,536.55
5603,1867,50,2,125.27
5604,1867,13,1,162.11
5605,1867,113,1,590.85
5606,1867,118,2,742.97
5607,1868,2,2,347.53
5608,1868,31,3,271.16
5609,1868,116,3,633.37
5610,1869,120,4,8.87
5611,1869,106,2,469.58
5612,1870,20,1,871.87
5613,1870,34,2,280.97
5614,1870,77,4,285.5
5615,1870,89,4,627.19
5616,1871,89,2,627.19
5617,1871,58,4,29.56
5618,1871,6,3,704.8
5619,1872,36,2,421.22
5620,1872,103,2,552.16
5621,1872,61,1,549.46
5622,1872,51,2,546.45
5623,1872,15,1,58.29
5624,1873,117,2,232.58
5625,1873,70,1,761.64
5626,1874,48,3,623.0
5627,1874,42,1,291.17
5628,1874,104,4,828.75
5629,1875,103,2,552.16
5630,1875,87,2,536.55
5631,1875,40,2,854.57
5632,1875,119,1,696.06
5633,1875,102,4,820.54
5634,1876,55,1,826.63
5635,1876,114,2,302.11
5636,1877,99,4,734.38
5637,1877,78,1,443.16
5638,1877,5,1,183.5
5639,1877,56,1,614.64
5640,1878,61,4,549.46
5641,1878,115,1,107.04
5642,1878,21,2,167.95
5643,1878,117,2,232.58
5644,1878,15,1,58.29
5645,1879,1,3,50.31
5646,1880,115,2,107.04
5647,1881,100,3,622.45
5648,1881,7,4,247.03
5649,1881,41,2,117.93
5650,1881,37,2,602.98
5651,1882,54,1,177.51
5652,1882,74,3,427.63
5653,1883,53,4,283.45
5654,1883,2,1,347.53
5655,1883,109,3,677.52
5656,1883,73,3,337.65
5657,1884,61,0,549.46
5658,1884,64,3,272.13
5659,1884,71,4,119.5
5660,1885,65,3,238.72
5661,1885,78,1,443.16
5662,1885,59,2,584.4
5663,1885,118,2,742.97
5664,1885,20,1,681.51
5665,1886,10,1,520.23
5666,1886,83,4,413.04
5667,1886,67,1,650.54
5668,1886,55,1,826.63
5669,1887,108,4,580.83
5670,1887,48,2,623.0
5671,1887,82,2,348.27
5672,1887,9,3,94.61
5673,1887,19,3,600.64
5674,1888,11,1,216.7
5675,1889,61,1,549.46
5676,1890,22,4,130.87
5677,1890,6,1,704.8
5678,1890,62,3,806.45
5679,1891,90,3,379.84
5680,1891,20,1,65.29
5681,1891,83,1,413.04
5682,1891,117,1,232.58
5683,1892,93,0,137.98
5684,1893,91,2,707.35
5685,1893,88,1,378.0
5686,1894,61,3,549.46
5687,1894,35,4,170.46
5688,1894,83,4,413.04
5689,1894,59,3,584.4
5690,1894,87,2,536.55
5691,1895,11,1,216.7
5692,1895,52,2,684.74
5693,1895,37,1,602.98
5694,1896,31,2,271.16
5695,1896,59,4,584.4
5696,1897,99,3,734.38
5697,1897,118,1,742.97
5698,1897,1,4,50.31
5699,1897,108,1,580.83
5700,1898,76,1,133.18
5701,1898,79,3,-388.97
5702,1898,5,2,183.5
5703,1899,80,2,803.34
5704,1899,74,2,427.63
5705,1899,72,4,590.71
5706,1899,56,1,614.64
5707,1899,27,1,408.89
5708,1900,69,3,655.25
5709,1901,32,3,373.77
5710,1902,84,1,896.53
5711,1902,36,1,421.22
5712,1903,85,3,209.42
5713,1903,120,3,8.87
5714,1903,18,2,160.9
5715,1903,2,4,347.53
5716,1904,61,3,549.46
5717,1904,88,0,378.0
5718,1904,33,2,91.79
5719,1905,11,4,216.7
5720,1905,34,2,280.97
5721,1906,55,4,826.63
5722,1906,58,4,29.56
5723,1907,34,1,280.97
5724,1907,114,1,302.11
5725,1907,58,2,29.56
5726,1907,98,2,299.14
5727,1907,38,1,757.5
5728,1908,90,2,379.84
5729,1909,37,2,602.98
5730,1909,101,3,123.59
5731,1909,38,1,757.5
5732,1909,62,4,806.45
5733,1909,78,4,443.16
5734,1910,4,3,373.72
5735,1910,85,3,209.42
5736,1910,54,1,177.51
5737,1910,43,2,771.67
5738,1911,87,4,536.55
5739,1911,23,4,740.38
5740,1911,104,2,828.75
5741,1911,114,4,302.11
5742,1912,27,1,408.89
5743,1913,54,3,177.51
5744,1913,10,3,520.23
5745,1913,41,4,117.93
5746,1913,90,4,379.84
5747,1914,88,1,378.0
5748,1914,67,4,650.54
5749,1914,23,1,740.38
5750,1914,44,3,105.69
5751,1914,18,3,160.9
5752,1915,114,3,302.11
5753,1915,21,1,167.95
5754,1915,89,1,627.19
5755,1915,108,2,580.83
5756,1915,69,2,655.25
5757,1916,27,2,408.89
5758,1916,96,2,732.78
5759,1917,119,4,696.06
5760,1917,112,3,366.07
5761,1917,96,2,732.78
5762,1917,62,4,806.45
5763,1918,72,4,590.71
5764,1918,29,1,536.65
5765,1918,107,2,314.44
5766,1918,35,3,170.46
5767,1919,23,4,740.38
5768,1919,25,1,350.4
5769,1919,84,3,896.53
5770,1919,17,3,275.07
5771,1920,22,3,130.87
5772,1920,71,4,119.5
5773,1921,43,3,771.67
5774,1921,44,4,105.69
5775,1922,84,1,896.53
5776,1922,5,1,183.5
5777,1922,38,4,757.5
5778,1922,14,3,5.6
5779,1923,49,3,307.38
5780,1923,78,3,443.16
5781,1923,2,3,347.53
5782,1924,109,3,677.52
5783,1924,10,4,520.23
5784,1924,89,4,627.19
5785,1924,21,4,167.95
5786,1924,37,2,602.98
5787,1925,63,4,501.86
5788,1926,111,1,771.64
5789,1926,32,2,456.57
5790,1927,55,1,826.63
5791,1927,71,1,119.5
5792,1927,80,1,803.34
5793,1928,42,4,291.17
5794,1928,52,4,684.74
5795,1929,78,3,443.16
5796,1929,56,3,614.64
5797,1929,85,4,209.42
5798,1930,42,2,291.17
5799,1930,115,4,107.04
5800,1930,84,1,896.53
5801,1931,45,3,508.59
5802,1931,21,1,167.95
5803,1931,89,2,627.19
5804,1931,41,1,117.93
5805,1931,17,3,275.07
5806,1932,63,3,58.73
5807,1932,38,2,757.5
5808,1932,91,2,707.35
5809,1933,19,3,600.64
5810,1933,39,2,431.24
5811,1933,8,1,728.74
5812,1933,25,3,350.4
5813,1933,106,0,469.58
5814,1934,74,3,427.63
5815,1935,46,3,241.39
5816,1935,62,1,806.45
5817,1936,103,2,552.16
5818,1936,117,3,232.58
5819,1937,103,2,552.16
5820,1937,39,3,431.24
5821,1938,70,4,761.64
5822,1938,54,2,177.51
5823,1938,12,1,853.06
5824,1938,24,2,192.66
5825,1939,12,3,853.06
5826,1940,72,1,590.71
5827,1941,14,1,5.6
5828,1941,87,1,536.55
5829,1941,74,2,427.63
5830,1941,112,2,366.07
5831,1941,76,2,133.18
5832,1942,117,4,232.58
5833,1943,38,1,757.5
5834,1943,5,2,183.5
5835,1943,42,1,291.17
5836,1943,105,2,16.05
5837,1944,33,4,91.79
5838,1945,46,4,241.39
5839,1945,91,1,707.35
5840,1946,83,1,413.04
5841,1946,65,1,238.72
5842,1946,94,4,138.47
5843,1946,10,1,520.23
5844,1947,52,1,684.74
5845,1947,112,3,366.07
5846,1947,60,4,429.31
5847,1947,3,2,404.17
5848,1948,64,1,272.13
5849,1949,36,1,421.22
5850,1950,44,4,105.69
5851,1950,114,2,302.11
5852,1950,69,2,655.25
5853,1950,100,3,622.45
5854,1951,117,2,232.58
5855,1951,70,3,761.64
5856,1951,108,3,580.83
5857,1952,28,3,71.4
5858,1953,71,4,119.5
5859,1953,91,2,707.35
5860,1954,57,3,313.09
5861,1954,47,3,365.65
5862,1954,67,4,650.54
5863,1955,52,2,684.74
5864,1956,16,3,864.69
5865,1957,48,4,623.0
5866,1958,54,4,177.51
5867,1959,12,2,853.06
5868,1960,49,3,307.38
5869,1960,45,4,508.59
5870,1960,117,2,232.58
5871,1961,104,3,828.75
5872,1961,4,3,373.72
5873,1961,26,3,319.34
5874,1962,2,2,347.53
5875,1963,100,4,622.45
5876,1963,20,4,619.85
5877,1963,29,1,536.65
5878,1963,67,4,650.54
5879,1964,75,3,53.38
5880,1965,74,3,427.63
5881,1965,11,1,216.7
5882,1965,53,4,283.45
5883,1965,88,3,378.0
5884,1965,118,1,742.97
5885,1966,105,4,16.05
5886,1966,60,4,429.31
5887,1966,5,3,183.5
5888,1966,2,3,347.53
5889,1967,79,4,-388.97
5890,1967,96,3,732.78
5891,1967,50,1,125.27
5892,1968,22,1,130.87
5893,1968,65,1,238.72
5894,1968,1,4,50.31
5895,1969,30,1,145.6
5896,1969,41,2,117.93
5897,1970,92,1,634.57
5898,1970,12,0,853.06
5899,1970,88,2,378.0
5900,1970,110,3,365.92
5901,1971,112,3,366.07
5902,1971,100,1,622.45
5903,1971,73,3,337.65
5904,1972,101,2,123.59
5905,1972,114,4,302.11
5906,1973,72,2,590.71
5907,1973,16,3,864.69
5908,1973,85,4,209.42
5909,1973,27,4,408.89
5910,1973,7,1,247.03
5911,1974,5,3,183.5
5912,1974,87,1,536.55
5913,1974,114,1,302.11
5914,1974,67,4,650.54
5915,1975,14,2,5.6
5916,1976,28,3,71.4
5917,1976,94,2,138.47
5918,1976,105,4,16.05
5919,1976,99,4,734.38
5920,1977,43,1,771.67
5921,1977,120,1,8.87
5922,1978,79,4,-388.97
5923,1979,71,3,119.5
5924,1979,28,4,71.4
5925,1980,107,1,314.44
5926,1981,67,4,650.54
5927,1981,100,4,622.45
5928,1981,8,2,728.74
5929,1981,68,4,352.5
5930,1982,31,4,271.16
5931,1982,35,3,170.46
5932,1982,65,4,238.72
5933,1982,77,2,285.5
5934,1982,20,3,429.91
5935,1983,18,3,160.9
5936,1983,55,1,826.63
5937,1983,61,2,549.46
5938,1983,51,4,546.45
5939,1984,25,3,350.4
5940,1985,79,2,-388.97
5941,1985,29,4,536.65
5942,1985,8,3,728.74
5943,1985,28,3,71.4
5944,1986,100,4,622.45
5945,1986,98,1,299.14
5946,1986,6,3,704.8
5947,1987,44,2,105.69
5948,1987,91,1,707.35
5949,1988,77,2,285.5
5950,1988,120,2,8.87
5951,1988,27,3,408.89
5952,1988,25,3,350.4
5953,1989,64,2,272.13
5954,1989,87,2,536.55
5955,1990,1,3,50.31
5956,1991,26,2,319.34
5957,1991,25,2,350.4
5958,1991,30,3,145.6
5959,1992,81,2,565.87
5960,1992,119,3,696.06
5961,1992,2,1,347.53
5962,1992,35,4,170.46
5963,1992,60,4,429.31
5964,1993,40,2,854.57
5965,1993,39,4,431.24
5966,1993,94,2,138.47
5967,1994,81,4,565.87
5968,1994,106,4,469.58
5969,1995,28,2,71.4
5970,1995,82,4,348.27
5971,1995,103,2,552.16
5972,1995,74,1,427.63
5973,1995,5,1,183.5
5974,1996,45,1,508.59
5975,1996,103,1,552.16
5976,1996,47,1,365.65
5977,1996,100,4,622.45
5978,1997,83,4,413.04
5979,1997,59,1,584.4
5980,1997,29,4,536.65
5981,1997,39,3,431.24
5982,1998,19,4,600.64
5983,1998,110,1,365.92
5984,1998,61,4,549.46
5985,1999,77,3,285.5
5986,1999,78,-1,443.16
5987,2000,26,1,319.34
5988,2000,10,2,520.23
5989,2000,61,2,549.46
5990,2001,49,4,307.38
5991,2001,86,2,333.09
5992,2002,22,2,130.87
5993,2002,94,4,138.47
5994,2003,75,1,53.38
5995,2004,96,4,732.78
5996,2005,100,2,622.45
5997,2005,99,3,734.38
5998,2005,72,3,590.71
5999,2005,114,4,302.11
6000,2006,38,3,757.5
6001,2006,118,-1,742.97
6002,2006,99,4,734.38
6003,2006,91,3,707.35
6004,2007,89,4,627.19
6005,2007,30,1,145.6
6006,2008,85,3,209.42
6007,2009,95,1,581.67
6008,2009,58,2,29.56
6009,2009,57,3,313.09
6010,2010,6,1,704.8
6011,2010,51,1,546.45
6012,2010,21,4,167.95
6013,2010,96,2,732.78
6014,2010,42,2,291.17
6015,2011,15,1,58.29
6016,2011,24,4,192.66
6017,2012,43,3,771.67
6018,2012,112,3,366.07
6019,2013,36,1,421.22
6020,2013,59,1,584.4
6021,2013,56,2,614.64
6022,2013,95,3,581.67
6023,2014,101,1,123.59
6024,2014,53,1,283.45
6025,2014,91,3,707.35
6026,2014,65,2,238.72
6027,2014,92,3,634.57
6028,2015,41,1,117.93
6029,2015,96,3,732.78
6030,2015,1,4,50.31
6031,2015,99,1,734.38
6032,2015,111,1,771.64
6033,2016,12,4,853.06
6034,2016,117,1,232.58
6035,2016,48,1,623.0
6036,2016,72,4,590.71
6037,2016,8,3,728.74
6038,2017,29,4,536.65
6039,2017,107,4,314.44
6040,2017,119,4,696.06
6041,2017,74,1,427.63
6042,2017,53,3,283.45
6043,2018,117,3,232.58
6044,2018,92,1,634.57
6045,2018,101,1,123.59
6046,2018,109,2,677.52
6047,2018,120,2,8.87
6048,2019,112,1,366.07
6049,2019,111,2,771.64
6050,2019,99,1,734.38
6051,2019,104,4,828.75
6052,2019,34,3,280.97
6053,2020,116,2,633.37
6054,2020,54,2,177.51
6055,2021,87,1,536.55
6056,2021,12,1,853.06
6057,2021,22,1,130.87
6058,2021,15,1,58.29
6059,2022,119,3,696.06
6060,2022,29,4,536.65
6061,2022,26,2,319.34
6062,2022,8,2,728.74
6063,2022,24,3,192.66
6064,2023,109,1,677.52
6065,2024,7,2,247.03
6066,2024,37,2,602.98
6067,2024,46,2,241.39
6068,2024,4,1,373.72
6069,2024,45,4,508.59
6070,2025,108,1,580.83
6071,2025,6,4,704.8
6072,2025,113,3,590.85
6073,2025,70,2,761.64
6074,2026,2,3,347.53
6075,2026,76,1,133.18
6076,2026,88,2,378.0
6077,2026,104,4,828.75
6078,2027,74,4,427.63
6079,2027,84,3,896.53
6080,2027,6,2,704.8
6081,2028,117,2,232.58
6082,2028,56,3,614.64
6083,2028,23,4,740.38
6084,2028,41,3,117.93
6085,2029,16,4,864.69
6086,2029,61,3,549.46
6087,2029,38,1,757.5
6088,2029,87,4,536.55
6089,2030,18,4,160.9
6090,2030,99,2,734.38
6091,2030,93,2,847.39
6092,2030,70,4,761.64
6093,2031,106,2,469.58
6094,2031,88,3,378.0
6095,2031,38,4,757.5
6096,2031,6,2,704.8
6097,2032,20,4,5.61
6098,2032,44,3,105.69
6099,2032,106,3,469.58
6100,2033,44,-1,105.69
6101,2034,93,3,375.26
6102,2034,16,3,864.69
6103,2035,93,0,795.45
6104,2035,92,3,634.57
6105,2036,36,1,421.22
6106,2037,88,4,378.0
6107,2037,108,4,580.83
6108,2038,55,2,826.63
6109,2039,6,4,704.8
6110,2040,97,3,665.98
6111,2040,104,4,828.75
6112,2040,56,3,614.64
6113,2040,28,3,71.4
6114,2040,87,4,536.55
6115,2041,106,3,469.58
6116,2041,81,2,565.87
6117,2041,20,3,109.49
6118,2041,41,4,117.93
6119,2042,33,3,91.79
6120,2042,44,2,105.69
6121,2043,118,2,742.97
6122,2043,49,4,307.38
6123,2043,91,4,707.35
6124,2043,6,2,704.8
6125,2044,72,1,590.71
6126,2044,47,2,365.65
6127,2044,78,1,443.16
6128,2044,25,1,350.4
6129,2045,1,1,50.31
6130,2045,82,4,348.27
6131,2046,120,4,8.87
6132,2046,40,2,854.57
6133,2046,46,4,241.39
6134,2046,91,1,707.35
6135,2047,22,4,130.87
6136,2047,80,1,803.34
6137,2047,56,2,614.64
6138,2047,108,3,580.83
6139,2048,105,4,16.05
6140,2048,71,1,119.5
6141,2048,92,4,634.57
6142,2049,64,3,272.13
6143,2049,78,4,443.16
6144,2050,118,2,742.97
6145,2051,6,3,704.8
6146,2051,119,1,696.06
6147,2051,113,2,590.85
6148,2051,57,4,313.09
6149,2051,2,4,347.53
6150,2052,111,-1,771.64
6151,2052,98,4,299.14
6152,2052,46,2,241.39
6153,2052,52,2,684.74
6154,2053,110,4,365.92
6155,2053,65,2,238.72
6156,2054,77,2,285.5
6157,2054,27,3,408.89
6158,2055,116,4,633.37
6159,2056,24,2,192.66
6160,2057,113,3,590.85
6161,2057,72,4,590.71
6162,2057,12,2,853.06
6163,2057,15,2,58.29
6164,2057,67,4,650.54
6165,2058,72,2,590.71
6166,2058,91,3,707.35
6167,2058,93,1,372.63
6168,2059,74,2,427.63
6169,2059,120,2,8.87
6170,2059,34,2,280.97
6171,2060,74,4,427.63
6172,2060,64,4,272.13
6173,2060,23,4,740.38
6174,2061,12,1,853.06
6175,2061,63,2,896.3
6176,2061,33,1,91.79
6177,2062,25,1,350.4
6178,2062,26,4,319.34
6179,2063,79,3,-388.97
6180,2063,14,1,5.6
6181,2064,98,3,299.14
6182,2064,10,1,520.23
6183,2065,106,1,469.58
6184,2065,59,1,584.4
6185,2065,91,4,707.35
6186,2066,60,4,429.31
6187,2066,86,1,333.09
6188,2066,30,4,145.6
6189,2066,50,2,125.27
6190,2067,66,4,810.21
6191,2067,103,3,552.16
6192,2067,50,4,125.27
6193,2068,26,0,319.34
6194,2068,21,3,167.95
6195,2068,99,1,734.38
6196,2068,113,4,590.85
6197,2068,63,2,168.67
6198,2069,44,4,105.69
6199,2069,53,1,283.45
6200,2069,66,3,810.21
6201,2069,71,4,119.5
6202,2069,89,3,627.19
6203,2070,110,3,365.92
6204,2070,53,4,283.45
6205,2071,114,3,302.11
6206,2071,103,3,552.16
6207,2071,98,4,299.14
6208,2071,112,4,366.07
6209,2072,46,2,241.39
6210,2072,108,4,580.83
6211,2072,81,3,565.87
6212,2073,64,1,272.13
6213,2073,22,3,130.87
6214,2073,77,4,285.5
6215,2073,83,2,413.04
6216,2074,36,1,421.22
6217,2074,71,4,119.5
6218,2074,111,3,771.64
6219,2075,24,1,192.66
6220,2075,93,4,667.59
6221,2076,59,1,584.4
6222,2076,27,3,408.89
6223,2077,108,1,580.83
6224,2077,4,2,373.72
6225,2077,41,2,117.93
6226,2078,60,3,429.31
6227,2078,36,4,421.22
6228,2078,83,1,413.04
6229,2078,55,2,826.63
6230,2079,101,3,123.59
6231,2079,7,1,247.03
6232,2080,15,1,58.29
6233,2080,88,3,378.0
6234,2080,112,4,366.07
6235,2080,77,4,285.5
6236,2080,42,2,291.17
6237,2081,58,3,29.56
6238,2081,111,4,771.64
6239,2081,84,2,896.53
6240,2082,53,2,283.45
6241,2082,5,1,183.5
6242,2083,11,1,216.7
6243,2083,82,2,348.27
6244,2083,109,4,677.52
6245,2083,118,2,742.97
6246,2084,67,2,650.54
6247,2084,39,2,431.24
6248,2084,87,0,536.55
6249,2084,14,4,5.6
6250,2084,90,1,379.84
6251,2085,35,4,170.46
6252,2085,6,3,704.8
6253,2085,64,3,272.13
6254,2085,5,2,183.5
6255,2086,85,1,209.42
6256,2086,37,3,602.98
6257,2086,89,4,627.19
6258,2087,32,3,853.65
6259,2087,102,4,820.54
6260,2087,85,3,209.42
6261,2087,101,3,123.59
6262,2087,50,3,125.27
6263,2088,26,2,319.34
6264,2089,20,1,328.62
6265,2089,55,2,826.63
6266,2089,80,1,803.34
6267,2090,106,3,469.58
6268,2090,115,4,107.04
6269,2090,22,1,130.87
6270,2090,117,1,232.58
6271,2090,32,1,251.27
6272,2091,4,2,373.72
6273,2091,16,3,864.69
6274,2092,11,2,216.7
6275,2092,86,4,333.09
6276,2093,73,2,337.65
6277,2094,28,4,71.4
6278,2094,118,4,742.97
6279,2094,67,2,650.54
6280,2094,46,2,241.39
6281,2095,110,2,365.92
6282,2095,11,2,216.7
6283,2095,69,2,655.25
6284,2096,24,3,192.66
6285,2096,112,4,366.07
6286,2096,47,1,365.65
6287,2097,55,3,826.63
6288,2097,94,3,138.47
6289,2097,110,4,365.92
6290,2097,107,-1,314.44
6291,2097,80,3,803.34
6292,2098,84,3,896.53
6293,2098,33,3,91.79
6294,2099,45,2,508.59
6295,2099,101,3,123.59
6296,2099,46,1,241.39
6297,2100,39,4,431.24
6298,2100,58,4,29.56
6299,2100,99,2,734.38
6300,2101,95,2,581.67
6301,2101,76,4,133.18
6302,2101,104,1,828.75
6303,2102,71,4,119.5
6304,2102,107,3,314.44
6305,2102,40,1,854.57
6306,2103,16,2,864.69
6307,2103,20,1,699.98
6308,2103,43,4,771.67
6309,2103,47,1,365.65
6310,2104,47,3,365.65
6311,2104,26,1,319.34
6312,2104,104,2,828.75
6313,2104,9,4,94.61
6314,2105,72,3,590.71
6315,2105,31,3,271.16
6316,2105,102,3,820.54
6317,2106,27,4,408.89
6318,2106,48,4,623.0
6319,2107,12,1,853.06
6320,2107,4,1,373.72
6321,2107,65,3,238.72
6322,2107,54,4,177.51
6323,2107,98,2,299.14
6324,2108,100,2,622.45
6325,2109,65,1,238.72
6326,2109,70,1,761.64
6327,2109,45,2,508.59
6328,2109,83,1,413.04
6329,2109,87,2,536.55
6330,2110,91,4,707.35
6331,2110,28,1,71.4
6332,2111,22,2,130.87
6333,2111,84,3,896.53
6334,2111,9,4,94.61
6335,2111,72,4,590.71
6336,2111,69,4,655.25
6337,2112,66,2,810.21
6338,2112,90,4,379.84
6339,2112,12,4,853.06
6340,2113,83,2,413.04
6341,2113,72,4,590.71
6342,2113,25,4,350.4
6343,2113,99,3,734.38
6344,2114,79,3,-388.97
6345,2114,73,4,337.65
6346,2114,22,3,130.87
6347,2115,32,3,396.25
6348,2115,12,3,853.06
6349,2115,104,2,828.75
6350,2116,109,4,677.52
6351,2117,9,2,94.61
6352,2117,115,2,107.04
6353,2117,16,2,864.69
6354,2117,85,4,209.42
6355,2117,69,1,655.25
6356,2118,27,4,408.89
6357,2119,7,3,247.03
6358,2119,119,3,696.06
6359,2120,84,3,896.53
6360,2120,105,4,16.05
6361,2120,86,1,333.09
6362,2120,118,3,742.97
6363,2121,34,3,280.97
6364,2121,82,4,348.27
6365,2121,33,2,91.79
6366,2121,78,3,443.16
6367,2122,23,3,740.38
6368,2122,6,4,704.8
6369,2122,8,4,728.74
6370,2123,12,1,853.06
6371,2123,74,4,427.63
6372,2123,68,1,352.5
6373,2123,45,3,508.59
6374,2123,86,3,333.09
6375,2124,65,4,238.72
6376,2124,112,2,366.07
6377,2124,119,4,696.06
6378,2124,61,1,549.46
6379,2124,116,2,633.37
6380,2125,79,1,-388.97
6381,2125,10,2,520.23
6382,2125,95,1,581.67
6383,2125,106,3,469.58
6384,2125,63,3,691.12
6385,2126,91,2,707.35
6386,2127,106,1,469.58
6387,2127,25,4,350.4
6388,2127,6,3,704.8
6389,2127,40,1,854.57
6390,2127,112,1,366.07
6391,2128,37,2,602.98
6392,2128,44,1,105.69
6393,2128,103,4,552.16
6394,2128,120,2,8.87
6395,2129,23,4,740.38
6396,2130,116,4,633.37
6397,2131,43,4,771.67
6398,2131,44,2,105.69
6399,2131,20,2,803.01
6400,2132,114,3,302.11
6401,2133,1,1,50.31
6402,2133,41,1,117.93
6403,2133,60,1,429.31
6404,2133,10,4,520.23
6405,2133,99,2,734.38
6406,2134,3,3,404.17
6407,2134,81,3,565.87
6408,2135,105,3,16.05
6409,2135,8,1,728.74
6410,2135,115,2,107.04
6411,2135,57,3,313.09
6412,2136,95,1,581.67
6413,2136,15,1,58.29
6414,2136,74,1,427.63
6415,2137,29,3,536.65
6416,2137,25,2,350.4
6417,2137,37,2,602.98
6418,2137,51,1,546.45
6419,2137,100,3,622.45
6420,2138,16,3,864.69
6421,2138,52,4,684.74
6422,2138,99,2,734.38
6423,2139,44,2,105.69
6424,2139,91,2,707.35
6425,2140,48,4,623.0
6426,2140,49,3,307.38
6427,2140,68,1,352.5
6428,2140,14,2,5.6
6429,2140,59,2,584.4
6430,2141,11,2,216.7
6431,2141,100,1,622.45
6432,2141,49,2,307.38
6433,2141,78,4,443.16
6434,2141,99,4,734.38
6435,2142,91,3,707.35
6436,2142,92,3,634.57
6437,2142,103,3,552.16
6438,2143,111,3,771.64
6439,2143,48,1,623.0
6440,2143,1,3,50.31
6441,2143,74,2,427.63
6442,2144,101,1,123.59
6443,2144,95,1,581.67
6444,2144,105,1,16.05
6445,2144,9,2,94.61
6446,2145,105,1,16.05
6447,2146,86,3,333.09
6448,2146,22,4,130.87
6449,2146,68,4,352.5
6450,2146,4,1,373.72
6451,2147,14,3,5.6
6452,2148,58,3,29.56
6453,2148,26,1,319.34
6454,2148,82,2,348.27
6455,2148,41,3,117.93
6456,2149,120,3,8.87
6457,2149,95,2,581.67
6458,2149,85,1,209.42
6459,2149,59,1,584.4
6460,2149,103,3,552.16
6461,2150,17,3,275.07
6462,2150,94,3,138.47
6463,2150,15,2,58.29
6464,2150,63,3,279.66
6465,2150,64,2,272.13
6466,2151,99,1,734.38
6467,2151,5,1,183.5
6468,2152,74,1,427.63
6469,2153,28,1,71.4
6470,2154,17,4,275.07
6471,2154,66,2,810.21
6472,2154,103,3,552.16
6473,2154,95,2,581.67
6474,2154,93,3,860.7
6475,2155,76,3,133.18
6476,2155,110,1,365.92
6477,2155,86,2,333.09
6478,2155,26,2,319.34
6479,2156,102,2,820.54
6480,2157,41,3,117.93
6481,2158,39,2,431.24
6482,2158,27,2,408.89
6483,2158,10,3,520.23
6484,2158,118,2,742.97
6485,2159,19,3,600.64
6486,2159,116,2,633.37
6487,2159,59,3,584.4
6488,2159,21,3,167.95
6489,2159,7,2,247.03
6490,2160,1,3,50.31
6491,2160,104,4,828.75
6492,2160,67,3,650.54
6493,2160,69,3,655.25
6494,2161,100,3,622.45
6495,2161,96,3,732.78
6496,2161,76,2,133.18
6497,2161,61,1,549.46
6498,2162,79,1,-388.97
6499,2162,115,2,107.04
6500,2162,80,2,803.34
6501,2162,83,3,413.04
6502,2163,5,4,183.5
6503,2163,110,1,365.92
6504,2163,25,4,350.4
6505,2163,39,2,431.24
6506,2164,1,2,50.31
6507,2164,117,2,232.58
6508,2165,1,1,50.31
6509,2165,63,2,210.01
6510,2165,108,4,580.83
6511,2166,93,1,717.51
6512,2167,74,4,427.63
6513,2167,100,2,622.45
6514,2167,46,1,241.39
6515,2167,14,1,5.6
6516,2168,66,3,810.21
6517,2168,6,1,704.8
6518,2168,116,3,633.37
6519,2168,78,2,443.16
6520,2169,44,3,105.69
6521,2169,77,3,285.5
6522,2169,103,4,552.16
6523,2169,118,1,742.97
6524,2169,9,4,94.61
6525,2170,23,1,740.38
6526,2170,22,1,130.87
6527,2170,11,2,216.7
6528,2170,105,3,16.05
6529,2170,75,3,53.38
6530,2171,116,1,633.37
6531,2171,74,2,427.63
6532,2171,75,0,53.38
6533,2171,25,2,350.4
6534,2172,116,3,633.37
6535,2172,65,4,238.72
6536,2172,83,3,413.04
6537,2172,39,2,431.24
6538,2172,90,1,379.84
6539,2173,40,1,854.57
6540,2173,35,3,170.46
6541,2173,89,2,627.19
6542,2173,82,1,348.27
6543,2174,46,4,241.39
6544,2175,94,2,138.47
6545,2176,107,0,314.44
6546,2176,11,3,216.7
6547,2176,81,3,565.87
6548,2176,32,4,40.21
6549,2177,84,4,896.53
6550,2177,82,4,348.27
6551,2178,63,1,307.54
6552,2178,111,3,771.64
6553,2178,18,1,160.9
6554,2178,10,2,520.23
6555,2179,92,3,634.57
6556,2179,111,2,771.64
6557,2179,64,2,272.13
6558,2179,118,3,742.97
6559,2179,19,4,600.64
6560,2180,97,2,665.98
6561,2180,93,3,201.47
6562,2180,91,1,707.35
6563,2180,92,2,634.57
6564,2181,100,4,622.45
6565,2181,107,4,314.44
6566,2182,46,4,241.39
6567,2182,116,2,633.37
6568,2183,88,1,378.0
6569,2183,75,3,53.38
6570,2183,76,4,133.18
6571,2183,24,-1,192.66
6572,2184,71,3,119.5
6573,2184,118,4,742.97
6574,2184,100,3,622.45
6575,2184,116,4,633.37
6576,2184,39,4,431.24
6577,2185,10,3,520.23
6578,2185,79,3,-388.97
6579,2185,100,2,622.45
6580,2186,91,3,707.35
6581,2186,5,3,183.5
6582,2187,4,4,373.72
6583,2188,30,1,145.6
6584,2188,52,3,684.74
6585,2188,97,3,665.98
6586,2188,46,2,241.39
6587,2189,108,4,580.83
6588,2189,65,1,238.72
6589,2189,101,2,123.59
6590,2189,104,2,828.75
6591,2190,105,2,16.05
6592,2190,80,3,803.34
6593,2190,84,3,896.53
6594,2190,93,1,149.29
6595,2190,73,3,337.65
6596,2191,40,2,854.57
6597,2192,7,4,247.03
6598,2192,105,3,16.05
6599,2193,13,4,162.11
6600,2193,66,3,810.21
6601,2193,103,1,552.16
6602,2193,3,2,404.17
6603,2193,32,2,637.24
6604,2194,9,4,94.61
6605,2194,55,2,826.63
6606,2194,82,1,348.27
6607,2194,71,4,119.5
6608,2195,86,2,333.09
6609,2195,64,3,272.13
6610,2195,33,1,91.79
6611,2196,1,3,50.31
6612,2196,9,1,94.61
6613,2196,2,3,347.53
6614,2196,81,4,565.87
6615,2197,87,3,536.55
6616,2197,30,4,145.6
6617,2198,115,4,107.04
6618,2198,98,4,299.14
6619,2198,72,4,590.71
6620,2198,75,3,53.38
6621,2198,71,2,119.5
6622,2199,69,2,655.25
6623,2200,5,3,183.5
6624,2200,36,3,421.22
6625,2201,107,1,314.44
6626,2201,93,1,877.15
6627,2201,29,4,536.65
6628,2201,36,1,421.22
6629,2202,43,1,771.67
6630,2202,80,3,803.34
6631,2202,25,4,350.4
6632,2202,117,1,232.58
6633,2202,73,3,337.65
6634,2203,41,3,117.93
6635,2203,33,0,91.79
6636,2203,4,4,373.72
6637,2203,53,1,283.45
6638,2203,30,2,145.6
6639,2204,93,2,243.94
6640,2204,44,1,105.69
6641,2204,97,4,665.98
6642,2205,83,2,413.04
6643,2205,92,1,634.57
6644,2206,119,3,696.06
6645,2207,101,2,123.59
6646,2208,115,3,107.04
6647,2209,67,4,650.54
6648,2210,8,4,728.74
6649,2210,90,1,379.84
6650,2210,34,1,280.97
6651,2210,73,4,337.65
6652,2211,85,1,209.42
6653,2211,38,2,757.5
6654,2211,29,4,536.65
6655,2212,97,2,665.98
6656,2213,57,2,313.09
6657,2213,80,2,803.34
6658,2213,77,1,285.5
6659,2213,113,1,590.85
6660,2214,32,3,621.95
6661,2214,18,3,160.9
6662,2214,11,1,216.7
6663,2215,116,4,633.37
6664,2215,98,2,299.14
6665,2216,27,3,408.89
6666,2216,49,2,307.38
6667,2216,18,1,160.9
6668,2217,82,2,348.27
6669,2218,7,1,247.03
6670,2218,101,2,123.59
6671,2219,84,3,896.53
6672,2219,32,3,287.78
6673,2219,96,4,732.78
6674,2219,97,4,665.98
6675,2220,69,3,655.25
6676,2221,69,2,655.25
6677,2221,20,3,100.28
6678,2221,52,3,684.74
6679,2222,30,2,145.6
6680,2222,106,3,469.58
6681,2222,45,2,508.59
6682,2222,66,1,810.21
6683,2222,8,4,728.74
6684,2223,104,3,828.75
6685,2223,28,3,71.4
6686,2223,47,4,365.65
6687,2223,34,4,280.97
6688,2224,40,4,854.57
6689,2225,119,4,696.06
6690,2225,18,4,160.9
6691,2225,50,3,125.27
6692,2225,39,4,431.24
6693,2225,70,2,761.64
6694,2226,3,1,404.17
6695,2226,75,3,53.38
6696,2226,13,2,162.11
6697,2226,18,3,160.9
6698,2227,74,2,427.63
6699,2228,18,1,160.9
6700,2228,47,3,365.65
6701,2228,86,4,333.09
6702,2228,115,2,107.04
6703,2229,39,3,431.24
6704,2229,32,2,518.01
6705,2229,87,2,536.55
6706,2229,82,2,348.27
6707,2229,77,4,285.5
6708,2230,90,3,379.84
6709,2230,96,1,732.78
6710,2230,115,2,107.04
6711,2230,46,4,241.39
6712,2230,92,3,634.57
6713,2231,17,2,275.07
6714,2231,109,3,677.52
6715,2232,61,1,549.46
6716,2232,50,3,125.27
6717,2233,85,1,209.42
6718,2233,47,4,365.65
6719,2233,13,1,162.11
6720,2234,69,2,655.25
6721,2234,92,3,634.57
6722,2235,57,4,313.09
6723,2235,100,3,622.45
6724,2236,25,4,350.4
6725,2236,94,2,138.47
6726,2236,101,2,123.59
6727,2236,18,3,160.9
6728,2237,33,2,91.79
6729,2238,102,2,820.54
6730,2238,119,1,696.06
6731,2238,107,3,314.44
6732,2238,44,1,105.69
6733,2239,86,3,333.09
6734,2240,14,4,5.6
6735,2240,17,3,275.07
6736,2241,88,4,378.0
6737,2241,89,3,627.19
6738,2242,1,1,50.31
6739,2243,67,3,650.54
6740,2244,31,1,271.16
6741,2244,27,4,408.89
6742,2245,26,1,319.34
6743,2245,2,1,347.53
6744,2246,16,1,864.69
6745,2246,29,4,536.65
6746,2246,120,3,8.87
6747,2247,76,3,133.18
6748,2248,23,4,740.38
6749,2248,116,4,633.37
6750,2248,32,2,860.1
6751,2248,51,1,546.45
6752,2249,84,3,896.53
6753,2249,71,3,119.5
6754,2250,113,2,590.85
6755,2250,50,2,125.27
6756,2250,34,3,280.97
6757,2250,85,4,209.42
6758,2251,69,3,655.25
6759,2251,41,1,117.93
6760,2251,58,4,29.56
6761,2252,31,3,271.16
6762,2252,84,4,896.53
6763,2252,75,2,53.38
6764,2252,58,2,29.56
6765,2252,69,1,655.25
6766,2253,32,1,7.44
6767,2253,120,1,8.87
6768,2253,57,2,313.09
6769,2254,56,2,614.64
6770,2254,116,2,633.37
6771,2255,16,4,864.69
6772,2255,19,1,600.64
6773,2255,47,-1,365.65
6774,2255,50,4,125.27
6775,2256,24,4,192.66
6776,2256,44,1,105.69
6777,2256,100,1,622.45
6778,2257,4,3,373.72
6779,2257,26,2,319.34
6780,2258,94,4,138.47
6781,2258,120,4,8.87
6782,2258,69,1,655.25
6783,2258,35,1,170.46
6784,2259,32,4,50.53
6785,2259,112,3,366.07
6786,2260,26,4,319.34
6787,2260,50,4,125.27
6788,2260,72,4,590.71
6789,2261,107,3,314.44
6790,2261,1,3,50.31
6791,2261,95,4,581.67
6792,2262,65,1,238.72
6793,2262,47,4,365.65
6794,2262,113,2,590.85
6795,2262,30,2,145.6
6796,2263,115,1,107.04
6797,2263,108,0,580.83
6798,2263,105,2,16.05
6799,2263,118,2,742.97
6800,2263,21,1,167.95
6801,2264,119,3,696.06
6802,2264,102,3,820.54
6803,2264,62,4,806.45
6804,2264,10,4,520.23
6805,2265,88,3,378.0
6806,2265,105,4,16.05
6807,2265,95,4,581.67
6808,2265,40,4,854.57
6809,2266,51,-1,546.45
6810,2266,6,2,704.8
6811,2266,72,3,590.71
6812,2266,46,3,241.39
6813,2267,64,4,272.13
6814,2267,68,4,352.5
6815,2267,18,3,160.9
6816,2267,76,1,133.18
6817,2267,72,3,590.71
6818,2268,83,4,413.04
6819,2268,68,3,352.5
6820,2269,26,2,319.34
6821,2269,75,1,53.38
6822,2269,5,1,183.5
6823,2269,32,2,739.57
6824,2270,103,3,552.16
6825,2271,41,3,117.93
6826,2271,48,4,623.0
6827,2271,18,1,160.9
6828,2271,90,4,379.84
6829,2272,10,2,520.23
6830,2272,120,4,8.87
6831,2272,58,1,29.56
6832,2273,113,3,590.85
6833,2273,32,4,66.11
6834,2273,85,2,209.42
6835,2273,27,4,408.89
6836,2274,17,3,275.07
6837,2274,34,4,280.97
6838,2274,111,2,771.64
6839,2274,55,4,826.63
6840,2275,108,4,580.83
6841,2275,15,4,58.29
6842,2275,63,1,790.55
6843,2276,87,3,536.55
6844,2277,21,1,167.95
6845,2277,13,3,162.11
6846,2277,118,1,742.97
6847,2277,17,3,275.07
6848,2278,89,1,627.19
6849,2278,24,4,192.66
6850,2278,20,2,886.93
6851,2278,5,3,183.5
6852,2279,12,4,853.06
6853,2279,36,3,421.22
6854,2279,2,3,347.53
6855,2279,31,1,271.16
6856,2279,7,3,247.03
6857,2280,98,2,299.14
6858,2281,78,3,443.16
6859,2281,102,3,820.54
6860,2281,60,2,429.31
6861,2281,4,1,373.72
6862,2281,18,1,160.9
6863,2282,97,4,665.98
6864,2282,112,2,366.07
6865,2283,46,3,241.39
6866,2283,61,1,549.46
6867,2283,29,1,536.65
6868,2283,44,4,105.69
6869,2284,96,2,732.78
6870,2284,112,1,366.07
6871,2284,17,1,275.07
6872,2284,78,1,443.16
6873,2284,35,3,170.46
6874,2285,79,2,-388.97
6875,2285,83,4,413.04
6876,2285,114,2,302.11
6877,2285,43,1,771.67
6878,2285,65,1,238.72
6879,2286,32,3,828.47
6880,2286,73,3,337.65
6881,2286,90,1,379.84
6882,2286,101,1,123.59
6883,2286,47,2,365.65
6884,2287,77,1,285.5
6885,2287,12,3,853.06
6886,2287,6,3,704.8
6887,2288,104,3,828.75
6888,2288,102,1,820.54
6889,2288,54,4,177.51
6890,2288,76,2,133.18
6891,2288,12,4,853.06
6892,2289,116,3,633.37
6893,2289,113,1,590.85
6894,2289,118,2,742.97
6895,2289,58,3,29.56
6896,2289,70,1,761.64
6897,2290,66,4,810.21
6898,2290,94,4,138.47
6899,2290,111,3,771.64
6900,2291,60,2,429.31
6901,2291,84,4,896.53
6902,2291,4,2,373.72
6903,2292,110,1,365.92
6904,2292,111,4,771.64
6905,2292,68,3,352.5
6906,2292,37,3,602.98
6907,2293,101,4,123.59
6908,2294,2,2,347.53
6909,2294,6,4,704.8
6910,2294,101,2,123.59
6911,2294,119,4,696.06
6912,2295,114,3,302.11
6913,2295,17,3,275.07
6914,2296,30,4,145.6
6915,2296,63,3,133.8
6916,2297,70,1,761.64
6917,2298,47,2,365.65
6918,2298,82,2,348.27
6919,2299,73,2,337.65
6920,2299,51,1,546.45
6921,2299,115,4,107.04
6922,2300,60,3,429.31
6923,2300,69,4,655.25
6924,2300,120,1,8.87
6925,2300,28,4,71.4
6926,2300,85,3,209.42
6927,2301,56,1,614.64
6928,2301,119,3,696.06
6929,2302,43,3,771.67
6930,2302,75,4,53.38
6931,2302,24,4,192.66
6932,2303,42,2,291.17
6933,2303,58,3,29.56
6934,2304,60,2,429.31
6935,2304,23,3,740.38
6936,2304,25,4,350.4
6937,2305,12,4,853.06
6938,2305,70,4,761.64
6939,2305,7,4,247.03
6940,2305,49,2,307.38
6941,2306,47,3,365.65
6942,2306,11,1,216.7
6943,2306,67,3,650.54
6944,2306,55,2,826.63
6945,2306,80,2,803.34
6946,2307,35,4,170.46
6947,2307,61,2,549.46
6948,2308,81,1,565.87
6949,2308,79,2,-388.97
6950,2309,24,2,192.66
6951,2309,4,1,373.72
6952,2309,1,2,50.31
6953,2310,38,1,757.5
6954,2311,77,1,285.5
6955,2311,118,2,742.97
6956,2311,55,1,826.63
6957,2311,62,2,806.45
6958,2311,24,4,192.66
6959,2312,84,1,896.53
6960,2313,109,2,677.52
6961,2313,40,2,854.57
6962,2313,68,4,352.5
6963,2314,15,-1,58.29
6964,2314,60,2,429.31
6965,2314,81,2,565.87
6966,2314,8,3,728.74
6967,2314,115,2,107.04
6968,2315,37,1,602.98
6969,2315,81,2,565.87
6970,2316,23,1,740.38
6971,2316,34,2,280.97
6972,2317,114,2,302.11
6973,2318,68,2,352.5
6974,2318,116,4,633.37
6975,2319,103,4,552.16
6976,2320,23,3,740.38
6977,2321,100,2,622.45
6978,2321,3,3,404.17
6979,2322,87,2,536.55
6980,2322,2,3,347.53
6981,2322,47,1,365.65
6982,2323,21,4,167.95
6983,2323,71,4,119.5
6984,2323,38,4,757.5
6985,2324,4,4,373.72
6986,2324,84,3,896.53
6987,2325,11,4,216.7
6988,2326,24,2,192.66
6989,2326,73,3,337.65
6990,2326,4,2,373.72
6991,2326,16,2,864.69
6992,2326,109,4,677.52
6993,2327,47,1,365.65
6994,2328,110,1,365.92
6995,2328,61,4,549.46
6996,2328,103,4,552.16
6997,2329,52,2,684.74
6998,2329,25,3,350.4
6999,2329,81,4,565.87
7000,2329,85,1,209.42
7001,2329,12,3,853.06
7002,2330,13,3,162.11
7003,2331,54,3,177.51
7004,2331,116,4,633.37
7005,2331,10,1,520.23
7006,2331,75,2,53.38
7007,2332,98,2,299.14
7008,2332,103,1,552.16
7009,2332,6,3,704.8
7010,2332,17,3,275.07
7011,2333,94,1,138.47
7012,2333,20,3,581.67
7013,2334,47,4,365.65
7014,2334,91,4,707.35
7015,2335,115,2,107.04
7016,2335,88,3,378.0
7017,2335,81,2,565.87
7018,2335,3,4,404.17
7019,2336,37,2,602.98
7020,2336,35,2,170.46
7021,2336,18,4,160.9
7022,2336,87,3,536.55
7023,2336,59,2,584.4
7024,2337,61,3,549.46
7025,2337,32,2,771.9
7026,2338,25,1,350.4
7027,2338,32,2,361.52
7028,2338,35,2,170.46
7029,2338,100,3,622.45
7030,2339,54,3,177.51
7031,2339,24,3,192.66
7032,2339,114,3,302.11
7033,2339,28,1,71.4
7034,2339,25,3,350.4
7035,2340,34,3,280.97
7036,2340,114,3,302.11
7037,2340,74,3,427.63
7038,2341,49,1,307.38
7039,2341,31,1,271.16
7040,2341,65,1,238.72
7041,2342,85,2,209.42
7042,2342,50,4,125.27
7043,2342,37,4,602.98
7044,2343,104,1,828.75
7045,2343,16,3,864.69
7046,2343,47,3,365.65
7047,2343,31,1,271.16
7048,2343,110,2,365.92
7049,2344,44,4,105.69
7050,2345,93,1,367.02
7051,2346,22,1,130.87
7052,2346,40,1,854.57
7053,2346,27,-1,408.89
7054,2346,96,4,732.78
7055,2347,78,2,443.16
7056,2347,14,1,5.6
7057,2347,113,4,590.85
7058,2348,57,1,313.09
7059,2348,11,2,216.7
7060,2348,45,2,508.59
7061,2349,24,4,192.66
7062,2350,30,2,145.6
7063,2350,82,4,348.27
7064,2350,18,3,160.9
7065,2350,15,3,58.29
7066,2350,119,1,696.06
7067,2351,65,1,238.72
7068,2351,113,1,590.85
7069,2351,34,3,280.97
7070,2351,21,2,167.95
7071,2352,118,3,742.97
7072,2352,55,3,826.63
7073,2352,9,3,94.61
7074,2352,92,3,634.57
7075,2352,46,4,241.39
7076,2353,41,4,117.93
7077,2353,64,2,272.13
7078,2353,62,4,806.45
7079,2354,35,-1,170.46
7080,2354,94,2,138.47
7081,2354,87,2,536.55
7082,2354,69,4,655.25
7083,2354,14,2,5.6
7084,2355,92,4,634.57
7085,2355,2,3,347.53
7086,2355,110,4,365.92
7087,2355,80,4,803.34
7088,2356,50,2,125.27
7089,2356,22,3,130.87
7090,2357,8,2,728.74
7091,2357,65,3,238.72
7092,2357,45,2,508.59
7093,2358,5,4,183.5
7094,2358,106,3,469.58
7095,2358,58,3,29.56
7096,2359,94,2,138.47
7097,2359,118,2,742.97
7098,2359,96,3,732.78
7099,2360,11,4,216.7
7100,2361,80,4,803.34
7101,2361,36,2,421.22
7102,2362,79,2,-388.97
7103,2362,7,3,247.03
7104,2362,19,-1,600.64
7105,2362,8,1,728.74
7106,2362,105,1,16.05
7107,2363,44,4,105.69
7108,2363,9,2,94.61
7109,2363,91,3,707.35
7110,2363,26,3,319.34
7111,2363,87,4,536.55
7112,2364,27,4,408.89
7113,2364,34,4,280.97
7114,2365,78,2,443.16
7115,2365,115,1,107.04
7116,2365,107,1,314.44
7117,2366,8,3,728.74
7118,2366,65,1,238.72
7119,2367,81,2,565.87
7120,2368,5,2,183.5
7121,2369,59,3,584.4
7122,2369,31,4,271.16
7123,2369,110,3,365.92
7124,2369,54,3,177.51
7125,2370,26,1,319.34
7126,2370,46,1,241.39
7127,2370,99,2,734.38
7128,2371,25,2,350.4
7129,2371,89,1,627.19
7130,2372,44,1,105.69
7131,2372,96,2,732.78
7132,2372,101,1,123.59
7133,2373,41,1,117.93
7134,2374,37,3,602.98
7135,2374,72,4,590.71
7136,2374,32,4,160.96
7137,2374,95,3,581.67
7138,2375,21,2,167.95
7139,2376,21,3,167.95
7140,2377,39,4,431.24
7141,2377,107,3,314.44
7142,2377,78,1,443.16
7143,2377,46,3,241.39
7144,2377,11,4,216.7
7145,2378,106,1,469.58
7146,2378,75,1,53.38
7147,2379,49,3,307.38
7148,2379,64,1,272.13
7149,2379,69,4,655.25
7150,2379,47,3,365.65
7151,2379,43,1,771.67
7152,2380,55,2,826.63
7153,2380,63,3,669.89
7154,2381,60,4,429.31
7155,2382,6,4,704.8
7156,2382,87,-1,536.55
7157,2382,32,2,672.44
7158,2382,14,4,5.6
7159,2383,92,2,634.57
7160,2383,65,4,238.72
7161,2384,117,1,232.58
7162,2384,114,4,302.11
7163,2384,51,3,546.45
7164,2384,67,4,650.54
7165,2385,6,4,704.8
7166,2385,73,2,337.65
7167,2385,31,4,271.16
7168,2386,111,1,771.64
7169,2387,120,2,8.87
7170,2387,10,4,520.23
7171,2387,66,2,810.21
7172,2388,72,4,590.71
7173,2388,108,3,580.83
7174,2388,98,4,299.14
7175,2389,34,2,280.97
7176,2390,94,0,138.47
7177,2390,11,2,216.7
7178,2390,55,4,826.63
7179,2390,33,1,91.79
7180,2390,18,4,160.9
7181,2391,32,1,329.71
7182,2391,60,3,429.31
7183,2391,88,0,378.0
7184,2391,84,2,896.53
7185,2392,63,4,263.94
7186,2392,59,3,584.4
7187,2392,48,1,623.0
7188,2393,27,2,408.89
7189,2393,3,2,404.17
7190,2393,28,3,71.4
7191,2393,97,4,665.98
7192,2394,15,0,58.29
7193,2395,43,1,771.67
7194,2395,65,2,238.72
7195,2395,86,1,333.09
7196,2395,53,1,283.45
7197,2395,18,2,160.9
7198,2396,55,4,826.63
7199,2396,50,3,125.27
7200,2396,51,1,546.45
7201,2396,30,2,145.6
7202,2397,88,1,378.0
7203,2397,63,3,32.62
7204,2398,85,2,209.42
7205,2399,54,1,177.51
7206,2399,58,3,29.56
7207,2399,107,2,314.44
7208,2400,43,3,771.67
7209,2400,20,1,148.17
7210,2400,37,2,602.98
7211,2400,109,2,677.52
7212,2401,64,1,272.13
7213,2401,53,1,283.45
7214,2401,35,3,170.46
7215,2401,74,3,427.63
7216,2402,14,3,5.6
7217,2402,108,1,580.83
7218,2402,73,2,337.65
7219,2402,84,3,896.53
7220,2403,107,4,314.44
7221,2403,104,2,828.75
7222,2403,53,4,283.45
7223,2403,111,3,771.64
7224,2404,90,3,379.84
7225,2405,73,3,337.65
7226,2405,90,2,379.84
7227,2406,54,4,177.51
7228,2407,69,0,655.25
7229,2407,6,1,704.8
7230,2407,120,2,8.87
7231,2407,57,2,313.09
7232,2408,80,4,803.34
7233,2408,55,4,826.63
7234,2408,51,1,546.45
7235,2408,110,4,365.92
7236,2408,62,3,806.45
7237,2409,75,1,53.38
7238,2410,76,4,133.18
7239,2410,53,3,283.45
7240,2411,1,4,50.31
7241,2411,76,4,133.18
7242,2411,96,2,732.78
7243,2411,44,1,105.69
7244,2411,35,4,170.46
7245,2412,103,4,552.16
7246,2412,23,3,740.38
7247,2412,55,1,826.63
7248,2412,108,3,580.83
7249,2412,113,0,590.85
7250,2413,99,1,734.38
7251,2413,94,1,138.47
7252,2413,2,1,347.53
7253,2413,6,3,704.8
7254,2414,32,2,574.41
7255,2414,109,1,677.52
7256,2414,52,3,684.74
7257,2415,68,2,352.5
7258,2416,82,2,348.27
7259,2416,33,1,91.79
7260,2416,84,1,896.53
7261,2416,102,3,820.54
7262,2416,91,1,707.35
7263,2417,58,1,29.56
7264,2417,80,2,803.34
7265,2417,95,2,581.67
7266,2417,106,4,469.58
7267,2417,76,4,133.18
7268,2418,74,2,427.63
7269,2418,41,3,117.93
7270,2418,115,2,107.04
7271,2418,108,4,580.83
7272,2418,10,4,520.23
7273,2419,53,2,283.45
7274,2419,31,2,271.16
7275,2420,32,1,316.67
7276,2420,66,3,810.21
7277,2420,22,3,130.87
7278,2420,113,2,590.85
7279,2421,107,4,314.44
7280,2421,58,2,29.56
7281,2421,52,2,684.74
7282,2421,108,2,580.83
7283,2422,46,2,241.39
7284,2423,62,2,806.45
7285,2423,15,4,58.29
7286,2423,77,2,285.5
7287,2423,112,3,366.07
7288,2423,83,4,413.04
7289,2424,13,3,162.11
7290,2424,89,4,627.19
7291,2424,96,2,732.78
7292,2425,69,4,655.25
7293,2425,19,1,600.64
7294,2425,110,3,365.92
7295,2425,42,1,291.17
7296,2425,18,3,160.9
7297,2426,59,4,584.4
7298,2426,55,1,826.63
7299,2426,37,1,602.98
7300,2427,65,2,238.72
7301,2427,95,2,581.67
7302,2428,7,3,247.03
7303,2428,32,3,620.88
7304,2428,118,2,742.97
7305,2428,81,2,565.87
7306,2429,7,3,247.03
7307,2429,44,2,105.69
7308,2429,10,1,520.23
7309,2429,41,2,117.93
7310,2430,96,4,732.78
7311,2430,86,4,333.09
7312,2430,50,3,125.27
7313,2430,99,2,734.38
7314,2430,21,2,167.95
7315,2431,97,4,665.98
7316,2431,57,2,313.09
7317,2431,112,2,366.07
7318,2431,89,3,627.19
7319,2431,24,2,192.66
7320,2432,24,3,192.66
7321,2432,45,1,508.59
7322,2432,31,3,271.16
7323,2432,88,3,378.0
7324,2433,11,1,216.7
7325,2433,34,2,280.97
7326,2434,42,3,291.17
7327,2434,86,1,333.09
7328,2435,75,1,53.38
7329,2435,92,3,634.57
7330,2435,56,4,614.64
7331,2435,84,4,896.53
7332,2435,18,3,160.9
7333,2436,106,1,469.58
7334,2436,112,3,366.07
7335,2436,69,2,655.25
7336,2436,23,3,740.38
7337,2436,27,2,408.89
7338,2437,6,4,704.8
7339,2437,14,2,5.6
7340,2437,61,1,549.46
7341,2437,21,2,167.95
7342,2438,37,1,602.98
7343,2438,74,2,427.63
7344,2438,11,2,216.7
7345,2438,81,1,565.87
7346,2439,56,3,614.64
7347,2439,23,3,740.38
7348,2439,97,3,665.98
7349,2439,19,3,600.64
7350,2440,10,1,520.23
7351,2440,98,3,299.14
7352,2440,108,1,580.83
7353,2441,24,4,192.66
7354,2442,85,1,209.42
7355,2442,43,4,771.67
7356,2442,26,2,319.34
7357,2442,66,3,810.21
7358,2442,107,1,314.44
7359,2443,109,2,677.52
7360,2443,106,4,469.58
7361,2444,74,3,427.63
7362,2444,25,1,350.4
7363,2444,45,1,508.59
7364,2444,35,1,170.46
7365,2444,96,2,732.78
7366,2445,82,1,348.27
7367,2445,120,4,8.87
7368,2445,96,3,732.78
7369,2446,33,4,91.79
7370,2447,89,2,627.19
7371,2447,22,2,130.87
7372,2447,38,1,757.5
7373,2447,97,2,665.98
7374,2447,98,3,299.14
7375,2448,54,4,177.51
7376,2448,78,1,443.16
7377,2449,9,2,94.61
7378,2449,30,2,145.6
7379,2449,114,2,302.11
7380,2449,77,4,285.5
7381,2449,38,2,757.5
7382,2450,62,4,806.45
7383,2450,83,2,413.04
7384,2451,4,4,373.72
7385,2451,67,1,650.54
7386,2452,104,1,828.75
7387,2452,3,3,404.17
7388,2452,43,4,771.67
7389,2453,60,2,429.31
7390,2453,63,1,263.59
7391,2454,16,1,864.69
7392,2454,63,3,477.44
7393,2454,33,3,91.79
7394,2454,110,4,365.92
7395,2455,49,2,307.38
7396,2455,52,1,684.74
7397,2455,1,4,50.31
7398,2455,57,0,313.09
7399,2455,18,1,160.9
7400,2456,102,0,820.54
7401,2456,69,2,655.25
7402,2457,62,2,806.45
7403,2457,57,4,313.09
7404,2457,48,3,623.0
7405,2458,9,1,94.61
7406,2458,59,2,584.4
7407,2458,41,3,117.93
7408,2458,20,2,202.08
7409,2458,34,2,280.97
7410,2459,6,3,704.8
7411,2459,67,4,650.54
7412,2459,84,3,896.53
7413,2459,69,1,655.25
7414,2460,35,2,170.46
7415,2460,94,4,138.47
7416,2460,63,1,531.66
7417,2461,47,4,365.65
7418,2461,106,3,469.58
7419,2461,102,4,820.54
7420,2462,3,2,404.17
7421,2462,44,4,105.69
7422,2462,61,1,549.46
7423,2463,114,3,302.11
7424,2463,41,1,117.93
7425,2463,55,2,826.63
7426,2463,80,4,803.34
7427,2464,50,3,125.27
7428,2465,34,3,280.97
7429,2466,50,4,125.27
7430,2466,42,1,291.17
7431,2467,80,3,803.34
7432,2467,83,2,413.04
7433,2467,109,1,677.52
7434,2467,69,4,655.25
7435,2467,66,3,810.21
7436,2468,8,3,728.74
7437,2468,91,4,707.35
7438,2469,56,3,614.64
7439,2470,8,3,728.74
7440,2471,7,4,247.03
7441,2472,23,3,740.38
7442,2472,94,3,138.47
7443,2473,74,2,427.63
7444,2473,106,3,469.58
7445,2473,95,4,581.67
7446,2473,77,4,285.5
7447,2474,116,2,633.37
7448,2474,107,4,314.44
7449,2474,60,1,429.31
7450,2474,108,3,580.83
7451,2474,72,2,590.71
7452,2475,72,3,590.71
7453,2476,33,1,91.79
7454,2477,53,4,283.45
7455,2478,20,4,637.42
7456,2479,2,3,347.53
7457,2479,53,4,283.45
7458,2479,112,1,366.07
7459,2480,51,2,546.45
7460,2480,18,4,160.9
7461,2480,120,3,8.87
7462,2480,111,1,771.64
7463,2481,114,3,302.11
7464,2481,62,3,806.45
7465,2481,17,4,275.07
7466,2482,51,1,546.45
7467,2483,31,3,271.16
7468,2484,102,1,820.54
7469,2484,99,4,734.38
7470,2485,95,2,581.67
7471,2485,82,1,348.27
7472,2486,65,4,238.72
7473,2486,96,4,732.78
7474,2487,43,4,771.67
7475,2488,50,3,125.27
7476,2488,38,1,757.5
7477,2488,46,1,241.39
7478,2488,43,3,771.67
7479,2488,107,0,314.44
7480,2489,38,2,757.5
7481,2489,12,4,853.06
7482,2489,17,3,275.07
7483,2490,50,2,125.27
7484,2491,112,1,366.07
7485,2491,97,2,665.98
7486,2491,58,3,29.56
7487,2491,89,2,627.19
7488,2491,47,2,365.65
7489,2492,86,1,333.09
7490,2493,98,4,299.14
7491,2493,12,2,853.06
7492,2493,51,4,546.45
7493,2493,36,2,421.22
7494,2494,95,1,581.67
7495,2495,10,3,520.23
7496,2495,79,3,-388.97
7497,2495,72,3,590.71
7498,2495,69,1,655.25
7499,2496,2,1,347.53
7500,2496,94,1,138.47
7501,2497,6,2,704.8
7502,2497,70,1,761.64
7503,2497,16,1,864.69
7504,2497,35,1,170.46
7505,2497,3,1,404.17
7506,2498,104,2,828.75
7507,2498,103,2,552.16
7508,2498,76,1,133.18
7509,2498,5,4,183.5
7510,2499,116,4,633.37
7511,2499,56,2,614.64
7512,2499,58,2,29.56
7513,2500,7,3,247.03
7514,2500,59,3,584.4
7515,2953,93,2,540.93
7516,2688,50,1,776.46
7517,2676,1,1,205.55
7518,2970,108,2,671.84
7519,2789,54,3,321.78
7520,2966,116,1,684.31
7521,2800,46,2,766.3
7522,2862,81,1,193.91
7523,2746,74,3,314.09
7524,2629,39,1,834.76
7525,2891,87,2,265.17
7526,2651,51,2,319.77
7527,2870,50,1,788.69
7528,2961,120,3,790.36
7529,2697,102,1,693.12
